0x40a7c3, 148638693, 137754781, 10883912
0x40a807, 137754781, 136856955, 897826
0x40a847, 136856955, 131402582, 5454373
0x40a88b, 131402582, 130392261, 1010321
0x40a8cb, 130392261, 127436175, 2956086
0x40a90f, 127436175, 126792564, 643611
0x40a94f, 126792564, 124463408, 2329156
0x40a993, 124463408, 123978561, 484847
0x40a9d3, 123978561, 122168861, 1809700
0x40aa17, 122168861, 121673314, 495547
0x40aa57, 121673314, 120199365, 1473949
0x40aa9b, 120199365, 119672994, 526371
0x40aadb, 119672994, 118330279, 1342715
0x40ab1f, 118330279, 117860644, 469635
0x40ab5f, 117860644, 116355574, 1505070
0x40aba0, 116355574, 116355467, 107
0x40a78b, 116355574, 116062130, 293444
0x40abb6, 116355467, 116355335, 132
0x40abc4, 116355442, 116355442, 0
0x40b19e, 78757472, 12292527, 66464945
0x40b192, 78629150, 462821, 78166329
0x40b1da, 66464945
0x40abe6, 50841127, 0x40ad2e, 17058402, 0x40af0a, 16992878, 0x40ae1c, 16789847
0x40a468, 50841127, 47984121, 2857006
0x40a4ba, 47984121, 46006002, 1978119
0x40a4fa, 46006002, 44465091, 1540911
0x40a53a, 44465091, 43012417, 1452674
0x40a57a, 43012417, 41119275, 1893142
0x40a5ba, 41119275, 39304409, 1814866
0x40a5fa, 39304409, 37649707, 1654702
0x40a63a, 37649707, 36334229, 1315478
0x40a67a, 36334229, 35243514, 1090715
0x40a6ba, 35243514, 34486590, 756924
0x40a6fa, 34486590, 33911868, 574722
0x40a73a, 33911868, 33340091, 571777
0x40a77a, 33340091, 32576563, 763528
0x40b271, 22311146, 12060799, 10250347
0x405695, 20852410, 4170, 20848240
0x40567e, 20848240, 19, 20848221
0x4056a7, 20848240, 6761020, 14087220
0x40b265, 19728637, 591143, 19137494
0x40cc08, 17456600, 17456580, 20
0x40cc37, 17456580, 358724, 17097856
0x40cc6a, 17097856
0x40cdc1, 17097856, 17097836, 20
0x40ace0, 17058402
0x40ad2e, 17058402, 10187037, 6871365
0x40aebc, 16992878
0x40af0a, 16992878, 10399539, 6593339
0x40ae1c, 16789847, 10168026, 6621821
0x40adce, 16789847
0x4056ce, 14087220, 1419461, 12667759
0x4057c9, 14087220, 14087220, 0
0x40c582, 13487600, 13487076, 524
0x40c5f7, 13487076, 13485317, 1759
0x4056de, 12667759
0x7b9125188d87, 12662772
0x40b252, 12292527, 3173652, 9118875
0x40b325, 12060799, 3045330, 9015469
0x40c857, 11023059, 11023039, 20
0x40c87d, 11023039, 11023039, 0
0x40a7f7, 10883912
0x40ae71, 10399539, 889067, 9510472
0x40b2ad, 10250347
0x40ac95, 10187037, 1132322, 9054715
0x40ad83, 10168026, 960448, 9207578
0x40c2a8, 9121142, 9121127, 15
0x40c2d6, 9121127, 3300290, 5820837
0x40b258, 9118875
0x40b32b, 9015469
0x40c383, 8335458, 8335453, 5
0x40c3b1, 8335453, 4318003, 4017450
0x4053a3, 8180481, 6761020, 1419461
0x40576d, 8180481, 1419461, 6761020
0x40ac74, 8003687
0x40ad62, 7582269
0x40ae50, 7482406
0x40ac67, 7482406, 425297, 7057109
0x40ad36, 6871365
0x40ad39, 6871365, 336437, 6534928
0x4057b8, 6761020, 6761020, 0
0x405779, 6761020, 6761020, 0
0x40ae27, 6621821, 83713, 6538108
0x40ae24, 6621821
0x40af12, 6593339
0x40af15, 6593339, 6593339, 0
0x40c2fe, 5820848, 5819848, 1000
0x40a87b, 5454373
0x40b4ea, 4992808, 4808811, 183997
0x40b432, 4958046, 4781504, 176542
0x40b8d7, 4364144
0x40bcf6, 4364144, 4364124, 20
0x40b9d0, 4364144, 4364124, 20
0x40bbe7, 4364144
0x40c416, 4318005, 4317704, 301
0x40c3d9, 4017453, 4016313, 1140
0x40c33b, 3300294, 3299954, 340
0x40b264, 3173652, 0, 3173652
0x40b337, 3045330, 0, 3045330
0x40b340, 3045330
0x40a8ff, 2956086
0x40a4ab, 2857006
0x40a983, 2329156
0x40cd45, 2167859, 1909074, 258785
0x40a4eb, 1978119
0x40a5ab, 1893142
0x40a5eb, 1814866
0x40aa07, 1809700
0x40a62b, 1654702
0x40a52b, 1540911
0x40ab93, 1505070
0x40aa8b, 1473949
0x40a56b, 1452674
0x40c9c1, 1441527, 436478, 1005049
0x40c9d0, 1441527, 0x4109c5, 27756, 0x411ef1, 27739, 0x411e8e, 27739, 0x411e2b, 27739, 0x411dc8, 27739, 0x411d65, 27739, 0x411d02, 27739, 0x411c9f, 27739, 0x411bd9, 27739, 0x411b76, 27739
0x40c94c, 1441527
0x4053e0, 1419461, 1419461, 0
0x4053ec, 1419461, 521220, 898241
0x405787, 1419461, 1, 1419460
0x405388, 1419461
0x4057a1, 1419461
0x405795, 1419460
0x40ab0f, 1342715
0x40a66b, 1315478
0x40b88c, 1310740, 1310720, 20
0x40c1fa, 1310720, 1305600, 5120
0x40c48a, 1310720, 1305600, 5120
0x40bb62, 1310720, 1310700, 20
0x40c05a, 1310720, 5120, 1305600
0x40c066, 1305600, 652800, 652800
0x40c18c, 1305600, 1300500, 5100
0x40ad38, 1132322, 84981, 1047341
0x40b02f, 1102415, 1102415, 0
0x40b03f, 1102415, 474264, 628151
0x40a6ab, 1090715
0x40a7b4, 1056972
0x40a8bc, 1010321
0x40ae26, 960448, 16150, 944298
0x40ac2d, 946578, 572300, 374278
0x40ac68, 946578, 0, 946578
0x40ac4b, 946578
0x40540d, 898241, 372400, 525841
0x40a838, 897826
0x405626, 893621, 0x4057a1, 893620, 0x40564e, 1
0x40af14, 889067, 889067, 0
0x40b812, 863645, 852401, 11244
0x40af49, 846715, 504046, 342669
0x40a6eb, 756924
0x40ccff, 669863
0x40cc81, 669863, 282483, 387380
0x40d452, 666144, 555120, 111024
0x40ed01, 666144, 387382, 278762
0x40c09c, 652800, 641556, 11244
0x40a940, 643611
0x40b081, 628151, 591143, 37008
0x40ccf9, 618961, 258953, 360008
0x40cc8b, 618961
0x40b0d4, 591143
0x40b3b7, 591143, 250014, 341129
0x40af61, 591143, 518233, 72910
0x40b174, 591143, 0, 591143
0x40b338, 591143, 591143, 0
0x40b334, 591143
0x40a72b, 574722
0x40a76b, 571777
0x40afb1, 542476, 0x40b174, 542476
0x40aacc, 526371
0x405416, 525841, 525840, 1
0x405530, 525840
0x40561b, 525840, 0x4057a1, 525840
0x40544f, 521220
0x40af91, 518233, 451079, 67154
0x40b087, 511272
0x40b0c1, 511272, 0, 511272
0x40abe8, 511272, 136994, 374278
0x40b0cf, 511272
0x40aa48, 495547
0x40a9c4, 484847
0x40ab50, 469635
0x40b261, 462821
0x405a13, 444596, 20, 444576
0x405a29, 444576, 444576, 0
0x405a00, 444576, 79, 444497
0x40c95d, 444574, 8096, 436478
0x40af42, 425297
0x40af45, 421418
0x40ccc3, 409537, 99682, 309855
0x40ed2f, 387382, 305127, 82255
0x40af5a, 374278, 0x40b0c1, 374278
0x40af4d, 374278, 374278, 0
0x40ac31, 374278, 374278, 0
0x40ac42, 374278
0x40af57, 374278
0x40ac24, 374278
0x4054aa, 372400
0x4181dd, 362512, 318832, 43680
0x40cc73, 358744, 109, 358635
0x40cd53, 358744, 258785, 99959
0x40cd58, 358744, 358744, 0
0x40cc7d, 358635, 127054, 231581
0x40cd16, 358635
0x40b3c0, 341129
0x40ed16, 278762, 249993, 28769
0x40b560, 250014, 183997, 66017
0x40b4ae, 250014
0x40b3f9, 250014
0x40b566, 250014, 65996, 21
0x40b4a8, 250014, 176542, 73472
0x417f20, 185757, 2737, 183020
0x40b5fa, 183997, 70191, 113806
0x417f28, 183020, 119708, 63312
0x417ffe, 179618, 3554, 176064
0x417f0c, 179387, 36350, 143037
0x417f82, 179387
0x418006, 176064, 111896, 64168
0x40b764, 173596, 173596, 0
0x418060, 170612
0x417fea, 170612, 33234, 137378
0x40b68a, 166810, 90392, 76418
0x40af59, 136994, 0x40b0c1, 136994
0x40b664, 136187, 54265, 81922
0x417f5d, 122445, 3096, 119349
0x41803b, 115450, 8014, 107436
0x40b60a, 113827, 28924, 84882
0x40d46d, 111024, 0, 111024
0x40d465, 111024, 111024, 0
0x40d41b, 111024, 110956, 68
0x40ed33, 111024, 111024, 0
0x40ed82, 111024, 68, 110956
0x40d405, 111024, 80, 110944
0x40ed3b, 111024, 0, 111024
0x40d477, 111024, 68, 110956
0x4103c2, 111024
0x40ecea, 111024
0x40e24d, 110956
0x40e13f, 110956
0x40dbf4, 110956
0x40e8a9, 110956
0x40d598, 110956
0x40e799, 110956
0x40eac7, 110956
0x40e9b5, 110956
0x40ebd5, 110956
0x40e688, 110956
0x40e46e, 110956
0x40e35e, 110956
0x40ed97, 110956
0x40d48c, 110956
0x40e579, 110956
0x40d6a9, 110956
0x40d449, 110956
0x40e02f, 110956
0x40d7b9, 110956
0x40d8c9, 110956
0x40d9d3, 110956
0x40dae4, 110956
0x40dd04, 110956
0x40de0e, 110956
0x40df1f, 110956
0x40af9a, 107802, 59135, 48667
0x40af48, 99863, 68254, 31609
0x40b6e4, 83204, 83204, 0
0x410223, 82240
0x40ff38, 82240
0x40fd40, 82240
0x40f56a, 82240
0x40f27c, 82240
0x40f955, 82240
0x40ee92, 82240
0x40f375, 82240
0x40f46f, 82240
0x40f666, 82240
0x40f760, 82240
0x40f85a, 82240
0x40fa4f, 82240
0x40fb4a, 82240
0x40fc44, 82240
0x40fe39, 82240
0x41012a, 82240
0x40f17f, 82240
0x410322, 82240
0x40f085, 82240
0x41002e, 82240
0x40ef88, 82240
0x40b70a, 76418, 39330, 0
0x40af7c, 72910, 32262, 40648
0x4182c2, 69797, 58877, 10920
0x418037, 64168, 992, 63176
0x417f59, 63312, 3274, 60038
0x4182f7, 58877, 58230, 647
0x40afaa, 48667, 0x40b174, 48667
0x417e72, 43680, 13680, 30000
0x418227, 43680, 43200, 480
0x418200, 43680, 43680, 0
0x4181f0, 43680, 43680, 0
0x417e99, 43680, 43200, 480
0x40d289, 43680, 43200, 480
0x417e1b, 43680
0x4181ce, 43680
0x417d82, 43680, 30793, 12887
0x418083, 43200
0x418195, 43200, 42720, 480
0x417fa5, 43200, 960, 42240
0x417ed7, 43200, 480, 42720
0x41816e, 43200, 6458, 36742
0x40b79a, 37085, 37085, 0
0x417e55, 36120, 22440, 13680
0x40bf53, 32002, 11742, 20260
0x417dc3, 30793, 30393, 400
0x40f457, 28716
0x40f841, 28716
0x40f746, 28716
0x40ee76, 28716
0x40f06c, 28716
0x40f35d, 28716
0x40f166, 28716
0x40f261, 28716
0x41020b, 28716
0x40f64c, 28716
0x40f93b, 28716
0x40fd25, 28716
0x40fe21, 28716
0x40ff1a, 28716
0x40fb30, 28716
0x40ef73, 28716
0x410305, 28716
0x410019, 28716
0x40fa37, 28716
0x410112, 28716
0x40fc2f, 28716
0x40f551, 28716
0x410bba, 27756, 20, 27736
0x4105b7, 27756, 27736, 20
0x4120fb, 27756
0x41096a, 27756
0x4109c5, 27756, 27736, 20
0x410990, 27756, 6892, 20864
0x4109ac, 27756
0x4105ab, 27756, 6892, 20864
0x410c24, 27756, 0, 27756
0x410bd0, 27756, 27739, 17
0x410c2e, 27756, 17, 27739
0x410547, 27756
0x411924, 27739
0x410ded, 27739
0x411987, 27739
0x4116d2, 27739
0x4118c1, 27739
0x410bfe, 27739, 27739, 0
0x4114e3, 27739
0x411480, 27739
0x410d27, 27739
0x411105, 27739
0x4113ba, 27739
0x4115a9, 27739
0x411ab0, 27739
0x41166f, 27739
0x410c43, 27739
0x411f54, 27739
0x41201a, 27739
0x411357, 27739
0x4111cb, 27739
0x4119ea, 27739
0x411735, 27739
0x410fdc, 27739
0x4112f4, 27739
0x411e8e, 27739
0x41141d, 27739
0x410d8a, 27739
0x410eb3, 27739
0x410e50, 27739
0x411291, 27739
0x41122e, 27739
0x411c3c, 27739
0x41160c, 27739
0x411798, 27739
0x411546, 27739
0x410f16, 27739
0x411e2b, 27739
0x410f79, 27739
0x4117fb, 27739
0x411168, 27739
0x411a4d, 27739
0x411b13, 27739
0x411bd9, 27739
0x411c9f, 27739
0x411d02, 27739
0x4110a2, 27739
0x411d65, 27739
0x411ef1, 27739
0x411fb7, 27739
0x411dc8, 27739
0x411b76, 27739
0x41185e, 27739
0x41103f, 27739
0x7b9125188c20, 27333, 23772, 3561
0x40bf06, 22020
0x40bfff, 20260
0x40c002, 20260, 20160, 100
0x417da5, 12887
0x417dc8, 12887, 12807, 80
0x40bf1d, 11742, 1760, 9982
0x40afb7, 11244
0x40c0f1, 11244, 11244, 0
0x40b81c, 11244, 0x40c16c, 11244
0x40c131, 11244
0x40c16c, 11244, 0, 11244
0x4182da, 10920, 10800, 120
0x41060f, 10920, 10333, 587
0x40cf87, 10920, 10800, 120
0x410b3f, 10920, 10800, 120
0x410a98, 10920, 2397, 8523
0x410aef, 10920, 2047, 8873
0x410b26, 10920
0x40d1a1, 10920, 440, 10480
0x410ad0, 10920
0x4106e7, 10702, 10582, 120
0x40d1a9, 10480, 8660, 1820
0x41067b, 10333, 10235, 98
0x40ec7c, 9384, 7820, 1564
0x40d1e6, 9100, 9000, 100
0x7b9125188a8d, 8470, 8386, 84
0x7b912508e860, 8447, 8447, 0
0x4010f0, 8447, 0x7b912508e860, 8446, 0x4010f6, 1
0x7b912508e910, 8447, 0x4017c4, 4170, 0x407f03, 4170, 0x408063, 95, 0x408346, 4, 0x408399, 1, 0x4083bb, 1, 0x4018d2, 1, 0x401715, 1, 0x4081d1, 1, 0x4016fe, 1
0x7b9125188b40, 8386, 4120, 4266
0x418151, 7360, 902, 6458
0x40d2e7, 7280, 7200, 80
0x41057a, 7211, 319, 6892
0x410973, 7211
0x41098c, 7211, 319, 6892
0x40cade, 5120, 3340, 1780
0x404fa5, 5120, 5100, 20
0x40c27f, 5120
0x4107aa, 5120, 3340, 1780
0x40be99, 5120, 5100, 20
0x40c1f1, 5120
0x40c33f, 5120, 1340, 3780
0x40c03f, 5120
0x40c1c9, 5120, 5120, 0
0x40c1d6, 5120, 5120, 0
0x40c481, 5120
0x40c1c5, 5120, 5100, 20
0x40c272, 5120, 5120, 0
0x40c41a, 5120, 1441, 3679
0x40c42f, 5120, 5120, 0
0x40c4db, 5120, 5120, 0
0x40c4e4, 5120, 20, 5100
0x40c623, 5120, 5100, 20
0x40c354, 5120
0x40c577, 5100
0x40c5fb, 5100, 1760, 3340
0x40c601, 5100, 5100, 0
0x40c562, 5100, 19, 5081
0x40c4fe, 5100
0x7b912511ba91, 5091, 0, 5091
0x7b91250938bd, 5091
0x7b912511ba80, 5091, 0, 5091
0x7b91250938b0, 5091, 0, 5091
0x7b912511ba8d, 5091
0x7b912511ba99, 5091, 0x7b91250927a5, 4171, 0x7b9125093e05, 920
0x7b9125093d9e, 5082, 4162, 920
0x7b9125093d7c, 5082, 4170, 912
0x7b9125093d91, 5082, 0, 5082
0x7b9125093d68, 5073, 4161, 912
0x7b9125028430, 4358, 0x7b9125188a40, 4358
0x7b9125188a40, 4358
0x7b9125188a87, 4358, 25, 4333
0x7b9125188b4d, 4266, 3868, 398
0x405cb8, 4251, 4247, 4
0x405ca1, 4250, 4250, 0
0x405c4a, 4250, 4189, 61
0x405aea, 4250, 4171, 79
0x405c64, 4250, 4250, 0
0x405ac7, 4250
0x405c62, 4250, 0x405d06, 4246, 0x405e34, 4
0x405c56, 4250
0x405c84, 4250, 4250, 0
0x405e8f, 4250, 0x407fc2, 4246, 0x40829f, 4
0x405cf4, 4247, 1, 4246
0x405d06, 4246, 0, 4246
0x407ff8, 4246, 4151, 95
0x405cfa, 4246
0x40808f, 4246, 76, 4170
0x405d1b, 4246
0x407fc2, 4246, 4246, 0
0x405d0f, 4246
0x4059ec, 4190, 0x405ba8, 4190
0x405b8c, 4190, 0, 4190
0x405b9c, 4190
0x40565c, 4190, 1, 4189
0x405ba8, 4190, 4189, 1
0x40567c, 4189
0x405bfc, 4189, 4170, 19
0x40567f, 4189, 0, 4189
0x7b9125092640, 4172, 1, 4171
0x7b912509264e, 4171, 0, 4171
0x4016a6, 4171, 4170, 1
0x7b9125094f9a, 4171, 0, 4171
0x7b912508f040, 4171, 10, 4161
0x7b912509275f, 4171, 0, 4171
0x7b9125092796, 4171, 0x7b91250938b0, 4171
0x7b9125092750, 4171
0x40168e, 4171
0x7b9125092678, 4171, 1, 4170
0x7b912508ef70, 4171, 4171, 0
0x7b9125094fa1, 4171, 4171, 0
0x7b912509266a, 4171, 0, 4171
0x7b9125094f50, 4171, 4171, 0
0x401180, 4171, 0x7b912508ef70, 4170, 0x401186, 1
0x7b9125094fb3, 4171, 0x7b912509275f, 4171
0x40178b, 4171, 1, 4170
0x7b91250927a5, 4171, 1, 4170
0x7b9125086425, 4170, 0, 4170
0x401110, 4170, 0x7b9125086400, 4169, 0x401116, 1
0x4059e2, 4170
0x407e7a, 4170, 0, 4170
0x4016b6, 4170
0x4017c4, 4170, 0, 4170
0x7b9125093e60, 4170
0x7b91250888b0, 4170
0x7b912508648d, 4170
0x407eb6, 4170, 4170, 0
0x407f03, 4170, 4170, 0
0x4080a1, 4170, 0, 4170
0x7b9125086520, 4170
0x7b91250864b6, 4170, 0, 4170
0x407e81, 4170, 4170, 0
0x7b9125093d4a, 4170, 0, 4170
0x7b91250864a3, 4170, 0, 4170
0x40177b, 4170
0x4080a8, 4170, 0, 4170
0x407ef4, 4170
0x4080db, 4170, 0x4017ef, 4170
0x407f36, 4170, 4170, 0
0x7b9125095fe0, 4170, 0, 4170
0x4017ef, 4170, 4170, 0
0x7b91250927aa, 4170, 4170, 0
0x4080b9, 4170
0x7b91250864be, 4170, 4169, 1
0x405c41, 4170
0x4017cc, 4170, 0, 4170
0x7b9125092683, 4170, 4170, 0
0x7b9125086400, 4170, 0, 4170
0x407f6b, 4170
0x407f8a, 4170
0x7b91250927c5, 4170, 0x7b9125093ec0, 4161, 0x7b91250955d2, 9
0x7b91250887dd, 4170, 4170, 0
0x401240, 4170, 0x7b91250887d0, 4169, 0x401246, 1
0x7b91250887d0, 4170, 0, 4170
0x7b9125095ffc, 4170, 4170, 0
0x4016c7, 4170, 0x40178b, 4170
0x7b912508649b, 4170, 0, 4170
0x7b9125096040, 4170
0x7b912509602b, 4170, 0x4016c7, 4170
0x7b9125095800, 4170, 0, 4170
0x407e2e, 4170, 0, 4170
0x7b9125095829, 4170, 0x7b9125093d20, 4170
0x40178f, 4170
0x405c2f, 4170, 0, 4170
0x407e65, 4170, 0, 4170
0x4017b2, 4170
0x7b9125086439, 4170, 0, 4170
0x7b912508645a, 4170, 4170, 0
0x7b9125093d20, 4170, 0, 4170
0x7b9125093d61, 4170, 0, 4170
0x4017d2, 4170
0x407e54, 4170, 0, 4170
0x7b9125093e6e, 4170, 4170, 0
0x7b91250864dd, 4169, 0x4017b2, 4169
0x7b91250864f0, 4169
0x7b91250950d2, 4162, 0, 4162
0x7b9125093eb8, 4162
0x7b9125095150, 4162, 4162, 0
0x7b912509512a, 4162, 0x7b9125092640, 4162
0x7b91250950f7, 4162, 4162, 0
0x7b91250950dd, 4162, 0, 4162
0x7b9125095140, 4162, 4162, 0
0x7b9125093ec0, 4162, 4161, 1
0x7b91250950ee, 4162, 0, 4162
0x7b91250950b0, 4162, 4162, 0
0x7b912509510a, 4162, 0, 4162
0x7b9125093eab, 4161
0x7b912508f04e, 4161, 0x4016a6, 4161
0x7b9125188a80, 4161, 24, 4137
0x7b91250286b0, 4161, 0x7b9125188a80, 4161
0x7b9125093ea0, 4161
0x7b9125093e38, 4161, 0x7b912508649b, 4161
0x7b9125188d89, 4120, 0x7b9125093e6e, 2021, 0x7b9125093eab, 2011, 0x7b9125093a40, 46, 0x7b91250956b0, 42
0x7b9125188d6d, 4120
0x7b9125188d5b, 4120, 0, 4120
0x7b9125188d4f, 4120, 0, 4120
0x7b9125188d64, 4120, 0, 4120
0x7b9125188d40, 4120, 0, 4120
0x7b9125188bd1, 3868, 265, 3603
0x7b9125188bc4, 3868, 0, 3868
0x7b9125188bb5, 3868, 0, 3868
0x7b9125188beb, 3603, 3561, 42
0x7b9125188c53, 3603, 0x7b9125093e6e, 1889, 0x7b9125093eab, 1629, 0x7b9125093a40, 46, 0x7b91250956b0, 39
0x4107d9, 3340, 3120, 220
0x40cb1d, 3340, 3320, 20
0x410a92, 2733
0x410a99, 2733, 336, 2397
0x410a79, 2733
0x4108ce, 2560, 2400, 160
0x410878, 2560, 780, 1780
0x410aeb, 2272, 225, 2047
0x410ad2, 2272
0x7b9125188ca0, 2035, 1770, 265
0x40d0a4, 1840, 120, 1720
0x40d0ca, 1840, 1840, 0
0x40d219, 1820, 1800, 20
0x40d1b1, 1820
0x40cb9a, 1820, 1800, 20
0x4107cc, 1780, 1680, 100
0x40caf3, 1780, 1780, 0
0x4108b3, 1780
0x40cbd8, 1780, 1760, 20
0x41089a, 1780
0x40c001, 1760, 1760, 0
0x7b913990b428, 1663, 617, 1046
0x41034b, 1564, 1496, 68
0x40ecd2, 1564, 1564, 0
0x40ecda, 1564, 1496, 68
0x40ec59, 1564
0x7b9139906f01, 1079, 957, 122
0x7b913990b42c, 1066, 1035, 31
0x7b9125093e0e, 920, 920, 0
0x7b9125093e2b, 920, 912, 8
0x7b9125093dae, 920, 0, 920
0x7b9125093e05, 920, 0, 920
0x7b9125093dfa, 920, 0x7b91250938b0, 920
0x7b9125093db8, 920, 0, 920
0x7b9125093d85, 912, 0, 912
0x7b9139911980, 902, 22, 880
0x7b913991199d, 902, 682, 220
0x7b9139911993, 902, 0, 902
0x7b913990712c, 894, 816, 78
0x7b9139907120, 816, 67, 749
0x4108b5, 780
0x4182fb, 767, 767, 0
0x4182b9, 767
0x418303, 767, 647, 120
0x40badb, 680, 660, 20
0x7b913990b42f, 628, 628, 0
0x410646, 587, 467, 120
0x7b913990661d, 575, 0, 575
0x7b913990662b, 575, 563, 12
0x7b9139906639, 572, 572, 0
0x7b913990659a, 572, 567, 5
0x7b9139906590, 572, 0, 572
0x7b9139906651, 572, 572, 0
0x7b91399065c2, 567, 137, 430
0x40c5d5, 524, 523, 1
0x418236, 480, 480, 0
0x417eac, 480, 480, 0
0x417d54, 480
0x4104cf, 480, 400, 80
0x40d280, 480
0x40d25b, 480, 400, 80
0x417ebb, 480, 480, 0
0x40d2bd, 480, 480, 0
0x40d2c5, 480, 400, 80
0x417dd6, 480, 480, 0
0x417de1, 480
0x4181a4, 480, 480, 0
0x4181ae, 480, 480, 0
0x418291, 480, 0x4104cf, 480
0x41822b, 480, 480, 0
0x4181c1, 480
0x410471, 480
0x7b9139906610, 437, 7, 430
0x7b91399065dd, 435, 144, 291
0x7b9125188b56, 398, 131, 267
0x4120eb, 391, 374, 17
0x41202a, 391
0x7b91399234e0, 388, 103, 285
0x7b9139906390, 362, 212, 150
0x4108d8, 320, 300, 20
0x41085e, 320, 160, 160
0x410794, 320
0x41084b, 320, 300, 20
0x4107dd, 320, 320, 0
0x410806, 320, 160, 160
0x4107e3, 320, 300, 20
0x7b913990687c, 314, 177, 137
0x7b91250487f8, 308, 14, 294
0x7b9125048806, 308, 304, 4
0x7b9139924900, 301, 0x7b91399064c3, 132, 0x7b91399063ff, 59, 0x7b91399083c4, 37, 0x7b913990839a, 34, 0x7b9139911f8c, 18, 0x7b91399053eb, 10, 0x7b9139907dc5, 3, 0x7b9139904d3f, 3, 0x7b9139912795, 3, 0x7b9139911fb7, 1
0x7b913991026e, 295
0x7b91399234f5, 285, 29, 256
0x7b9139911e74, 270, 21, 249
0x7b9139911e8c, 270, 270, 0
0x7b9139911e7f, 270, 0, 270
0x7b9125188b64, 267, 0x7b9125093eab, 131, 0x7b9125093e6e, 130, 0x7b9125093a40, 4, 0x7b91250956b0, 2
0x7b9125188c75, 265, 265, 0
0x7b9125188cd3, 265, 0x7b9125093eab, 260, 0x7b91250956b0, 5
0x7b91399234fa, 256, 235, 21
0x7b913990674b, 225
0x7b913990677c, 225, 221, 4
0x7b9139906454, 224, 0x7b913990677c, 221, 0x7b91399068c9, 3
0x7b9139906738, 221, 106, 115
0x7b91399119a9, 220, 216, 4
0x4106b2, 218, 218, 0
0x7b91399064d9, 212, 0, 212
0x7b91399064e3, 212
0x7b91399064d0, 212, 0, 212
0x7b9139911930, 185, 163, 22
0x7b9139906870, 180, 5, 175
0x7b913990bb8b, 171, 166, 5
0x7b913990b9a0, 166, 47, 119
0x7b9139911920, 163, 0, 163
0x410832, 160
0x41086f, 160
0x410830, 160
0x4108d2, 160, 160, 0
0x410817, 160
0x7b913990b5fd, 159, 159, 0
0x7b913990b5f0, 159, 2, 157
0x7b913990b5d0, 159, 0, 159
0x7b913990b5e0, 159, 0, 159
0x7b91399063cc, 150, 0, 150
0x7b91399063ec, 150, 62, 88
0x7b9139907273, 145, 0x7b913990bae3, 99, 0x7b913990ebfc, 37, 0x7b9139919438, 4, 0x7b913991e09e, 1, 0x7b913991e12d, 1, 0x7b913991e010, 1, 0x7b913991df83, 1, 0x7b913991def4, 1
0x7b9139907110, 145, 0, 145
0x7b9139907148, 145, 7, 138
0x7b91399070d0, 145, 0, 145
0x7b91399071d0, 145
0x7b9139906530, 145
0x7b9139907185, 145, 0, 145
0x7b9139907170, 145, 0, 145
0x7b913990718e, 145
0x7b91399071fc, 145, 7, 138
0x7b9139907204, 145, 7, 138
0x7b9139906818, 144, 5, 139
0x7b9139906407, 141, 0, 141
0x7b9139906413, 141, 5, 136
0x7b9139906831, 139
0x7b91399067d6, 138, 19, 119
0x7b9139907266, 138, 0, 138
0x7b9139907221, 138, 4, 134
0x7b91399067c8, 138, 0, 138
0x7b9139906451, 138, 0x7b91399068c9, 134, 0x7b913990677c, 4
0x7b9139906785, 138, 0, 138
0x7b9139907230, 138, 0, 138
0x7b91399067cd, 138, 0, 138
0x7b91399067f5, 138, 0x7b91399071fc, 138
0x7b913990724a, 138, 1, 137
0x7b9139907166, 138, 0, 138
0x7b9139906ea5, 137, 0, 137
0x7b9139906ebc, 137, 0, 137
0x7b91399066ee, 137, 27, 110
0x7b9139906e87, 137, 0, 137
0x7b91399068c9, 137, 134, 3
0x7b91399066d0, 137, 137, 0
0x7b9139906e99, 137, 0, 137
0x7b9139906888, 137
0x7b9139912641, 137, 3, 134
0x7b9139906ed3, 137, 8, 129
0x7b913990641c, 136, 133, 3
0x7b913992355a, 136, 49, 87
0x7b9139907226, 134, 0, 134
0x7b913991264d, 134, 0, 134
0x7b9139912655, 134, 22, 112
0x7b91399064c3, 133, 133, 0
0x7b91399064b8, 133
0x40abbe, 132, 132, 0
0x7b9139923540, 132, 15, 117
0x7b9125188b11, 131, 0x7b9125093eab, 65, 0x7b9125093e6e, 65, 0x7b91250956b0, 1
0x40ca9a, 130
0x40cac0, 130, 0x41230f, 20, 0x412320, 20, 0x4122fe, 20, 0x412331, 20, 0x412353, 20, 0x412342, 20, 0x4123ce, 1, 0x412423, 1, 0x412401, 1, 0x412412, 1
0x7b9139906f22, 129
0x7b9139906eea, 129, 7, 122
0x7b91250a9e38, 126, 125, 1
0x7b913990ba09, 124, 0, 124
0x7b913990ba13, 124, 0, 124
0x7b913990b9fb, 124, 0, 124
0x7b913990bb40, 124, 0x7b913990bb74, 78, 0x7b913990bfd0, 19, 0x7b913990c010, 16, 0x7b913990bb70, 8, 0x7b913990bef0, 3
0x7b913990ba1c, 124, 18, 106
0x7b913990bb3a, 124, 0, 124
0x40d198, 120
0x418294, 120
0x40d0d5, 120, 60, 60
0x40d21d, 120, 120, 0
0x40cfba, 120, 120, 0
0x4105f5, 120
0x410b4f, 120, 100, 20
0x410a2a, 120
0x4106f7, 120, 120, 0
0x41830a, 120, 120, 0
0x41077b, 120, 100, 20
0x40cf7e, 120
0x40d229, 120, 100, 20
0x410b43, 120, 120, 0
0x4106eb, 120, 120, 0
0x410a6d, 120
0x410707, 120, 120, 0
0x40cfc2, 120, 100, 20
0x40d084, 120
0x40d0c2, 120, 0, 120
0x418312, 120, 0x41077b, 120
0x410717, 120
0x41051e, 120, 100, 20
0x7b91399067e5, 119, 0, 119
0x7b91399067ed, 119, 0, 119
0x7b913990bb23, 117, 117, 0
0x7b913991265d, 112, 112, 0
0x7b9139906970, 111, 111, 0
0x7b9139906700, 110
0x7b9125093975, 109, 0, 109
0x7b91250939c0, 109, 0x7b9125092571, 91, 0x7b9125093bda, 18
0x7b912511c5a4, 109, 0, 109
0x7b9125093985, 109, 109, 0
0x7b9125093970, 109
0x40cd1e, 109
0x7b912511c5ac, 109, 0x7b9125093975, 109
0x7b912509397a, 109, 109, 0
0x7b91250939d0, 109
0x7b91250939aa, 109, 109, 0
0x7b9125093940, 109, 0, 109
0x7b912511c590, 109, 0, 109
0x7b912509395b, 109
0x7b912511c59d, 109
0x7b91398fef0a, 108, 104, 4
0x7b91398fed50, 107, 105, 2
0x40abb0, 107, 107, 0
0x7b913990ba2e, 106, 0, 106
0x7b913990ba43, 106, 7, 99
0x7b91398fef90, 105, 105, 0
0x40d129, 100, 100, 0
0x40c022, 100, 80, 20
0x40c015, 100, 100, 0
0x40bee1, 100
0x4040c7, 100, 99, 1
0x405b06, 99, 79, 20
0x7b9125086965, 99, 0, 99
0x7b913990baaa, 99, 0, 99
0x7b913990bab8, 99
0x7b9125086a22, 99, 99, 0
0x7b91250939fd, 99, 0, 99
0x7b913990ba5a, 99, 1, 98
0x7b9125093a4d, 99, 0x7b9125086a12, 99
0x7b913990ba50, 99, 0, 99
0x7b913990bb11, 99, 0, 99
0x7b9125086a7c, 99
0x7b9125086a30, 99, 0x408049, 95, 0x40832c, 4
0x4059f2, 99
0x4012d0, 99, 0x7b9125086940, 98, 0x4012d6, 1
0x7b9125086a78, 99, 0, 99
0x7b9125086940, 99, 0, 99
0x7b912508699a, 99, 99, 0
0x7b9125086a02, 99, 0x7b91250939e0, 99
0x7b91250939e0, 99, 0, 99
0x7b91250869cd, 99, 98, 1
0x7b9125086a65, 99, 0, 99
0x7b913990bae3, 99, 7, 92
0x7b9125086a12, 99, 99, 0
0x405a01, 99, 0, 99
0x405afa, 99
0x7b9125086b00, 99
0x7b9125093a13, 99, 1, 98
0x7b9125086979, 99, 0, 99
0x7b91250869e1, 98, 0, 98
0x7b913990ba69, 98, 3, 95
0x7b9125093a1c, 98
0x7b9125086a48, 98, 98, 0
0x7b9125093a40, 98, 90, 8
0x408054, 95
0x7b9139912343, 95, 95, 0
0x7b913991230f, 95, 5, 90
0x408049, 95, 0, 95
0x408063, 95, 95, 0
0x40800d, 95
0x7b913990ba75, 95, 95, 0
0x7b91399248e5, 94, 34, 60
0x7b913990bb74, 94, 16, 78
0x7b91250924c0, 93, 91, 2
0x7b91250925e8, 91
0x7b9125093ab8, 91, 0, 91
0x7b9125095600, 91, 0, 91
0x7b91250924d0, 91, 0, 91
0x7b9125093aea, 91
0x7b9125092504, 91, 91, 0
0x7b9125095692, 91, 1, 90
0x7b9125092585, 91, 91, 0
0x7b9125093ad6, 91, 0, 91
0x7b91250925a9, 91, 0x7b9125093aaf, 90, 0x7b91250930c0, 1
0x7b9125095624, 91
0x7b91250956e4, 91, 0x7b9125093aea, 91
0x7b9125092ec9, 91
0x7b9125093adb, 91
0x7b9125092e0e, 91, 1, 90
0x7b9125092df0, 91, 0, 91
0x7b9125093aa4, 91, 0x7b9125092df0, 91
0x7b9125093aaf, 91, 0, 91
0x7b9125095649, 91, 91, 0
0x7b9125095685, 91, 0, 91
0x7b91250925e0, 91, 0, 91
0x7b9125092552, 91, 0, 91
0x7b9125093ac6, 91, 18, 73
0x7b9125092564, 91, 0x7b9125093940, 91
0x7b9125092571, 91, 91, 0
0x7b91250956b0, 90
0x7b91399121f0, 90, 86, 4
0x7b9125092e1a, 90, 0, 90
0x7b91250956a2, 90
0x7b9125092e23, 90, 90, 0
0x7b9125093a83, 90, 0, 90
0x7b913990b8f7, 89, 0, 89
0x7b913990b901, 89, 88, 1
0x7b91399063ff, 88, 9, 79
0x7b913990b8e8, 88, 0, 88
0x7b91399063f1, 88
0x7b913992355c, 87, 0x7b91399242a0, 16, 0x7b91399243e0, 13, 0x7b91399239e0, 11, 0x7b9139923b20, 8, 0x7b9139924020, 6, 0x7b9139924660, 6, 0x7b9139923ee0, 6, 0x7b9139924520, 6, 0x7b9139923c60, 6, 0x7b91399247a0, 5
0x7b91399248f2, 87, 0x7b91399063ff, 29, 0x7b91399083c4, 24, 0x7b913990839a, 20, 0x7b91399053eb, 7, 0x7b9139911f8c, 3, 0x7b9139907d8a, 3, 0x7b91399064c3, 1
0x7b91399043af, 85, 61, 24
0x7b9139914c05, 84, 0, 84
0x7b9139914c07, 84, 12, 72
0x7b9125188a9b, 84, 0x7b9125093eab, 41, 0x7b9125093e6e, 41, 0x7b9125093a40, 1, 0x7b91250956b0, 1
0x7b913990439e, 82, 3, 79
0x40d2d1, 80, 0, 80
0x40d277, 80
0x410468, 80
0x4104d3, 80, 80, 0
0x40d3f0, 80, 0, 0
0x40d3e4, 80, 80, 0
0x4103d0, 80, 80, 0
0x40bec9, 80, 60, 20
0x40d415, 80, 0, 80
0x40d2db, 80
0x40d26f, 80, 80, 0
0x40d252, 80
0x40d2c9, 80, 80, 0
0x4104db, 80, 60, 20
0x405c43, 79
0x7b91250ace90, 79
0x405abd, 79
0x405ac1, 79, 0x405b06, 79
0x407f89, 76
0x7b9139914c0f, 72, 72, 0
0x410343, 68
0x40d436, 68
0x40ec4e, 68
0x40ecde, 68, 68, 0
0x4103ba, 68, 68, 0
0x7b9139907350, 67
0x4011c0, 67, 0x7b912518b010, 66, 0x4011c6, 1
0x7b912518b010, 67, 4, 63
0x7b912518b02b, 63, 0, 63
0x7b913990bc05, 63, 16, 47
0x7b912518b043, 63, 0x4048bb, 3, 0x404868, 3, 0x404815, 3, 0x404841, 3, 0x4047a0, 3, 0x40477e, 3, 0x40488f, 3, 0x404736, 3, 0x4046eb, 3, 0x40428e, 3
0x7b91399083b9, 61
0x7b91399083c4, 61, 52, 9
0x405c50, 61, 0, 61
0x7b91399196b1, 61, 60, 1
0x40d0dd, 60, 0, 60
0x40d0e5, 60, 20, 40
0x7b9139903288, 60, 59, 1
0x7b91399196c8, 60, 59, 1
0x7b91399196a8, 60, 60, 0
0x40ce64, 59
0x7b91399196a0, 59
0x40cde6, 59, 34, 25
0x7b91399248e0, 59, 32, 27
0x7b9139900379, 58, 51, 7
0x7b9139908380, 54
0x7b913990839e, 54, 54, 0
0x7b913990839a, 54, 0, 54
0x7b91399083b0, 52, 45, 7
0x7b913991a228, 52
0x7b9139900370, 51, 0, 51
0x7b9125188ab0, 49, 32, 17
0x7b9139923563, 49, 0x7b9139924660, 12, 0x7b9139924020, 8, 0x7b9139924520, 7, 0x7b9139923620, 6, 0x7b91399247a0, 4, 0x7b91399243e0, 4, 0x7b91399242a0, 3, 0x7b9139923da0, 2, 0x7b9139923c60, 1, 0x7b9139923b20, 1
0x7b913990c150, 47, 47, 0
0x7b913990bd4c, 47, 45, 2
0x7b913990bd2b, 47, 47, 0
0x7b913990bc0e, 47, 47, 0
0x7b913990bd42, 47, 0x7b91250ca8e0, 2, 0x7b91250b5070, 2, 0x7b91250d8eb0, 2, 0x7b91250d8fe0, 2, 0x7b91250b5300, 1, 0x7b9125137510, 1, 0x7b91250d8f30, 1, 0x7b91250b4fb0, 1, 0x7b91250b4ce0, 1, 0x7b91250ca880, 1
0x7b913990c0f8, 47
0x7b9139922b80, 45, 43, 2
0x7b91399083d8, 45, 0x7b91399053a4, 23, 0x7b9139911d88, 22
0x7b91252ab24e, 43, 1, 42
0x7b91252ab263, 42, 42, 0
0x7b91252ab238, 42, 0, 42
0x40ce5e, 41, 1, 40
0x40cdf0, 41
0x40d0eb, 40, 20, 20
0x7b9139908950, 39, 36, 3
0x7b9139911c10, 39, 3, 36
0x7b9139911c70, 39, 0x7b91399127f1, 3, 0x7b91250a9f52, 1, 0x7b91250a9f3e, 1, 0x7b91250a9f19, 1, 0x7b91250a9f05, 1, 0x7b91250a9ec9, 1, 0x7b91250a9eb5, 1, 0x7b91250a9ea1, 1, 0x7b91250a9e8d, 1, 0x7b91250a9e79, 1
0x40ce28, 38, 19, 19
0x7b913990eb25, 37, 0, 37
0x7b9139903cf1, 37, 2, 35
0x7b913990ebb6, 37, 37, 0
0x7b913990ec13, 37, 0, 37
0x7b913990ec2b, 37, 0, 37
0x7b913991136e, 37, 0x7b91250ad670, 2, 0x7b912518c8a0, 2, 0x7b91250487b0, 2, 0x7b91250887d0, 1, 0x7b912511b150, 1, 0x7b9125085e60, 1, 0x7b912518b010, 1, 0x7b912518b570, 1, 0x7b91250857f0, 1, 0x7b912518b7c0, 1
0x7b913990eb8c, 37, 37, 0
0x7b9139904685, 37, 31, 6
0x7b913990eaf0, 37, 37, 0
0x7b913990ebd8, 37
0x7b913990ebfc, 37, 0, 37
0x7b913990ec20, 37, 0, 37
0x7b913990ec73, 37, 0, 37
0x7b913990ec34, 37, 7, 30
0x7b913990eb7d, 37, 0, 37
0x7b913990ec7d, 37, 0x7b913991136e, 37
0x7b91399112f0, 37
0x7b913990ec4f, 37, 37, 0
0x7b913990eb73, 37, 0, 37
0x7b9139911c3c, 36, 15, 21
0x7b913990b413, 35, 4, 31
0x7b9139908070, 35, 1, 34
0x7b91399080be, 35, 0x7b9139924ac0, 6, 0x7b9139912230, 6, 0x7b913990872d, 5, 0x7b91398fec37, 3, 0x7b9139908a69, 3, 0x7b91399030ba, 2, 0x7b91399032ac, 1, 0x7b9139918cee, 1, 0x7b91398ff1a0, 1, 0x7b913990347c, 1
0x7b9139903cfc, 35, 23, 12
0x7b9139908094, 34, 2, 32
0x7b913990467c, 34, 3, 31
0x7b91399080b3, 33, 0, 33
0x7b9125188ae2, 32, 0x7b9125093eab, 16, 0x7b9125093e6e, 16
0x7b912518b7dd, 32, 0, 32
0x7b912518b7e9, 32, 0x7b91250487e5, 14, 0x40280d, 5, 0x402a9f, 4, 0x402aae, 4, 0x403edc, 3, 0x4042e5, 1, 0x4042ca, 1
0x7b912518b7c0, 32, 0, 32
0x7b913990b422, 31, 11, 20
0x7b913990b438, 31, 29, 2
0x7b9139904660, 31, 28, 3
0x7b913992292d, 31, 10, 21
0x7b913990b41a, 31, 0, 31
0x7b9139912549, 30, 29, 1
0x7b9139912538, 30, 1, 29
0x7b912518c8aa, 29, 9, 20
0x7b9139915274, 29, 1, 28
0x7b912518c8a0, 29, 0, 29
0x7b9139914ca9, 29, 9, 20
0x7b9139922920, 28, 9, 19
0x7b9139911d88, 28, 22, 6
0x7b9139911d7d, 28
0x7b9139915287, 28, 3, 25
0x7b9139924b00, 27, 0, 27
0x7b9139924b2a, 27, 14, 13
0x7b9139905399, 26
0x7b913990537d, 26, 0, 26
0x7b913991d5b6, 26, 1, 25
0x7b913991d5c7, 26, 23, 3
0x7b91399053a4, 26, 3, 23
0x401050, 25, 0x7b91399112f0, 25
0x7b913991528d, 25
0x7b912518d220, 25, 20, 5
0x7b9139912630, 25, 0, 25
0x7b9139914bb8, 24, 12, 12
0x7b9139914bae, 24, 0, 24
0x40ba6c, 24, 5, 19
0x7b9139911c45, 24, 24, 0
0x40be04, 24, 5, 19
0x7b91399043b5, 24, 3, 21
0x7b912518c8c1, 23, 23, 0
0x7b9139903c00, 23, 3, 20
0x7b912518c8f2, 23, 23, 0
0x7b9139922927, 23, 11, 12
0x7b91399053b2, 23, 6, 17
0x7b91399053a8, 23, 0, 23
0x7b912518c8e0, 23, 0x7b9125292d4e, 20, 0x4048f1, 3
0x7b9139922910, 23
0x7b91399118f9, 23, 1, 22
0x7b9139905370, 23, 3, 20
0x7b913991196f, 22
0x7b9139911915, 22, 0, 22
0x7b913991a27a, 22, 21, 1
0x7b91399126fd, 22, 0x7b9139912858, 19, 0x7b91399128e2, 3
0x7b9125291840, 22, 0x7b912518c8a0, 21, 0x7b91252910e0, 1
0x7b9139911905, 22, 0, 22
0x7b91399118f0, 22, 0, 22
0x7b9139911968, 22, 0, 22
0x7b9139903ce8, 22, 0, 22
0x7b9139912858, 22, 3, 19
0x7b9125292d3a, 22
0x7b9139918950, 22, 1, 21
0x7b9125292d4e, 22, 22, 0
0x7b9139911d70, 22, 0, 22
0x7b913991284c, 22
0x7b913991895d, 22, 20, 2
0x7b9125292d28, 22, 1, 21
0x7b9139911939, 22
0x7b9139911935, 22, 0, 22
0x7b9139911919, 22, 0, 22
0x7b9139911e34, 21, 0, 21
0x7b91399043c2, 21, 3, 18
0x7b9125028720, 21, 0x7b9139911c10, 21
0x7b9139922936, 21, 0x7b9139902252, 4, 0x7b91398fec6b, 3, 0x7b91398fec7e, 3, 0x7b9139902f97, 2, 0x7b91399030e1, 2, 0x7b91399021cf, 2, 0x7b913990894e, 1, 0x7b9139912a8e, 1, 0x7b9139910412, 1, 0x7b9139912a96, 1
0x7b9139911f9b, 21, 20, 1
0x40ca67, 21
0x40b67a, 21, 15, 6
0x40ca81, 21
0x7b9139911f8c, 21, 0, 21
0x7b913992352c, 21, 2, 19
0x7b9139914c95, 21
0x40ca98, 21, 0x41236b, 20, 0x41243b, 1
0x7b9139911f51, 21, 6, 15
0x7b913991a210, 21, 20, 1
0x7b9139911e45, 21, 0, 21
0x7b912510e5f0, 21, 20, 1
0x7b9139914c9e, 21, 1, 20
0x7b9139911e52, 21, 0, 21
0x40ca25, 21
0x7b9139911e24, 21, 0, 21
0x7b9139911f70, 21
0x40ca4d, 21
0x7b9139912290, 21, 6, 15
0x7b913991a270, 21, 0, 21
0x7b9139911e5c, 21, 0, 21
0x40bb32, 20, 20, 0
0x7b91399232d7, 20, 3, 17
0x4122ed, 20
0x4122fe, 20
0x410a0e, 20
0x7b913991c4c8, 20, 11, 9
0x40bb2c, 20, 20, 0
0x40c66f, 20, 0x40c78e, 20
0x41216d, 20, 0, 20
0x40c843, 20
0x41218d, 20, 1, 19
0x40b8b3, 20
0x41224a, 20
0x40c6fd, 20, 4, 16
0x40c732, 20, 20, 0
0x40d246, 20
0x40cdc5, 20, 20, 0
0x40b826, 20, 20, 0
0x405b1f, 20, 19, 1
0x40b8ad, 20, 20, 0
0x40c679, 20, 20, 0
0x40cdd8, 20, 0, 20
0x7b9139903c09, 20, 1, 19
0x405ac0, 20, 0x405b06, 20
0x40be90, 20
0x40be86, 20, 19, 1
0x41230f, 20
0x4107ed, 20
0x40c78e, 20, 20, 0
0x412479, 20, 0x405c1f, 19, 0x405bec, 1
0x41215d, 20, 0x4123b3, 20
0x41210d, 20, 20, 0
0x40ba6a, 20
0x41084f, 20, 20, 0
0x7b9139914cbb, 20, 18, 2
0x40ceee, 20, 20, 0
0x40bacc, 20, 19, 1
0x410b9c, 20, 0, 20
0x40ce7b, 20, 0x4123a7, 20
0x40c8a3, 20, 0x412256, 20
0x404f65, 20
0x40cbfc, 20
0x40c7f3, 20, 20, 0
0x40c02c, 20
0x41053b, 20
0x40bdff, 20
0x40d23c, 20, 20, 0
0x4104f9, 20, 0, 20
0x40c881, 20, 20, 0
0x410b5f, 20, 20, 0
0x4109d1, 20, 20, 0
0x410961, 20
0x41094a, 20
0x412256, 20, 19, 1
0x40c871, 20
0x410923, 20
0x4122de, 20, 0, 20
0x410855, 20
0x412120, 20, 20, 0
0x4108e6, 20, 20, 0
0x4108dc, 20, 20, 0
0x4104df, 20, 20, 0
0x40d021, 20, 20, 0
0x7b9139922950, 20, 13, 7
0x4107e7, 20, 20, 0
0x41077f, 20, 20, 0
0x40bdf5, 20, 20, 0
0x4105e9, 20
0x410533, 20, 20, 0
0x40b883, 20
0x412381, 20
0x410515, 20
0x410502, 20, 20, 0
0x40bbc2, 20
0x7b91399232b0, 20, 0, 20
0x40beb9, 20, 20, 0
0x41078b, 20
0x40bbb9, 20, 20, 0
0x412353, 20
0x40d004, 20, 20, 0
0x4105dd, 20, 20, 0
0x40cc2a, 20, 20, 0
0x4104e9, 20, 20, 0
0x41236b, 20
0x404fc3, 20, 0x405b56, 19, 0x405381, 1
0x412320, 20
0x40ba60, 20, 20, 0
0x40d10b, 20, 20, 0
0x404fba, 20, 20, 0
0x4123a7, 20
0x40bad2, 20
0x40d05b, 20
0x40cfe7, 20, 20, 0
0x410b53, 20, 20, 0
0x40bb59, 20
0x41239b, 20
0x4123b3, 20, 19, 1
0x40cfcc, 20, 20, 0
0x40cfc6, 20, 20, 0
0x40cf65, 20
0x4109c9, 20, 20, 0
0x40cde2, 20, 4, 16
0x40cbed, 20, 20, 0
0x40cbc1, 20
0x412331, 20
0x40cb81, 20
0x40cb2a, 20, 0x40cb81, 20
0x40c627, 20, 20, 0
0x40cb21, 20, 20, 0
0x40cac2, 20
0x40c73f, 20
0x40c634, 20, 20, 0
0x40cb2c, 20
0x40d03e, 20, 20, 0
0x40bec2, 20, 20, 0
0x40c88d, 20, 20, 0
0x40cbb9, 20, 20, 0
0x405ae9, 20, 0, 20
0x412342, 20
0x405b56, 19, 19, 0
0x7b913990bb81, 19, 0, 19
0x405b4a, 19
0x7b913990bfd0, 19, 0, 19
0x7b9139903c12, 19, 7, 12
0x7b91399242a0, 19, 9, 10
0x405c0e, 19
0x7b9139912820, 19, 0, 19
0x405c1f, 19
0x7b9139906b30, 19, 19, 0
0x4059df, 19
0x7b913991285c, 19, 8, 11
0x4121ec, 19, 19, 0
0x40c55e, 19, 0, 19
0x7b913990bff2, 19
0x7b913990bfdd, 19, 0, 19
0x401150, 18, 0x7b912518b7c0, 17, 0x401156, 1
0x7b91399043ce, 18
0x7b913991c277, 18, 13, 5
0x7b9139914ccc, 18, 12, 6
0x7b91250ad670, 18, 1, 17
0x7b913990c0d8, 18, 18, 0
0x7b91250abf18, 18, 7, 11
0x7b91250abafd, 18, 0x7b91250ad812, 16, 0x7b91250ae951, 1, 0x7b91250ace47, 1
0x7b91250abaea, 18, 0, 18
0x7b91250a91fa, 18, 0x7b91250ac4de, 18
0x7b9125093bf6, 18, 18, 0
0x7b9125093b53, 18, 0, 18
0x7b91250ab75d, 18, 1, 17
0x7b91250ac4de, 18
0x7b91250ad69a, 18, 3, 15
0x7b9139924660, 18, 10, 8
0x7b9139900afe, 18, 13, 5
0x7b91250abcc7, 18, 0, 18
0x7b9125093b66, 18, 18, 0
0x7b91250ac4d3, 18
0x7b91250abc99, 18, 11, 7
0x7b913991c266, 18, 1, 17
0x7b91250a91f0, 18, 0, 18
0x7b91250abf80, 18, 0, 18
0x7b9125093bca, 18, 0x7b9125093940, 18
0x7b9125093c88, 18, 0, 18
0x7b91250abf9b, 18, 14, 4
0x7b9125093c90, 18
0x7b91250abd07, 18
0x7b9125093c29, 18
0x7b9125093bb7, 18, 0, 18
0x7b91250ab599, 18, 3, 15
0x7b91250ab570, 18, 0, 18
0x7b9125093bda, 18, 18, 0
0x7b9125093c1a, 18, 0, 18
0x7b913990f2cd, 17, 10, 7
0x7b91399232f7, 17, 0x7b9139919031, 9, 0x7b9139902b72, 5, 0x7b9139905471, 3
0x7b91399053be, 17, 12, 5
0x7b91250ab77a, 17, 17, 0
0x41201f, 17
0x7b91250add5d, 17, 3, 14
0x7b9125188b00, 17, 0x7b9125093e6e, 8, 0x7b9125093eab, 8, 0x7b9125093a40, 1
0x7b91250ad691, 17, 0, 17
0x410beb, 17, 17, 0
0x7b9139923580, 17, 11, 6
0x7b91250add50, 17, 0, 17
0x4120ef, 17, 17, 0
0x7b91250ad6c8, 17, 10, 7
0x7b91399053eb, 17, 17, 0
0x7b91399243e0, 17, 8, 9
0x7b9125188ab5, 17, 17, 0
0x7b913990c010, 16
0x7b9139921d2c, 16, 0, 16
0x7b913990bdf8, 16, 16, 0
0x7b9139921d1f, 16
0x7b9139921d34, 16, 0x7b9139903f79, 9, 0x7b9139903e18, 3, 0x7b9139908121, 2, 0x7b9139904c4a, 1, 0x7b913990836d, 1
0x40c710, 16, 16, 0
0x7b91250ad81b, 16, 3, 13
0x7b9139908808, 16, 14, 2
0x7b9139911e0c, 16, 16, 0
0x7b91250ad6d5, 16, 16, 0
0x7b91250ad800, 16
0x7b913990bbf8, 16, 0, 16
0x7b9139921d00, 16, 0, 16
0x7b91250ad774, 16, 0x403e67, 6, 0x404f36, 4, 0x7b91250851b5, 2, 0x407cea, 1, 0x7b91252944a5, 1, 0x7b912508559e, 1, 0x7b9125085e7f, 1
0x7b9139921d0d, 16, 6, 10
0x7b91250ad812, 16, 0, 16
0x7b9139911c48, 15, 15, 0
0x7b9139900ae8, 15, 14, 1
0x7b91250ab5ad, 15, 0, 15
0x7b9139914cd7, 15, 6, 9
0x7b91399122cc, 15, 15, 0
0x40c2cd, 15, 4, 11
0x7b91250ad6a7, 15, 0, 15
0x7b9139911dc0, 15, 13, 2
0x7b9139911f68, 15
0x7b9139911c78, 15
0x402c35, 15
0x7b91250ab5ba, 15, 10, 5
0x7b9125028500, 14, 0x7b912518b7c0, 14
0x7b91250add81, 14, 0, 14
0x7b91250ab1b7, 14, 0, 14
0x7b91250ac4e8, 14
0x7b91250ab1a4, 14, 0, 14
0x7b9125048829, 14, 0x403f6d, 2, 0x7b91252cb0ae, 1, 0x7b91252937a2, 1, 0x7b9125293379, 1, 0x7b91252936b5, 1, 0x7b91252937c5, 1, 0x7b9125292fcf, 1, 0x7b9125293111, 1, 0x7b9125292ff5, 1, 0x7b9125293570, 1
0x7b91250addce, 14, 0x404cbe, 3, 0x404cb2, 3, 0x7b9125085330, 3, 0x7b91250954c5, 2, 0x404f63, 1, 0x40848e, 1, 0x7b9125085f48, 1
0x7b91250ab19a, 14, 0, 14
0x7b9139924020, 14, 14, 0
0x7b91250ab170, 14, 0, 14
0x7b9139924b3e, 14, 1, 13
0x7b91250add93, 14, 14, 0
0x7b91250ab1ae, 14, 0, 14
0x7b91250addc4, 14
0x7b91250487e0, 14
0x7b91250487b0, 14, 0, 14
0x7b91250487d4, 14, 0, 14
0x7b91250487e5, 14, 14, 0
0x7b91250ab1ca, 14, 4, 10
0x7b9139922980, 13, 0x7b9139902268, 6, 0x7b913990bf23, 3, 0x7b913990876e, 2, 0x7b9139918de0, 2
0x7b91250ad828, 13, 13, 0
0x7b91399081e4, 13, 0x7b9139908070, 13
0x7b91399081c0, 13, 13, 0
0x7b9139924b82, 13, 0x7b9139924ab3, 5, 0x7b91399088bf, 3, 0x7b9139912a2d, 3, 0x7b9139902fa7, 2
0x7b9139924b3a, 13, 0x7b9139908705, 3, 0x7b9139919115, 3, 0x7b9139905578, 3, 0x7b9139903099, 2, 0x7b9139908a96, 1, 0x7b913991af0e, 1
0x7b9139924520, 13, 4, 9
0x7b9139914bdd, 12, 0, 12
0x7b9139906630, 12, 3, 9
0x7b9139914bf5, 12, 0, 12
0x7b9139914b30, 12, 0, 12
0x7b913991c4cf, 12, 12, 0
0x7b9139919054, 12, 6, 6
0x7b9139903eaf, 12, 9, 3
0x7b9139903c39, 12, 3, 9
0x7b9139914ce2, 12, 9, 3
0x7b9139904005, 12, 0, 12
0x7b9139914e00, 12, 0, 12
0x7b91399053d9, 12
0x7b91399003f0, 12, 2, 10
0x7b9139914bc3, 12, 12, 0
0x7b91399003f9, 12, 2, 10
0x7b9139903c1b, 12, 0, 12
0x7b91399064b0, 12
0x7b9139914c6a, 12, 0, 12
0x7b9139903d02, 12, 3, 9
0x7b9125291020, 12, 0x7b91399112f0, 12
0x7b9139914b38, 12, 0, 12
0x7b9139914b6d, 12
0x7b9139919020, 12, 3, 9
0x7b9139914e60, 12
0x7b9139914c61, 12
0x7b9139914c75, 12, 9, 3
0x7b913990400f, 12, 9, 3
0x7b9139914e30, 12, 12, 0
0x7b9139914e77, 12, 12, 0
0x7b9139914ba5, 12, 0, 12
0x7b9139914c46, 12, 0x7b9139914e77, 12
0x7b9139914e0d, 12
0x7b9139910e60, 12, 0x7b9139908637, 5, 0x7b913990491a, 3, 0x7b9139910457, 1, 0x7b913991de53, 1, 0x7b913991030b, 1, 0x7b913991d06f, 1
0x7b9139903ff8, 12, 3, 9
0x7b9139903f1f, 12, 3, 9
0x7b9139914e4c, 12, 0x7b9139915fcd, 1, 0x7b9139915faf, 1, 0x7b9139915f90, 1, 0x7b9139915f3a, 1, 0x7b9139915f7f, 1, 0x7b9139915f67, 1, 0x7b9139915f56, 1, 0x7b9139915f03, 1, 0x7b9139915ef2, 1, 0x7b9139915f29, 1
0x7b913990f71d, 11, 0, 11
0x7b913990f290, 11, 4, 7
0x7b91250abf33, 11, 0, 11
0x7b91399239e0, 11, 11, 0
0x7b9139914ced, 11, 4, 7
0x7b913991285e, 11, 11, 0
0x7b913991d906, 11, 1, 10
0x7b91250abf4f, 11, 1, 10
0x7b9139918fe0, 11, 9, 2
0x7b913991d91b, 11, 7, 4
0x7b913990f72a, 11
0x7b913990f2da, 11, 6, 5
0x7b913990f735, 11, 9, 2
0x401080, 11, 0x7b91250add50, 10, 0x401086, 1
0x401220, 11, 0x7b91250ad670, 10, 0x401226, 1
0x7b913990f2df, 11, 0x7b913990f735, 11
0x7b91250ab95e, 11, 11, 0
0x7b91250abf3d, 11, 0, 11
0x7b91250abf21, 11, 0, 11
0x7b9139921b71, 10, 6, 4
0x7b9125098e60, 10, 10, 0
0x7b91250abf6b, 10, 10, 0
0x7b9125095290, 10, 9, 1
0x7b9125098ea5, 10, 0x7b91250947f3, 4, 0x7b9125094aa2, 4, 0x7b91250969bc, 1, 0x7b9125096358, 1
0x7b91399242d0, 10, 0, 10
0x7b91250ad7b8, 10, 8, 2
0x7b91250ab1db, 10, 0, 10
0x7b9139900480, 10, 5, 5
0x7b91250952bd, 10, 0, 10
0x7b91250ab29d, 10, 0x7b91250addce, 10
0x7b91250abf59, 10, 0, 10
0x7b91250952ce, 10, 0, 10
0x7b91250952d7, 10, 10, 0
0x7b91250ab6d8, 10, 3, 7
0x7b91250955ca, 10, 0x7b9125092640, 10
0x7b91250955a0, 10, 0, 10
0x7b913992430a, 10, 10, 0
0x7b91250952ea, 10, 0, 10
0x7b91399229b9, 10, 10, 0
0x7b9125098e10, 10, 0, 10
0x7b912508f0d0, 10
0x7b913990b684, 10, 5, 5
0x7b9139922991, 10, 0x7b913990f878, 2, 0x7b9139912a96, 2, 0x7b913990894e, 2, 0x7b9139912a8e, 2, 0x7b91398ff756, 1, 0x7b9139903265, 1
0x7b9139921b55, 10, 0, 10
0x7b912509530a, 10, 0x7b91250955a0, 10
0x7b9125291790, 10, 0x7b91250487b0, 9, 0x7b9125291030, 1
0x7b9139921b60, 10
0x7b913990049b, 10
0x7b91399003fe, 10, 0, 10
0x7b9139900404, 10, 10, 0
0x7b91399229b0, 10, 0, 10
0x7b9125098e3b, 10, 0x7b912509462e, 4, 0x7b91250949ee, 4, 0x7b912509682b, 1, 0x7b9125096143, 1
0x7b913990f2c4, 10, 0, 10
0x7b91250955d2, 10, 1, 9
0x7b91250ab348, 10
0x7b9139921b40, 10, 0, 10
0x7b9125095330, 10, 10, 0
0x7b91250ab1f7, 10, 10, 0
0x7b9125292eb7, 9, 9, 0
0x7b9139903ea1, 9, 0, 9
0x7b9139919024, 9
0x7b912518cc64, 9, 4, 5
0x7b91399083c8, 9, 0x7b9139911d88, 6, 0x7b91399053a4, 3
0x7b9139924410, 9, 0, 9
0x7b9139914c90, 9, 0, 9
0x7b9125095320, 9, 9, 0
0x7b9139923b20, 9, 8, 1
0x7b9139919031, 9, 3, 6
0x7b9139903d70, 9, 6, 3
0x7b9139908660, 9, 6, 3
0x7b9139924550, 9, 0, 9
0x7b9139901c80, 9, 0, 9
0x7b91250952b2, 9, 0, 9
0x7b91399247a0, 9, 7, 2
0x7b913992458a, 9, 8, 1
0x7b9139901e06, 9, 0x7b913990229a, 6, 0x7b9139905817, 3
0x7b9139922b10, 9, 5, 4
0x7b9139901cad, 9
0x7b9139903ca2, 9, 0, 9
0x7b913991c4cc, 9, 8, 1
0x7b913992444a, 9, 8, 1
0x7b912529331d, 9, 8, 1
0x7b9139903f79, 9, 9, 0
0x7b9139903009, 9, 9, 0
0x7b913990f680, 9, 7, 2
0x7b913990f710, 9, 0, 9
0x7b9139914cdd, 9, 3, 6
0x7b9139903000, 9, 2, 7
0x7b9139901cbc, 9, 6, 3
0x7b9139903f42, 9, 0, 9
0x7b9139903f54, 9
0x7b91250955d7, 9, 0x4016a6, 9
0x7b9139903d0e, 9, 6, 3
0x7b913990b914, 8, 0, 8
0x7b913991d1a7, 8, 1, 7
0x7b913990b8d0, 8, 2, 6
0x7b9125093e34, 8, 0x7b912508649b, 8
0x7b913990b93d, 8, 3, 5
0x7b91399246ca, 8, 8, 0
0x7b9139924690, 8, 0, 8
0x7b913991d1b0, 8, 7, 1
0x7b913990bb70, 8, 0, 8
0x7b913990b924, 8, 0, 8
0x7b91250aba73, 8
0x7b9139907032, 8
0x7b9139906f33, 8
0x7b9125292ea0, 8, 0, 8
0x7b9139912880, 8, 8, 0
0x7b913990c1d4, 7, 7, 0
0x7b913990765b, 7
0x7b91250ab6e5, 7, 0, 7
0x4041bf, 7, 6, 1
0x7b913990c1ca, 7, 0, 7
0x7b913990f2b7, 7, 0, 7
0x7b913990bb09, 7, 0, 7
0x7b91399075d2, 7, 7, 0
0x7b913990c1ed, 7
0x7b91250abca6, 7, 7, 0
0x7b913990f2bf, 7, 0, 7
0x7b9139914cf9, 7, 3, 4
0x7b913990c1c1, 7, 0, 7
0x7b91399004f0, 7, 5, 2
0x7b913990dcc7, 7, 0, 7
0x7b91399075cd, 7, 0, 7
0x7b913990ed72, 7
0x7b913990c1b0, 7, 0, 7
0x7b913990dcd2, 7
0x7b91399071c0, 7, 7, 0
0x7b9139900330, 7, 7, 0
0x7b913990ed70, 7, 0x7b91250b4f10, 2, 0x7b91250b5bc0, 1, 0x7b91250b31c0, 1, 0x7b91250b42c0, 1, 0x7b91250b4fb0, 1, 0x7b91250b4ce0, 1
0x7b91250ab6f9, 7, 3, 4
0x7b9139923ee0, 7, 7, 0
0x7b91399069b5, 7, 0x7b91399071fc, 7
0x7b9125094960, 7, 4, 3
0x7b913991d190, 7, 7, 0
0x7b913991d0f8, 7, 2, 5
0x7b9139900381, 7, 0x7b913990049b, 5, 0x7b91399004b0, 2
0x7b913992295a, 7, 3, 4
0x7b91399076d9, 7
0x7b9139922955, 7, 0, 7
0x7b9139923c60, 7, 3, 4
0x7b912518cd12, 6, 6, 0
0x7b91398fea2d, 6, 0x7b91398fd51c, 6
0x7b9139902b72, 6, 0, 6
0x7b913990533b, 6, 0, 6
0x7b9139900b07, 6, 5, 1
0x7b9139905403, 6, 0x7b91398fea2d, 6
0x7b9139905324, 6, 0, 6
0x7b91398fd50c, 6, 0x7b91398fe9f0, 6
0x7b9139904691, 6, 6, 0
0x7b91399052f0, 6, 0, 6
0x7b91399235a7, 6, 6, 0
0x7b913990b708, 6, 0x7b913991e789, 4, 0x7b913991f39c, 1, 0x7b913991e6f2, 1
0x7b91398fd4b5, 6, 6, 0
0x7b9139919066, 6, 0, 6
0x4012f0, 6, 0x7b91250c7e10, 5, 0x4012f6, 1
0x7b9139923620, 6, 0, 6
0x7b9139902252, 6
0x7b91250c7e10, 6, 0, 6
0x7b913990b8dc, 6, 5, 1
0x7b9139911d8c, 6, 0, 6
0x7b91250949a4, 6, 0, 6
0x7b9139902b50, 6
0x7b91398fee75, 6, 2, 4
0x7b91398fee67, 6, 0, 6
0x7b9139902445, 6, 6, 0
0x7b9139902b77, 6, 0x7b91398fed6d, 6
0x7b91399122cf, 6, 6, 0
0x7b91398fee46, 6
0x7b9139902490, 6
0x7b913992368a, 6, 6, 0
0x7b91398fd0f2, 6, 3, 3
0x7b9139919083, 6
0x7b91399190eb, 6, 0x7b9139918dfc, 2, 0x7b9139918bb6, 2, 0x7b9139918ae2, 2
0x7b91250c7e1f, 6, 0, 6
0x7b9139912230, 6, 0, 6
0x7b913991d10c, 6, 0x7b913991d116, 2, 0x7b913991d179, 1, 0x7b913991d3e4, 1, 0x7b913991d418, 1, 0x7b913991d3c8, 1
0x7b913990b240, 6, 1, 5
0x7b91398fed6d, 6, 6, 0
0x403e4f, 6
0x4041d9, 6, 5, 1
0x7b9139912247, 6, 1, 5
0x7b912518ccf7, 6, 0x7b9125048819, 4, 0x7b9125292d4e, 2
0x7b91398fd480, 6, 0, 6
0x7b91250c7e2b, 6, 0, 6
0x7b91250283e0, 6, 0x7b91250add50, 6
0x7b9139924ab3, 6, 0x7b9139908070, 6
0x7b913990f328, 6, 6, 0
0x7b91398fed5a, 6
0x7b9139912267, 6, 2, 4
0x7b9139902218, 6, 2, 4
0x403e77, 6, 0x403ee6, 3, 0x403e8f, 3
0x7b91398fef30, 6
0x7b913991903d, 6, 3, 3
0x7b9139911c90, 6, 0, 6
0x7b91399014a8, 6, 5, 1
0x7b9139911cce, 6, 2, 4
0x7b9139921940, 6, 0x7b91399024ae, 6
0x7b9139902440, 6, 0, 6
0x7b91250c7e61, 6, 0, 6
0x7b9139902231, 6
0x7b9139922000, 6, 0x7b91398fd500, 6
0x7b91250c7eba, 6, 6, 0
0x7b91398fe9f0, 6
0x7b913990149f, 6, 0, 6
0x7b91398fd500, 6, 0, 6
0x7b9139914cd2, 6, 3, 3
0x7b9139919088, 6, 6, 0
0x7b91250c7f04, 6, 0x404343, 1, 0x4043b1, 1, 0x404398, 1, 0x40437f, 1, 0x4043ca, 1, 0x40435c, 1
0x403e67, 6, 6, 0
0x7b9139902268, 6, 0, 6
0x7b91399125ee, 6, 5, 1
0x7b913991d107, 6, 0, 6
0x7b91398fd51c, 6, 0, 6
0x7b913990f1b0, 6, 1, 5
0x7b913990227e, 6
0x7b91399122f8, 6, 4, 2
0x7b91398fd4f2, 6
0x7b9139911cb7, 6, 1, 5
0x7b91398fd558, 6
0x7b9125094980, 6, 4, 2
0x7b9139924ac5, 6
0x7b9139923650, 6, 0, 6
0x7b9139912216, 6, 0x7b91399081c0, 6
0x7b9139905364, 6
0x7b9139924aa0, 6
0x7b9139901499, 6, 0, 6
0x7b9139911fc8, 6, 4, 2
0x7b913992192e, 6, 6, 0
0x7b9139924ac0, 6, 0, 6
0x7b91250949b7, 6, 0x7b9125091866, 4, 0x7b9125091b7b, 2
0x7b91399024e4, 6
0x7b91250283f0, 6, 0x7b91250ad670, 6
0x7b9139921ba0, 6, 0x7b9139901cbc, 6
0x7b9139921d58, 6, 3, 3
0x7b9139921920, 6
0x7b9139911d9d, 6, 3, 3
0x7b913990171f, 6, 3, 3
0x7b91398fd52c, 6, 0x7b91398fee67, 6
0x7b9139912377, 6, 0x7b91399125ee, 6
0x7b91399125e0, 6
0x7b9139900adf, 6, 4, 2
0x7b9139921a00, 6
0x7b91399022a9, 6, 6, 0
0x7b912518cc95, 6, 6, 0
0x7b9139900526, 6, 5, 1
0x7b913990229a, 6, 0, 6
0x7b91399024ae, 6, 6, 0
0x7b9139902229, 6, 0, 6
0x7b9139901fc2, 6
0x7b913991d103, 6, 0, 6
0x7b913990391d, 5, 0, 5
0x7b91398fd0fe, 5, 2, 3
0x7b912504536a, 5
0x40280d, 5, 5, 0
0x7b91398fecae, 5, 4, 1
0x7b913990b6e7, 5, 0, 5
0x7b912504541a, 5, 0, 5
0x7b9125045426, 5, 0, 5
0x7b9125045340, 5, 0, 5
0x7b9139916cde, 5, 0x7b9139901580, 5
0x7b913991c27d, 5, 0, 5
0x7b913990048c, 5
0x7b91398febd8, 5, 4, 1
0x7b91250452f4, 5
0x7b912504542d, 5, 0, 5
0x7b91398ff596, 5, 1, 4
0x7b91250452ec, 5, 0, 5
0x7b91250452e0, 5, 0, 5
0x7b9125045431, 5, 0, 5
0x402866, 5, 0x402c13, 1, 0x402bff, 1, 0x4041aa, 1, 0x404196, 1, 0x404187, 1
0x7b913990b290, 5, 5, 0
0x7b913991e789, 5, 3, 2
0x7b9139911869, 5, 5, 0
0x7b913990b720, 5, 3, 2
0x7b9139912208, 5, 0, 5
0x7b9125045213, 5, 0, 5
0x7b91250451d4, 5
0x7b91250ab5ca, 5, 5, 0
0x7b91399064f0, 5, 5, 0
0x7b9139915257, 5, 1, 4
0x7b912518cf0d, 5, 0, 5
0x7b913990b569, 5, 3, 2
0x7b913990b6cc, 5, 0, 5
0x7b913990b6da, 5, 0, 5
0x7b913990b6f8, 5, 4, 1
0x7b91250451cc, 5, 0, 5
0x7b9139901670, 5, 1, 4
0x7b913991e742, 5, 1, 4
0x7b913990180e, 5, 0, 5
0x7b91399017ea, 5, 0, 5
0x7b91250451a0, 5, 0, 5
0x7b913991e75e, 5, 1, 4
0x7b912504522f, 5, 0x404a3b, 1, 0x404a2c, 1, 0x404a1d, 1, 0x404178, 1, 0x404169, 1
0x4011d0, 5, 0x7b91250451a0, 4, 0x4011d6, 1
0x7b9139911864, 5, 0, 5
0x7b9139901530, 5, 4, 1
0x7b912518cf3c, 5, 5, 0
0x7b91399065bc, 5, 0, 5
0x7b913990b94d, 5, 0, 5
0x7b9139911890, 5
0x7b9139908980, 5
0x7b913990b6a8, 5, 2, 3
0x7b9139901578, 5
0x7b9139901580, 5, 4, 1
0x4027f1, 5
0x7b9139916cd0, 5, 0, 5
0x7b913991e67f, 5, 1, 4
0x7b9139919508, 5, 4, 1
0x7b9139903952, 5, 2, 3
0x7b91399053d6, 5
0x40284e, 5
0x4010a0, 5, 0x7b912518cf00, 4, 0x4010a6, 1
0x7b91398ff588, 5, 0, 5
0x7b912518d23c, 5, 0x402866, 5
0x404ffc, 5, 5, 0
0x7b912509549a, 5, 0x7b9125091997, 3, 0x7b91250851ce, 2
0x7b91399125c0, 5, 5, 0
0x405024, 5, 0x405e5b, 4, 0x405b42, 1
0x7b912518d1e7, 5, 0, 5
0x7b913990881f, 5, 1, 4
0x7b912518cf00, 5, 0, 5
0x7b912518d1b0, 5, 5, 0
0x7b912518d21a, 5, 5, 0
0x7b913991e69d, 5, 4, 1
0x7b913991c0b8, 5, 3, 2
0x7b91398fec02, 5, 2, 3
0x7b91399017fb, 5, 5, 0
0x40c3a8, 5, 2, 3
0x7b9139903939, 5, 0, 5
0x7b91399117a8, 5, 0, 5
0x7b9139903929, 5, 0, 5
0x7b9125095720, 5, 4, 1
0x7b9139901824, 5, 4, 1
0x7b91250451c6, 5, 0, 5
0x7b9139922bb0, 5, 5, 0
0x7b9139911df4, 5, 5, 0
0x7b913990f1e7, 5, 0x7b913990486e, 3, 0x7b913991dde8, 1, 0x7b913991c731, 1
0x7b91399086c0, 5, 2, 3
0x7b913990876e, 5, 3, 2
0x7b9139908739, 5
0x7b913990b97f, 5, 0, 5
0x7b912518d1f8, 5, 0, 5
0x7b9139901727, 5, 0x7b9139901824, 5
0x7b9139912309, 5
0x7b91399121e9, 5, 4, 1
0x7b9139908610, 5, 0x7b9139910e60, 5
0x7b913990b272, 5, 0, 5
0x7b9139901568, 5
0x7b9139923da0, 5, 2, 3
0x7b91399121c5, 5, 0, 5
0x7b913991c28a, 5, 1, 4
0x7b913990b2f6, 5, 5, 0
0x7b913990872d, 5, 0, 5
0x7b9139912346, 5, 0, 5
0x7b91398fd090, 5, 0, 5
0x7b913991179b, 5, 0, 5
0x7b913990b52f, 5, 5, 0
0x7b9125045220, 5, 0, 5
0x7b9139911770, 5, 0, 5
0x7b9139912353, 5, 2, 3
0x7b913991234c, 5, 5, 0
0x7b91399087be, 5, 3, 2
0x7b912518cf23, 5, 0, 5
0x7b9139911855, 5, 5, 0
0x7b913990f1d0, 5, 0, 5
0x7b913990bb9f, 5, 3, 2
0x7b91399117d7, 5, 5, 0
0x7b9125095470, 5, 3, 2
0x7b913990b484, 5, 4, 1
0x7b912518cc7e, 5, 3, 2
0x7b9139911802, 5, 0x7b9139915ca7, 1, 0x7b9139915c71, 1, 0x7b9139915c42, 1, 0x7b9139915c05, 1, 0x7b9139915bce, 1
0x7b9125057c98, 5, 3, 2
0x7b9139922bd0, 5, 0x7b9139903527, 4, 0x7b9139903f0f, 1
0x7b913990f1c3, 5, 1, 4
0x7b9139901812, 5
0x7b9139911844, 5, 5, 0
0x7b9139908637, 5, 1, 4
0x7b91250454b9, 5, 0x7b9125045213, 5
0x7b9139919005, 5, 0x7b9139918dfc, 1, 0x7b9139918d84, 1, 0x7b9139918bb6, 1, 0x7b9139918ae2, 1, 0x7b9139918a9a, 1
0x7b91398fd0b1, 5, 2, 3
0x7b9139900ad0, 5, 0, 5
0x7b913990394c, 5, 0, 5
0x7b91399117c8, 5, 0, 5
0x403eb0, 5, 2, 3
0x7b913990b691, 5
0x7b912518d19c, 5, 0, 5
0x7b913990b479, 5, 0, 5
0x7b913991d92e, 4, 1, 3
0x7b91250ab100, 4, 4, 0
0x405e44, 4, 0, 4
0x7b91250ab208, 4, 4, 0
0x402d39, 4
0x7b9139916bbe, 4, 0x7b9139904988, 3, 0x7b913991e3e9, 1
0x408346, 4, 4, 0
0x7b913990866c, 4, 0x7b9139910e60, 4
0x405e4f, 4
0x7b912511b194, 4
0x4082db, 4, 0, 4
0x4082f0, 4
0x7b91398fef1b, 4
0x7b9139923cca, 4, 3, 1
0x7b912511c643, 4, 0x7b9125091942, 3, 0x7b912511f9c3, 1
0x7b913991c148, 4, 3, 1
0x7b913991235f, 4, 2, 2
0x7b9139912358, 4, 0, 4
0x7b912511b150, 4, 1, 3
0x7b91398feea2, 4, 3, 1
0x7b9139921dc3, 4, 0x7b913990c451, 4
0x405e0c, 4, 4, 0
0x405cdc, 4, 4, 0
0x7b9139919438, 4, 0, 4
0x7b9139919456, 4, 0, 4
0x7b913991e684, 4, 0, 4
0x7b913991d85b, 4, 3, 1
0x7b913991946b, 4, 0, 4
0x7b9139919475, 4, 0x7b913991958f, 1, 0x7b913991957a, 1, 0x7b9139919565, 1, 0x7b9139919550, 1
0x405e34, 4, 4, 0
0x405cd3, 4, 0, 4
0x7b9139921b79, 4, 0x7b9139901cbc, 3, 0x7b91399082ff, 1
0x7b9139921a20, 4
0x7b9139912304, 4, 1, 3
0x7b9125048819, 4, 4, 0
0x7b912518b41d, 4, 4, 0
0x7b912518cd32, 4, 4, 0
0x7b912518cd26, 4, 0, 4
0x7b912504880b, 4
0x7b91399016b7, 4, 2, 2
0x7b913991e670, 4, 0, 4
0x7b913991e68a, 4, 0, 4
0x7b9139923c90, 4, 0, 4
0x404f57, 4
0x7b9139921a2b, 4, 0, 4
0x7b913991c296, 4
0x40c714, 4, 4, 0
0x7b913990b400, 4, 0, 4
0x7b913991944b, 4, 0, 4
0x7b913990b3c0, 4, 2, 2
0x7b9125095e80, 4, 0, 4
0x7b91399121a7, 4, 1, 3
0x7b9139912277, 4
0x7b9139919400, 4
0x404f40, 4, 0, 4
0x7b9125094844, 4, 0, 4
0x7b91399218f0, 4
0x7b9125094b8d, 4, 0, 4
0x7b91398febc0, 4, 4, 0
0x7b91250aab3c, 4, 0x7b91250addce, 4
0x7b91250ab2b6, 4, 4, 0
0x404f63, 4, 0x405f89, 1, 0x405f69, 1, 0x405f3c, 1, 0x405f0f, 1
0x7b9125094970, 4
0x7b91250945f0, 4
0x7b912511b1a5, 4, 1, 3
0x7b9139922b4a, 4, 0, 4
0x7b9139914d0d, 4
0x7b91399148ae, 4, 3, 1
0x7b91398fe830, 4, 4, 0
0x7b91399218fb, 4, 0, 4
0x405cc4, 4, 4, 0
0x7b9125095e8d, 4, 0x7b9125085eb8, 3, 0x7b91250855e7, 1
0x7b912509464a, 4, 4, 0
0x402aae, 4, 4, 0
0x7b9139921a33, 4, 0x7b913990482f, 3, 0x7b913990834f, 1
0x7b912509467f, 4, 0, 4
0x7b9125094698, 4, 0, 4
0x7b9125094818, 4, 4, 0
0x7b91250946b1, 4, 4, 0
0x7b91250946fe, 4, 4, 0
0x7b9125094734, 4, 0, 4
0x7b91250ab2b0, 4, 0, 4
0x7b913990ba80, 4, 4, 0
0x7b91250ab2c8, 4
0x7b9125094840, 4, 0, 4
0x7b912511b1c4, 4, 0x7b9125091b0f, 3, 0x4028e5, 1
0x7b91250aafc5, 4, 0, 4
0x7b91250aafd1, 4, 0, 4
0x7b9125091866, 4, 0x7b9125085ecf, 3, 0x7b91250855fd, 1
0x7b9139922b5a, 4, 1, 3
0x7b9125094806, 4, 0x7b9125085345, 3, 0x7b9125085f40, 1
0x7b91250aafe2, 4, 0, 4
0x7b91250aafef, 4, 0, 4
0x7b9125094aa2, 4
0x7b91250aaffd, 4, 3, 1
0x7b9139911d11, 4, 4, 0
0x7b913992296d, 4, 0x7b9139903198, 2, 0x7b913990876e, 2
0x7b91250aab00, 4, 2, 2
0x7b91250aab29, 4, 0, 4
0x7b91250abfa8, 4, 4, 0
0x7b9139922b98, 4, 0x7b9139910426, 2, 0x7b9139903f0f, 2
0x7b913991e4b7, 4, 3, 1
0x7b91398fec9a, 4
0x7b91250ab025, 4, 2, 2
0x7b912518b374, 4, 0, 4
0x7b91250949c8, 4
0x7b91399119b8, 4, 0, 4
0x7b91398fe854, 4, 0, 4
0x7b91398fecf6, 4, 0, 4
0x7b913991e458, 4, 3, 1
0x7b91398fed2c, 4, 0, 4
0x405e5b, 4, 0, 4
0x7b91398ff5a3, 4, 1, 3
0x408379, 4, 3, 1
0x7b9125094a9a, 4
0x7b91398fe85b, 4, 0x7b9139904930, 3, 0x7b913991e882, 1
0x7b912511c63b, 4, 0, 4
0x7b912511b1b1, 4, 0, 4
0x7b913990c418, 4, 0, 4
0x7b912509486b, 4
0x404f36, 4, 0x40517e, 1, 0x40514f, 1, 0x4051a5, 1, 0x4050dd, 1
0x7b91250aaf90, 4, 0, 4
0x7b9125094888, 4
0x7b91398feca8, 4, 4, 0
0x7b91250ab721, 4, 1, 3
0x7b91250ab70d, 4, 0, 4
0x7b9125094bd7, 4
0x404f13, 4
0x7b9125094b70, 4, 0, 4
0x7b91399119b0, 4, 4, 0
0x40829f, 4, 3, 1
0x7b91250aafb2, 4, 4, 0
0x7b913991d921, 4, 0, 4
0x405dfc, 4, 4, 0
0x7b91250ab750, 4, 0, 4
0x7b912511c630, 4
0x7b91250947eb, 4
0x7b913990b4c0, 4, 2, 2
0x7b9139914d69, 4
0x7b91398fece0, 4, 4, 0
0x7b913992295f, 4, 4, 0
0x7b91250947f3, 4, 0, 4
0x7b913991e76a, 4
0x7b9125094c18, 4, 4, 0
0x7b9125094a09, 4, 4, 0
0x7b913991945b, 4, 0, 4
0x7b9139908659, 4, 3, 1
0x7b913990c451, 4, 4, 0
0x7b9139915250, 4
0x7b91250ac45f, 4, 1, 3
0x7b9139916bb0, 4, 0, 4
0x7b91398ff1f0, 4, 1, 3
0x40832c, 4, 0, 4
0x7b91250949ee, 4, 0, 4
0x7b91398ff204, 4, 4, 0
0x7b9139908857, 4, 1, 3
0x7b9125091840, 4
0x7b9139914d03, 4, 0, 4
0x7b91250948a0, 4
0x402da6, 4, 3, 1
0x402d53, 4, 4, 0
0x405e28, 4
0x7b9139921dbb, 4, 0, 4
0x402aef, 4, 0x402d53, 4
0x7b9139921db0, 4
0x402ae4, 4, 4, 0
0x7b912518b3d2, 4, 0x402ae4, 4
0x7b913990c441, 4
0x7b9125095e48, 4, 0x7b9125095e80, 4
0x7b912518b37f, 4, 4, 0
0x7b912518b418, 4, 0, 4
0x7b91399016aa, 4, 0, 4
0x7b9139915262, 4, 4, 0
0x7b9139922b32, 4, 4, 0
0x402a83, 4
0x7b91399016d5, 4, 1, 3
0x7b91399119bd, 4, 4, 0
0x7b912518b35b, 4, 0, 4
0x7b9125095df0, 4, 0, 4
0x7b9125028600, 4, 0x7b912518c8a0, 4
0x7b912518b350, 4, 0, 4
0x402ac0, 4
0x7b9139921903, 4, 0x7b9139903fae, 3, 0x7b9139908330, 1
0x408337, 4
0x402a9f, 4
0x7b9125095e60, 4
0x7b9125094bb4, 4, 0, 4
0x7b9139903518, 4
0x7b91398fee85, 4, 4, 0
0x7b912509462e, 4, 0, 4
0x7b91399148a6, 4, 0, 4
0x7b9139911ce5, 4, 0, 4
0x7b912509473e, 4, 4, 0
0x7b9139903527, 4, 1, 3
0x405e5f, 4, 1, 3
0x7b9125085e60, 3
0x7b9139921d67, 3, 3, 0
0x7b91399044af, 3, 0, 3
0x7b9125057cb8, 3, 0, 3
0x7b9139904988, 3
0x7b91250aa996, 3, 0, 3
0x7b9139907cd8, 3, 0, 3
0x7b9139919680, 3, 0, 3
0x7b9125085e7f, 3, 0, 3
0x7b9139921c71, 3, 3, 0
0x7b9139903b63, 3, 0, 3
0x7b9139903fb6, 3, 3, 0
0x7b912508531f, 3, 0, 3
0x7b9139904049, 3, 0x7b9139905529, 3
0x7b9139907ca0, 3, 0, 3
0x7b912509689e, 3, 0, 3
0x404cb2, 3
0x404a90, 3, 1, 2
0x404a72, 3
0x7b9125091cbb, 3, 0, 3
0x7b9139904d11, 3, 3, 0
0x7b91399057cb, 3, 0, 3
0x7b9125085307, 3, 0, 3
0x7b91399048b1, 3, 0, 3
0x404cbe, 3, 2, 1
0x7b9125091938, 3, 0x7b9125093930, 3
0x7b9139912a62, 3, 0, 3
0x7b91399016e1, 3, 0, 3
0x7b91250852f8, 3, 3, 0
0x7b9139908941, 3
0x404935, 3, 2, 1
0x7b9139905570, 3
0x7b91399057e0, 3, 0, 3
0x4048f1, 3, 3, 0
0x7b913990389c, 3, 0, 3
0x7b9139903533, 3, 0, 3
0x7b91399057f2, 3
0x4010c0, 3, 0x7b912518c8a0, 2, 0x4010c6, 1
0x7b91250852ea, 3, 0, 3
0x7b9139901714, 3, 0x7b9125294480, 1, 0x7b912593d0f0, 1, 0x7b912502a060, 1
0x7b91399016fb, 3
0x4048d8, 3
0x7b9139912a2d, 3, 3, 0
0x7b91398ff5cf, 3, 0, 3
0x4048bb, 3, 3, 0
0x7b9139912a06, 3, 0, 3
0x7b9139901db0, 3, 0, 3
0x7b9139901d01, 3, 0, 3
0x7b9139921c40, 3, 3, 0
0x7b91398fec37, 3, 0, 3
0x7b9125095f9b, 3, 0x7b91250852ea, 3
0x7b9139918dfc, 3, 2, 1
0x7b913990497c, 3
0x7b91399044c7, 3, 0, 3
0x7b9139912684, 3, 3, 0
0x7b913990b325, 3, 1, 2
0x7b9139904927, 3
0x40487b, 3
0x7b9139902f75, 3, 1, 2
0x7b91399129dd, 3, 0, 3
0x7b9139904398, 3, 0, 3
0x7b913991299f, 3, 0, 3
0x7b91398fec51, 3
0x40476a, 3
0x7b9139912710, 3, 0, 3
0x7b91398ff5de, 3
0x7b91399040f0, 3, 0, 3
0x7b9139903b71, 3, 0, 3
0x7b91399129ea, 3, 3, 0
0x7b913990443f, 3, 1, 2
0x7b9139907d8e, 3, 0, 3
0x404854, 3
0x7b9139912972, 3, 3, 0
0x7b9139919689, 3, 1, 2
0x7b91250962b0, 3, 0, 3
0x404746, 3
0x404841, 3, 3, 0
0x7b9125085eb8, 3
0x404801, 3
0x4047d5, 3
0x7b913991c640, 3, 0, 3
0x7b91399088bf, 3, 0, 3
0x7b9125095f80, 3, 3, 0
0x4047c2, 3, 3, 0
0x4047ae, 3
0x7b9139904400, 3, 3, 0
0x7b91399088d6, 3
0x7b9139903d16, 3, 0, 3
0x7b9139904d3f, 3, 2, 1
0x7b9139905529, 3
0x7b913990490e, 3
0x7b9125095f5e, 3, 3, 0
0x7b9139905418, 3, 3, 0
0x7b9139914daf, 3
0x7b91399128e9, 3, 3, 0
0x4047a0, 3, 3, 0
0x7b913991043e, 3, 2, 1
0x7b9139914c82, 3
0x7b9139912890, 3
0x7b913991263d, 3, 3, 0
0x7b9125096aa0, 3, 2, 1
0x40478c, 3
0x7b91398ff5b4, 3
0x40477e, 3, 3, 0
0x404242, 3, 2, 1
0x40475a, 3, 3, 0
0x7b91399126be, 3, 3, 0
0x404736, 3, 3, 0
0x7b9125091c3b, 3, 0, 3
0x7b913990b4ca, 3, 3, 0
0x7b91399038be, 3, 0, 3
0x7b913991e738, 3, 1, 2
0x7b9139904874, 3, 0, 3
0x7b9139904462, 3, 0, 3
0x404c8b, 3, 0, 3
0x7b913990486e, 3, 0, 3
0x7b9139904844, 3, 0, 3
0x7b9139912680, 3, 0, 3
0x7b9139904837, 3, 0, 3
0x7b9139904675, 3, 0, 3
0x7b913991e4a8, 3, 0, 3
0x7b9139903902, 3, 1, 2
0x7b913990452e, 3, 0, 3
0x7b91399048e9, 3, 1, 2
0x404722, 3
0x7b9125095f40, 3, 3, 0
0x7b9139901d0d, 3, 0, 3
0x404712, 3, 3, 0
0x4046fe, 3
0x7b9139914870, 3, 2, 1
0x4046d7, 3
0x7b9139903ba1, 3
0x4046c7, 3, 3, 0
0x7b9139912672, 3, 0x7b9139912858, 3
0x7b91250b4f4f, 3, 0x7b913990ed72, 2, 0x7b913990bd4c, 1
0x7b9139901d38, 3, 0, 3
0x7b91250b4f85, 3
0x7b9125057c70, 3, 3, 0
0x7b91250b4f76, 3, 0, 3
0x7b91250b4f66, 3, 0, 3
0x7b9139908887, 3, 3, 0
0x7b9139903964, 3
0x7b913990449f, 3, 0, 3
0x7b9125057c94, 3, 0, 3
0x7b91399045df, 3, 0, 3
0x7b91250b4f10, 3, 3, 0
0x7b91250aa93f, 3, 0, 3
0x4046b3, 3
0x4046a0, 3, 3, 0
0x7b9139905a89, 3, 2, 1
0x7b9139901d40, 3, 3, 0
0x7b9125091aa5, 3
0x7b9139903d98, 3, 0, 3
0x7b91399169e0, 3, 0, 3
0x7b9139914d4f, 3, 0, 3
0x7b91250aba50, 3, 0, 3
0x7b913990572f, 3, 3, 0
0x7b91399128e2, 3, 3, 0
0x7b913990895c, 3, 0x7b9139903abf, 3
0x7b912512533f, 3
0x404679, 3, 3, 0
0x404665, 3
0x7b913992296f, 3, 0x7b9139902252, 2, 0x7b9139910412, 1
0x7b91399129ab, 3, 0, 3
0x7b913991d93e, 3
0x7b91398fec7e, 3, 3, 0
0x7b9139908899, 3, 0, 3
0x404652, 3, 3, 0
0x7b9139908200, 3, 0, 3
0x7b9139903abf, 3, 0, 3
0x7b913990357c, 3, 3, 0
0x7b9125091989, 3
0x7b9139916a02, 3, 0, 3
0x7b913990894e, 3, 3, 0
0x7b9139904431, 3, 0, 3
0x40463e, 3
0x7b9139901d17, 3, 1, 2
0x7b9125125d83, 3, 0x7b91250ade1a, 3
0x7b91399038c9, 3
0x7b9139912786, 3
0x7b91250852e1, 3, 0x7b9125091a40, 3
0x7b9139922b6f, 3, 2, 1
0x7b91250ab735, 3, 0, 3
0x7b91250853cb, 3
0x404622, 3
0x7b91399127d7, 3
0x7b913990b458, 3, 0, 3
0x7b913991d852, 3, 1, 2
0x7b91250ac4ab, 3
0x7b912512534c, 3, 0, 3
0x7b91250aa8a0, 3, 3, 0
0x7b91250aa8d8, 3
0x7b9139903863, 3
0x7b912512532d, 3, 3, 0
0x7b9125125380, 3, 3, 0
0x7b91399048bf, 3, 3, 0
0x7b9125091e40, 3
0x7b913991c665, 3, 3, 0
0x7b91250853a1, 3, 0, 3
0x7b9125125354, 3, 0x7b91250aa8f8, 3
0x7b9139904824, 3
0x7b9125057cbf, 3, 3, 0
0x7b91250aa8f8, 3, 0, 3
0x7b9139905817, 3, 0, 3
0x7b9125091997, 3
0x7b913990b6bf, 3, 0, 3
0x7b9139921be0, 3
0x7b91250aa90a, 3, 0, 3
0x7b913990482f, 3, 0, 3
0x7b91399038a9, 3, 0, 3
0x7b91399127f1, 3, 0, 3
0x7b912512a798, 3, 0, 3
0x7b91250aa96d, 3, 0, 3
0x7b9139912772, 3, 0, 3
0x7b9139904930, 3, 3, 0
0x7b91398fd10b, 3, 0x7b912593d108, 1, 0x7b91252ccce4, 1, 0x418630, 1
0x7b9139905af8, 3, 1, 2
0x7b91399129b5, 3, 0, 3
0x7b9125093930, 3
0x7b9125125d70, 3
0x7b9125091918, 3, 0, 3
0x7b91250962a2, 3, 0, 3
0x7b9125085e88, 3
0x7b91399038a3, 3, 0, 3
0x7b91250ad6b3, 3, 1, 2
0x7b91399045b6, 3, 3, 0
0x404416, 3, 0, 3
0x7b9125096dc5, 3, 0x7b9125091912, 3
0x404402, 3
0x7b913990395c, 3, 0, 3
0x7b9125096d9f, 3, 3, 0
0x7b9125096d80, 3, 3, 0
0x7b91250ac000, 3
0x7b9125096a2b, 3, 0, 3
0x7b9139903a20, 3, 3, 0
0x7b91250918d0, 3, 0, 3
0x7b9125085399, 3
0x7b9139903840, 3, 0, 3
0x7b91250853e5, 3
0x7b9139908a69, 3, 0, 3
0x7b9139904882, 3, 3, 0
0x7b913990bef0, 3, 0, 3
0x7b91250b4f58, 3, 0, 3
0x7b9139905471, 3, 3, 0
0x7b9125125320, 3, 0, 3
0x7b91398fd0e5, 3, 0x7b912593d0b0, 1, 0x7b9125292210, 1, 0x4013d0, 1
0x7b9139904667, 3
0x7b91250ab938, 3, 0, 3
0x7b91399044fe, 3, 0, 3
0x7b912518b570, 3, 0, 3
0x7b91250ac497, 3, 0, 3
0x7b9139901dc6, 3, 0, 3
0x7b912512a7a7, 3, 0x7b91250aa930, 3
0x7b913991489a, 3
0x7b912512a770, 3, 1, 2
0x7b9125095f96, 3, 0, 3
0x7b91399086f7, 3
0x7b9125091942, 3, 3, 0
0x7b9139903acb, 3, 1, 2
0x7b91399054eb, 3
0x7b9125096248, 3, 0, 3
0x7b913990befd, 3
0x7b9139903e33, 3, 3, 0
0x7b91399041f0, 3
0x403ec7, 3
0x7b91250a944b, 3
0x7b913990bf38, 3, 3, 0
0x7b9125091b0f, 3, 1, 2
0x7b9125085ee2, 3, 1, 2
0x7b9139907d18, 3, 3, 0
0x7b913991275a, 3, 0, 3
0x7b913990b519, 3, 2, 1
0x7b9139919040, 3, 3, 0
0x7b9139903d5e, 3, 3, 0
0x7b91399057c3, 3
0x7b9139904958, 3, 0, 3
0x7b91399038b2, 3, 0, 3
0x7b91250852c1, 3, 0, 3
0x7b9139908a71, 3
0x7b91250853e0, 3, 0, 3
0x7b9125085345, 3, 0, 3
0x7b9139901de4, 3, 1, 2
0x7b9139908a60, 3, 0x7b9139908070, 3
0x7b91250853c7, 3, 0, 3
0x7b9139904d2d, 3
0x7b91250aa901, 3, 0, 3
0x7b9139903d31, 3, 0, 3
0x7b91399044d0, 3, 2, 1
0x7b9139919115, 3
0x7b913991d5ea, 3
0x4048a7, 3
0x7b912518b59d, 3, 0, 3
0x7b9139918ae2, 3, 2, 1
0x7b912508534c, 3, 3, 0
0x7b91399126ea, 3, 3, 0
0x40482d, 3
0x7b9139903d83, 3, 0, 3
0x7b91399040fb, 3
0x7b9139901d2b, 3, 0, 3
0x7b9139903855, 3, 0, 3
0x7b9125125d7b, 3, 0, 3
0x7b9139905578, 3, 0, 3
0x7b913991910d, 3
0x7b9125085ecf, 3
0x7b91250919af, 3, 0x7b91250853a1, 3
0x7b91399045a1, 3, 3, 0
0x7b9139907d60, 3, 0, 3
0x7b9139906445, 3, 3, 0
0x40441e, 3, 1, 2
0x7b9139911c80, 3
0x7b913991d840, 3, 1, 2
0x7b9139904615, 3, 1, 2
0x7b9139903da3, 3, 0, 3
0x7b913991d179, 3, 3, 0
0x7b91399045ef, 3, 0, 3
0x7b9139903db0, 3, 0, 3
0x7b91399045cd, 3, 3, 0
0x7b913990455d, 3, 2, 1
0x7b9139903e92, 3, 2, 1
0x7b9139904551, 3, 3, 0
0x7b9139904566, 3, 1, 2
0x7b9125091bd0, 3, 0, 3
0x7b91250ade1a, 3, 0x404f63, 3
0x7b9125057c7a, 3, 0, 3
0x7b9125091c83, 3, 0x7b9125085ee2, 3
0x7b91250aa977, 3, 0, 3
0x7b9139907dc9, 3, 0x7b91398fd034, 1, 0x7b913991977f, 1, 0x7b913991973c, 1
0x7b912509e839, 3, 2, 1
0x7b913991d5cd, 3, 0, 3
0x40428e, 3, 3, 0
0x7b9125085328, 3
0x7b91250918ef, 3, 1, 2
0x7b913991c65e, 3, 0, 3
0x7b9139912795, 3, 3, 0
0x7b9125085390, 3, 0, 3
0x7b913991d5da, 3, 0, 3
0x7b9125091bfa, 3, 3, 0
0x7b9139904866, 3
0x7b91250a941f, 3, 0, 3
0x7b91250920b0, 3
0x7b9139904510, 3, 1, 2
0x7b9139907d8a, 3, 0, 3
0x404815, 3, 3, 0
0x7b9125091c2a, 3, 0, 3
0x7b9139904893, 3, 0, 3
0x7b9139901710, 3, 0x7b91252943a0, 1, 0x7b9125292c30, 1, 0x7b912502a0d0, 1
0x7b9139905590, 3, 0, 3
0x7b91250a9400, 3, 0, 3
0x7b9139908a18, 3, 3, 0
0x40488f, 3, 3, 0
0x7b91250addea, 3, 1, 2
0x7b9139923420, 3, 0x7b9139902db4, 2, 0x7b9139902b72, 1
0x7b91250aa91e, 3
0x7b9139923e0a, 3, 3, 0
0x7b9139903dea, 3
0x7b9139908210, 3, 0x7b9139903056, 2, 0x7b91399032dd, 1
0x7b91399128ee, 3
0x4047e9, 3, 3, 0
0x7b9139903cbc, 3, 0, 3
0x403f4f, 3, 0x403f43, 2, 0x404242, 1
0x7b913990b315, 3, 0, 3
0x403f03, 3
0x7b9139912809, 3, 0, 3
0x7b912511b18b, 3, 0, 3
0x7b912518b5aa, 3, 1, 2
0x7b9125091a40, 3, 3, 0
0x7b912518b58a, 3, 0, 3
0x4010d0, 3, 0x7b912518b570, 2, 0x4010d6, 1
0x403ecc, 3
0x7b9139903e18, 3, 0, 3
0x7b9125096a2f, 3
0x404a86, 3, 3, 0
0x403e8f, 3, 0x403ecc, 3
0x7b9125085290, 3, 3, 0
0x7b91250ac4bd, 3, 0, 3
0x7b91250920f0, 3, 3, 0
0x7b91250adde0, 3, 0, 3
0x7b9139914ce8, 3, 3, 0
0x7b913990464c, 3
0x7b9139904455, 3, 0, 3
0x401120, 3, 0x7b9125085290, 2, 0x401126, 1
0x403ee6, 3
0x7b913990545d, 3
0x7b9139921c9e, 3, 0x7b91398ff5cf, 3
0x7b913990446f, 3, 1, 2
0x7b9139901dba, 3, 0, 3
0x7b9125094969, 3, 0x7b91250919af, 3
0x7b9139904428, 3, 0, 3
0x7b913990b3a0, 3, 1, 2
0x7b91250ac485, 3, 0, 3
0x40421c, 3
0x7b9125091c4a, 3, 0x7b9125091cbb, 3
0x7b91250aa930, 3, 0, 3
0x7b9139905599, 3, 3, 0
0x7b9125091ccc, 3, 3, 0
0x404ca3, 3
0x7b91250920e0, 3, 0, 3
0x7b913990b30d, 3, 0, 3
0x7b9139904b25, 3, 3, 0
0x40b7b0, 3, 3, 0
0x7b91399059ee, 3
0x7b9139907dc5, 3, 0, 3
0x7b9139904ae8, 3
0x7b91250ab941, 3, 3, 0
0x7b9139907db9, 3
0x7b9139903fae, 3, 0, 3
0x7b9139912739, 3, 1, 2
0x7b913991c4b3, 3, 2, 1
0x7b9139904ad5, 3, 0, 3
0x7b9125096257, 3, 0, 3
0x7b91250920e8, 3, 0, 3
0x7b91399129cf, 3, 0, 3
0x7b9125096274, 3, 3, 0
0x7b9139912a21, 3
0x7b912509696c, 3, 2, 1
0x7b91398fec6b, 3
0x7b913990bb7e, 3, 0, 3
0x7b9139907d6e, 3
0x7b9139907d41, 3, 0, 3
0x403edc, 3
0x7b91250ac4ca, 3, 0, 3
0x404636, 3, 0, 3
0x7b913990886f, 3, 0, 3
0x7b9139904018, 3, 3, 0
0x7b91398feeff, 3, 3, 0
0x7b9125096380, 3
0x7b91250b4f6a, 3, 0, 3
0x4046eb, 3, 3, 0
0x404298, 3, 1, 2
0x7b91250aa9a1, 3, 0x7b91250ac4bd, 3
0x7b9139903ee9, 3, 0, 3
0x7b9139905d4c, 3, 0, 3
0x7b91250962be, 3
0x7b91399042b0, 3, 3, 0
0x7b91399128c8, 3, 0, 3
0x7b9139907cf5, 3, 1, 2
0x7b913990878f, 3, 3, 0
0x404868, 3, 3, 0
0x7b9125091ae0, 3, 0, 3
0x7b9139903a7f, 3, 0, 3
0x7b9125091b0a, 3
0x7b9139904d01, 3, 0, 3
0x7b91250961fa, 3, 0, 3
0x7b9139901cc8, 3
0x7b9139903a91, 3, 0, 3
0x7b913990453a, 3, 3, 0
0x7b91398fec0b, 3, 0x7b9139908070, 3
0x7b9139901dd8, 3, 0, 3
0x7b9139912a96, 3, 0x7b91399057cb, 3
0x7b9139918bb6, 3, 2, 1
0x7b9139903fa0, 3
0x7b9139905829, 3, 3, 0
0x7b9139904361, 3, 0, 3
0x401290, 3, 0x7b9125085e60, 2, 0x401296, 1
0x7b9139921be8, 3, 0, 3
0x7b9139923310, 3, 3, 0
0x7b91250961f2, 3, 0, 3
0x7b9139916a06, 3, 0x7b91399015a3, 1, 0x7b913990142c, 1, 0x7b913991e87b, 1
0x7b9139908705, 3, 0x7b91399081c0, 3
0x7b9125091e52, 3, 1, 2
0x7b9139901cf8, 3, 0, 3
0x7b9139904376, 3, 3, 0
0x40468c, 3
0x7b9139908998, 3, 3, 0
0x7b913990bf23, 3, 0, 3
0x7b912511b180, 3, 0, 3
0x7b91399068d6, 3
0x7b9125096211, 3, 0, 3
0x7b9139912a70, 3
0x7b9125096219, 3, 1, 2
0x7b91399128d3, 3
0x7b913990560f, 3
0x7b9125091c43, 3, 0, 3
0x7b913990434d, 3, 0, 3
0x7b9139900af8, 3, 2, 1
0x7b9139914d59, 3, 3, 0
0x7b9139905d67, 3, 3, 0
0x7b9125091907, 3
0x405e71, 3
0x7b913990491a, 3, 0, 3
0x7b91250853b4, 3, 0, 3
0x7b9125091912, 3, 0, 3
0x7b91398fd0c7, 3, 0, 3
0x7b91398fd0f0, 3, 0x7b9125294440, 1, 0x7b91252921d0, 1, 0x7b9125292200, 1
0x7b9139921bf0, 3, 0x7b9139901cf8, 3
0x7b9139905442, 3, 0, 3
0x7b9125085340, 3
0x7b913991c694, 3, 2, 1
0x7b91399057d7, 3, 0, 3
0x4045fb, 3, 2, 1
0x7b9139903a9e, 3
0x408266, 3
0x7b9139912a8e, 3
0x403e7d, 3
0x7b9139903f0f, 3, 1, 2
0x7b9139923dd0, 3, 0, 3
0x7b9139904ac6, 3, 0, 3
0x7b91399088ba, 3
0x40427a, 3
0x7b9139903ebe, 3, 0, 3
0x7b9139903ef8, 3
0x7b91250968bb, 3, 3, 0
0x7b9125085330, 3, 0x4018e9, 1, 0x4018a0, 1, 0x4028b4, 1
0x7b9125085878, 2, 0, 2
0x7b9125085895, 2, 2, 0
0x7b912508580f, 2, 0, 2
0x7b912509309c, 2, 0x7b9125085837, 2
0x7b9125085844, 2, 0, 2
0x7b91250857f0, 2, 0, 2
0x7b9125085857, 2, 0, 2
0x7b91250ab02f, 2, 1, 1
0x7b9139912412, 2, 0, 2
0x7b913990b350, 2, 0, 2
0x7b91398fec94, 2, 2, 0
0x7b9139902f68, 2
0x7b913991c0c6, 2, 2, 0
0x7b91250d902d, 2, 0x7b913990bd4c, 2
0x7b9139910387, 2, 0, 2
0x7b91399021e4, 2
0x40c8d8, 2, 1, 1
0x7b91250858f8, 2
0x7b91398fd120, 2, 0x7b9139901578, 2
0x7b9125057be6, 2, 0, 2
0x7b91399103e8, 2, 2, 0
0x7b9139912288, 2
0x7b91399122ff, 2
0x7b91399100b6, 2, 2, 0
0x7b9139910060, 2, 1, 1
0x7b9125295be0, 2, 2, 0
0x7b91399080e0, 2, 2, 0
0x7b9125126b35, 2, 1, 1
0x7b91250851bd, 2
0x7b913990f693, 2, 2, 0
0x7b913990414d, 2, 2, 0
0x7b91399103ff, 2
0x7b913990221c, 2, 0, 2
0x7b91399021ab, 2
0x7b91250b4d34, 2
0x7b9125057c4f, 2
0x7b913990b72e, 2, 0, 2
0x7b913990b3d0, 2, 0, 2
0x7b9139911d38, 2, 2, 0
0x7b913990b3f2, 2
0x7b9139902db9, 2
0x7b912509551c, 2, 0x7b9125085120, 2
0x7b9139911fe0, 2
0x7b913990b448, 2, 0, 2
0x7b9125057b40, 2
0x7b91250b42e5, 2, 0, 2
0x7b91399087df, 2, 2, 0
0x7b912509e8a4, 2, 0, 2
0x7b9139902f81, 2, 0, 2
0x7b9125028740, 2, 0x7b9125189480, 2
0x7b9139903091, 2
0x7b91250addfb, 2
0x7b9139902f9f, 2
0x7b9125093058, 2, 2, 0
0x7b91399004f5, 2, 2, 0
0x7b9125047425, 2, 0x7b912593d0d7, 1, 0x7b9125294467, 1
0x4042ed, 2, 2, 0
0x7b913990f7de, 2
0x7b9125057d48, 2, 2, 0
0x7b9139919691, 2, 0, 2
0x7b9125096890, 2, 0, 2
0x7b91250b4d24, 2, 0, 2
0x7b91250851ce, 2, 0, 2
0x7b91250851b5, 2, 0, 2
0x7b91250851ad, 2
0x7b9139904576, 2, 0, 2
0x7b912518b5ae, 2, 0, 2
0x7b9125085199, 2, 0, 2
0x7b9125057b60, 2, 0, 2
0x7b91251173bb, 2, 0, 2
0x7b91251173b0, 2
0x7b91250938e0, 2
0x7b9125085151, 2, 0, 2
0x7b9125085120, 2, 0, 2
0x7b91250954e0, 2, 2, 0
0x7b9125057ca9, 2, 2, 0
0x7b91250ab060, 2, 2, 0
0x7b91250ab06d, 2
0x7b913992480a, 2, 2, 0
0x7b913990b5aa, 2, 0, 2
0x7b91250b5070, 2, 2, 0
0x7b91250d8ee3, 2, 0, 2
0x7b91250a9ae9, 2, 0, 2
0x7b91250b5094, 2, 0x7b913990bd4c, 2
0x7b91250a9afd, 2, 0, 2
0x7b91250b50a0, 2, 0, 2
0x7b91252962d4, 2, 0, 2
0x7b91250b50b8, 2, 0, 2
0x7b91250b50c4, 2
0x7b913991d460, 2, 1, 1
0x7b91250a9b03, 2, 0, 2
0x7b91250b31c0, 2, 2, 0
0x7b9125095553, 2, 0x7b9125092f90, 1, 0x7b9125092884, 1
0x7b91250b3215, 2, 0, 2
0x7b91250a9b19, 2, 2, 0
0x7b91250b3219, 2, 0, 2
0x7b913990b35d, 2, 0, 2
0x7b91399247d0, 2, 0, 2
0x7b912518cc89, 2, 0, 2
0x404fdc, 2, 0x40565a, 1, 0x405375, 1
0x7b91250aaa1d, 2
0x7b91399048f3, 2, 0, 2
0x7b912512ab80, 2, 0x4029e0, 1, 0x402dda, 1
0x7b913990813c, 2, 0, 2
0x7b913991d849, 2, 0, 2
0x7b91250954c0, 2
0x7b9125057c09, 2, 0, 2
0x7b913990f4f6, 2, 0x7b913990150e, 1, 0x7b91398ff505, 1
0x7b91250ab0b0, 2
0x7b91250472c0, 2, 0, 2
0x7b9139910426, 2, 0, 2
0x7b913990f3a0, 2, 2, 0
0x7b913990f7a3, 2, 2, 0
0x7b913990f878, 2
0x7b913990f86d, 2
0x7b91250aab5e, 2, 2, 0
0x7b91250b3228, 2, 0, 2
0x7b913990f73e, 2, 2, 0
0x7b913991241b, 2
0x7b9139903b08, 2, 2, 0
0x7b91250ca904, 2, 0x7b913990bd4c, 2
0x7b91399058ee, 2, 0, 2
0x7b9125085183, 2, 0, 2
0x7b91250472fb, 2, 0, 2
0x7b91250d8ed8, 2, 0, 2
0x7b91250d8efa, 2, 0x7b913990bd4c, 2
0x7b9139903056, 2
0x7b91250473b0, 2, 0, 2
0x7b9139908a80, 2, 1, 1
0x7b91250b50a9, 2, 0, 2
0x7b9139903163, 2, 0, 2
0x7b9139903152, 2, 0, 2
0x7b912518b5b7, 2, 0x403f03, 2
0x7b91399031e9, 2
0x7b9139903110, 2, 2, 0
0x7b91399030ba, 2, 0, 2
0x7b9139903099, 2, 0x7b9139908070, 2
0x7b913990f65d, 2, 0, 2
0x7b9139904906, 2
0x7b91250954c5, 2
0x7b913990878b, 2, 2, 0
0x7b9139902db4, 2, 0, 2
0x7b9139910375, 2, 0, 2
0x7b9139902d90, 2
0x7b9139902f8b, 2
0x7b91250d8fe0, 2, 0, 2
0x7b91250b42c0, 2, 0, 2
0x7b91250b42dc, 2, 0, 2
0x7b91250b42f1, 2, 2, 0
0x7b91250b4315, 2, 0x7b913990ed72, 1, 0x7b913990bd4c, 1
0x7b9139904448, 2, 0, 2
0x7b9139910360, 2, 0, 2
0x7b9139908121, 2, 0, 2
0x7b912512ab60, 2, 0, 2
0x401210, 2, 0x7b912512ab60, 1, 0x401216, 1
0x418610, 2
0x7b91250b50b4, 2, 0, 2
0x7b91250b4d10, 2, 0, 2
0x7b91250b4d28, 2, 0, 2
0x7b91250b4fb0, 2, 0, 2
0x7b91250b4fcd, 2, 0, 2
0x7b91250b4fd8, 2, 0, 2
0x7b9139903080, 2, 0, 2
0x7b91250aaa2c, 2, 0x7b91250ac9e3, 1, 0x7b91250acbf7, 1
0x7b9125291a30, 2, 0x7b912509e820, 1, 0x7b91252912d0, 1
0x7b91398feef3, 2, 0, 2
0x7b9125095500, 2, 0, 2
0x7b91250ab0a0, 2
0x7b91399049d5, 2, 0, 2
0x4028b4, 2, 0x402e98, 1, 0x402ce4, 1
0x7b9139908148, 2
0x404430, 2, 0, 2
0x7b913990b336, 2, 0, 2
0x7b913990304c, 2, 0x7b9139908200, 2
0x7b91399039d0, 2, 0x7b9139904675, 2
0x7b9139902fe7, 2, 2, 0
0x7b9139908100, 2
0x7b912504a8e1, 2
0x7b91399059a6, 2, 2, 0
0x7b9139918de0, 2
0x7b91251173c3, 2, 0x7b9125085183, 2
0x7b912509e8b0, 2, 0x7b91398fd0f2, 2
0x7b913991e793, 2, 0, 2
0x7b913991e79c, 2
0x7b9139910c08, 2, 0, 2
0x7b9139910c11, 2, 2, 0
0x7b912509e88c, 2, 0, 2
0x7b9139910c20, 2, 0x7b913991e7ad, 2
0x7b912511d7a0, 2
0x7b913991e7ad, 2, 2, 0
0x7b91250851e6, 2, 0x7b9125095524, 2
0x7b913990f6d6, 2
0x7b91250aab50, 2, 0, 2
0x404ac4, 2, 2, 0
0x7b913990b37d, 2, 0, 2
0x7b91250ca934, 2
0x7b91250b3234, 2, 0x7b913990ed72, 1, 0x7b913990bd4c, 1
0x7b9139914cc7, 2, 2, 0
0x7b913991c6af, 2, 1, 1
0x7b9139921bc6, 2, 0x7b91399040c4, 1, 0x7b9139901e87, 1
0x7b9139921bbe, 2, 0, 2
0x7b91250d8eb0, 2, 2, 0
0x7b9139918b88, 2
0x7b91399103bf, 2, 0, 2
0x7b9139910412, 2
0x403f51, 2
0x7b9139921bb0, 2
0x7b9139907df8, 2, 2, 0
0x7b913990b749, 2
0x7b913990812a, 2
0x7b9125057ca0, 2, 0, 2
0x7b913990316f, 2, 0, 2
0x7b91399003d1, 2, 2, 0
0x7b91399004a4, 2
0x7b9125095524, 2, 2, 0
0x7b91250b42e1, 2, 0, 2
0x7b91399004b0, 2, 0, 2
0x7b91250a9b41, 2, 0x7b91250ab025, 1, 0x7b91250ab0e3, 1
0x7b912508585b, 2, 0x401874, 1, 0x4083ac, 1
0x7b91399004db, 2, 1, 1
0x401230, 2, 0x7b91250857f0, 1, 0x401236, 1
0x7b9139918ac8, 2
0x7b9139905901, 2, 2, 0
0x402892, 2, 1, 1
0x7b9139904af9, 2
0x7b9139904599, 2, 2, 0
0x7b9125085f29, 2, 0x40311f, 1, 0x402892, 1
0x7b9125091c70, 2, 0, 2
0x7b9139912749, 2, 0, 2
0x7b913990458c, 2, 0, 2
0x7b9125091e6e, 2, 2, 0
0x7b91250b5ab0, 2, 0, 2
0x7b91250b5873, 2, 2, 0
0x7b9125295c73, 2, 0, 2
0x7b912518ac1f, 2, 2, 0
0x7b912518ac03, 2, 0, 2
0x7b912508582f, 2, 0x7b9125093010, 2
0x7b912518abe0, 2, 0, 2
0x7b91250b5864, 2
0x7b91250b5830, 2, 0, 2
0x7b9125091e5e, 2
0x7b912511d7ba, 2, 0x7b9125126b84, 1, 0x7b9125126ba7, 1
0x7b912511d7ab, 2, 0, 2
0x7b913990046b, 2, 0x7b9139900bcb, 1, 0x7b9139900b8f, 1
0x7b9125091b73, 2
0x7b91250a9ad0, 2, 0, 2
0x7b91399024f0, 2, 2, 0
0x7b9125057ce0, 2, 0, 2
0x7b91399030c6, 2
0x7b9125091b1b, 2, 2, 0
0x7b9125057ce9, 2, 0, 2
0x7b912509e858, 2, 0, 2
0x7b9139903183, 2
0x7b91250ca924, 2, 0, 2
0x7b9139904b19, 2
0x7b9139919699, 2
0x7b9139907d08, 2, 1, 1
0x7b9125057cfe, 2, 0x7b912511fa33, 1, 0x7b912511fa0b, 1
0x7b913990b33b, 2, 2, 0
0x7b91250b3210, 2, 0, 2
0x7b913990fdfc, 2, 0x7b913990490e, 2
0x7b9139902512, 2, 1, 1
0x7b913990b620, 2, 2, 0
0x7b912510e164, 2, 0, 2
0x7b9139908896, 2, 2, 0
0x7b913990871e, 2, 0x7b91399081c0, 2
0x7b9139902fc0, 2, 2, 0
0x7b91250ca928, 2, 0, 2
0x7b91250ca910, 2, 0, 2
0x7b91250b4d19, 2, 0, 2
0x7b91250aadb0, 2, 2, 0
0x7b91399016c3, 2, 0x7b9125291000, 1, 0x7b912593d000, 1
0x7b91399103df, 2, 0, 2
0x7b91250b4ce0, 2, 2, 0
0x7b9125085ee7, 2, 2, 0
0x7b91250473c8, 2, 2, 0
0x7b9125189480, 2, 1, 1
0x7b9139904621, 2, 0, 2
0x7b912518ac30, 2, 0x7b91250b5873, 2
0x403f09, 2
0x7b913990f79e, 2, 0, 2
0x7b91250d8ffd, 2, 2, 0
0x7b91399103c8, 2, 0, 2
0x7b9125057b9e, 2, 0, 2
0x7b9125057bd3, 2, 0, 2
0x7b9125057bdc, 2, 0, 2
0x7b9125291a70, 2, 0x7b912509e880, 1, 0x7b9125291310, 1
0x7b9125057bf7, 2, 1, 1
0x7b9125057c47, 2, 0, 2
0x7b9125057cf2, 2, 0, 2
0x404a9e, 2, 2, 0
0x7b91399100ac, 2, 0, 2
0x7b912518b5b3, 2, 0, 2
0x7b9125085171, 2, 0x7b91250938e0, 2
0x7b91250d8eef, 2, 0, 2
0x7b913990f6c9, 2, 0, 2
0x4045dd, 2, 0, 2
0x404473, 2, 0x4044ac, 1, 0x4044c7, 1
0x7b912504a8d0, 2, 0, 2
0x4045e1, 2, 2, 0
0x404446, 2
0x7b913990bbd4, 2
0x7b91250b4fdc, 2, 0, 2
0x7b91250472f2, 2, 0, 2
0x7b913990f67a, 2, 2, 0
0x7b9125047326, 2
0x403f43, 2, 0x404242, 2
0x7b9139904140, 2, 0, 2
0x7b913990c3d0, 2
0x7b9139905b1a, 2, 2, 0
0x7b91250473bc, 2, 0, 2
0x7b91250ca8e0, 2, 2, 0
0x7b913991c4a0, 2, 0, 2
0x7b9125047406, 2, 0, 2
0x7b9125085837, 2, 0, 2
0x7b9125126ae0, 2, 2, 0
0x7b912510e090, 2, 0, 2
0x7b912512ab71, 2
0x7b9125126b30, 2, 1, 1
0x7b912510e171, 2, 0x7b9125047416, 2
0x7b913990b736, 2, 0, 2
0x7b9125095496, 2, 2, 0
0x7b913991d144, 2, 1, 1
0x7b9125047416, 2, 0, 2
0x7b91399044ec, 2, 0, 2
0x7b9139921e10, 2, 1, 1
0x7b912504730b, 2, 0, 2
0x7b9139905f09, 2, 2, 0
0x7b913991d169, 2, 2, 0
0x7b9125057b95, 2, 0, 2
0x7b913991d116, 2, 1, 1
0x7b9125085187, 2, 0, 2
0x402875, 2
0x7b91250857fd, 2, 2, 0
0x7b9139905a7d, 2, 2, 0
0x7b91250addf3, 2, 0, 2
0x4042a6, 2, 2, 0
0x7b913991c6b4, 2, 1, 1
0x7b9125028680, 2, 0x7b912518abe0, 2
0x7b913990896e, 2, 0x7b913991d7f3, 1, 0x7b913991d02c, 1
0x7b913990451c, 2, 0, 2
0x7b91250924cb, 2, 0x7b9125091a20, 1, 0x7b9125093aaf, 1
0x403f2c, 2
0x7b913990bbc7, 2, 0, 2
0x7b91399044f7, 2, 0, 2
0x403f1f, 2, 1, 1
0x7b91250954d0, 2, 2, 0
0x7b913990448f, 2, 0, 2
0x7b9125057c12, 2, 0, 2
0x7b9139900450, 2, 0, 2
0x7b913990447f, 2, 1, 1
0x7b913990b5b9, 2
0x7b91250ad7d7, 2, 0x7b9125085e7f, 2
0x7b9139905726, 2, 0, 2
0x7b91250ad7c6, 2, 0, 2
0x7b91250b5acb, 2, 0x7b9125091e6e, 2
0x7b912512ab78, 2, 0, 2
0x7b91250aaa10, 2, 0, 2
0x7b9139912369, 2, 1, 1
0x7b913990fde0, 2, 0, 2
0x7b912509e880, 2, 0, 2
0x7b912510e0b5, 2, 2, 0
0x7b9139902fd3, 2, 2, 0
0x4040ad, 2, 0x404213, 1, 0x404202, 1
0x403f6d, 2, 2, 0
0x401060, 2, 0x7b91250487b0, 1, 0x401066, 1
0x7b91250aaa26, 2, 0, 2
0x7b91399031c0, 2
0x7b91250ca919, 2, 0, 2
0x7b9139902fa7, 2, 2, 0
0x7b9125057ba7, 2, 2, 0
0x7b9139918962, 2, 2, 0
0x7b91399003a0, 2, 2, 0
0x7b91398fe820, 2, 0x7b913991e891, 1, 0x7b913991e36c, 1
0x7b9125091b7b, 2, 0x7b9125091e52, 2
0x7b912509e863, 2, 0x7b91252943bb, 1, 0x7b91252c20f5, 1
0x7b91250ab084, 2
0x7b91399049e7, 2, 0, 2
0x7b9125093010, 2, 1, 1
0x7b9125291890, 2, 0x7b912504a8d0, 1, 0x7b9125291130, 1
0x7b9125296290, 2
0x7b9125295c88, 2, 0x7b91252962bf, 2
0x7b91399030e1, 2, 1, 1
0x7b9139910bd0, 2
0x7b912529630d, 2
0x7b91399021cf, 2, 0, 2
0x7b9139904a0f, 2
0x7b91252962e3, 2, 0x7b912529378a, 1, 0x7b9125292fed, 1
0x7b91250b4d04, 2, 0x7b913990ed72, 1, 0x7b913990bd4c, 1
0x7b9125096a18, 2, 0, 2
0x404452, 2, 0, 2
0x7b912509e820, 2, 0, 2
0x7b91399087cf, 2, 0, 2
0x7b9139903198, 2
0x7b9139902f97, 2, 0, 2
0x7b91252962bf, 2, 2, 0
0x7b913990bd5c, 2
0x7b91250b4fe8, 2, 0x7b913990ed72, 1, 0x7b913990bd4c, 1
0x7b913991c6a7, 2, 2, 0
0x7b9139918dc0, 2
0x7b91250968ef, 2, 2, 0
0x7b9125096959, 2, 2, 0
0x7b91399123cf, 2, 2, 0
0x7b912504740e, 2
0x7b913990b36f, 2, 0, 2
0x7b91399039cc, 2, 0, 2
0x7b91250ac9fb, 1, 0, 1
0x7b913991c4ba, 1, 0, 1
0x402a55, 1
0x405066, 1, 0, 1
0x7b913991e6f2, 1, 0, 1
0x7b9139901f70, 1, 1, 0
0x7b912503ba20, 1, 0x7b91251854f3, 1
0x7b9125291780, 1, 0x7b91250472c0, 1
0x7b913991af28, 1, 0, 1
0x7b91250b24f8, 1, 0, 1
0x7b91250cc387, 1, 0x7b913990bd4c, 1
0x7b91250ae815, 1, 1, 0
0x7b913991e2d4, 1, 1, 0
0x7b9125044fa0, 1
0x40177c, 1
0x7b9125085544, 1, 0, 1
0x7b9125085557, 1
0x7b9139918bba, 1, 0, 1
0x7b913991af46, 1, 0x7b913991c75e, 1
0x7b91399151f8, 1
0x7b912518d6b6, 1, 0x7b9125129948, 1
0x7b9139918b62, 1
0x7b9125293b5c, 1, 0, 1
0x7b91250aea2d, 1, 1, 0
0x7b9139914462, 1, 0, 1
0x7b91250cb93e, 1, 0, 1
0x7b9139918c2f, 1, 1, 0
0x40184e, 1
0x7b913991f359, 1
0x407cac, 1, 1, 0
0x7b913991e37e, 1, 0, 1
0x7b913991e7e8, 1, 0, 1
0x7b913991d6fb, 1, 1, 0
0x7b913991d7b0, 1
0x4040af, 1
0x403132, 1, 1, 0
0x7b9139918bae, 1
0x40175a, 1, 1, 0
0x7b912509f67b, 1, 0x7b9125185596, 1
0x7b9139902134, 1, 0, 1
0x7b91252cb060, 1
0x7b913991f2d1, 1
0x7b9125292e60, 1, 1, 0
0x7b9125047092, 1, 0x7b9125047231, 1
0x7b9125291540, 1
0x7b91399055a8, 1, 1, 0
0x7b91250a9e11, 1, 1, 0
0x7b912511c50e, 1, 0, 1
0x7b9139922640, 1, 0, 1
0x7b9139918a9a, 1, 0, 1
0x7b9125293773, 1
0x7b91250a9f2d, 1
0x7b91399086b0, 1
0x7b912511f684, 1, 0x7b912509a14c, 1
0x7b913991e35b, 1
0x7b9139908675, 1, 0x7b9139910e60, 1
0x7b912502a273, 1, 0, 1
0x403198, 1, 1, 0
0x7b9139904d47, 1
0x7b91399040c4, 1, 1, 0
0x7b91399154ab, 1, 0, 1
0x7b913991d96e, 1
0x7b91250b212b, 1, 0, 1
0x7b9139915c05, 1
0x7b91250ca357, 1, 0x7b913990bd4c, 1
0x7b91398ff3f3, 1, 0, 1
0x7b9125117040, 1
0x7b9139914520, 1, 1, 0
0x7b91252ab23c, 1, 0, 1
0x7b9139903210, 1, 0, 1
0x7b9125085594, 1
0x7b91250b5178, 1, 0, 1
0x7b9139915c42, 1
0x7b912509287c, 1
0x7b913991e6b5, 1, 0, 1
0x7b9125293366, 1
0x7b91399145eb, 1, 0, 1
0x7b9125096984, 1, 0, 1
0x7b913991456a, 1, 0x7b9139916410, 1
0x7b913992268b, 1, 1, 0
0x7b912510e5fc, 1, 0, 1
0x7b91250a9f05, 1
0x7b913991c10c, 1
0x7b91250aea00, 1, 0, 1
0x40823e, 1, 0, 1
0x408267, 1
0x7b9139918ae6, 1, 0x7b9139908070, 1
0x7b91250b4e10, 1, 1, 0
0x7b91252943bf, 1, 0x7b913990171f, 1
0x7b91250b167b, 1, 0, 1
0x7b9139914892, 1, 0, 1
0x7b91250aeb08, 1
0x7b91250b161a, 1, 0x7b913990bd4c, 1
0x7b9139914622, 1, 0, 1
0x7b9139915ad3, 1, 1, 0
0x7b9139904493, 1, 0, 1
0x7b9139918ada, 1
0x7b913991aee0, 1
0x7b913991d74c, 1, 1, 0
0x7b91250ac70e, 1, 0, 1
0x7b9139902000, 1
0x7b9139916620, 1, 0, 1
0x7b9139915ee8, 1
0x7b9125293520, 1
0x7b9139901e87, 1, 1, 0
0x7b91398fea40, 1, 1, 0
0x7b913991254f, 1
0x7b91399040e0, 1
0x7b913991e0b2, 1, 0, 1
0x7b91250b22b0, 1, 0, 1
0x7b913991c477, 1, 1, 0
0x4044c7, 1
0x7b913991479f, 1, 0, 1
0x401216, 1
0x7b9139914785, 1, 0, 1
0x7b91250acc20, 1, 1, 0
0x404398, 1, 0, 1
0x7b91250b3040, 1, 0, 1
0x7b913991d006, 1
0x7b913991c6ab, 1, 0, 1
0x7b913991219f, 1
0x7b913990347c, 1, 0, 1
0x7b91250b176b, 1, 0, 1
0x7b91250b3071, 1, 1, 0
0x7b9139918bd6, 1
0x7b9139901e61, 1, 1, 0
0x7b9125129920, 1, 0, 1
0x7b9125293570, 1, 1, 0
0x7b9139908160, 1
0x7b913991648c, 1, 1, 0
0x7b9125292c5c, 1
0x7b91399150a1, 1, 0, 1
0x7b912511fa48, 1
0x7b91250955e6, 1, 0x4016a6, 1
0x403287, 1
0x7b913991251c, 1, 0, 1
0x7b9139902305, 1, 0x7b9139905a5d, 1
0x7b91399264d0, 1, 0, 1
0x4018e9, 1, 0, 1
0x407d3d, 1, 1, 0
0x7b9139918ed3, 1, 0, 1
0x7b91252915a0, 1
0x7b913991c12d, 1, 0, 1
0x4018a0, 1, 0, 1
0x7b91398ff3fc, 1, 1, 0
0x7b91250c86cb, 1, 0, 1
0x7b9139918b12, 1
0x7b913991d651, 1, 0, 1
0x7b9139908a20, 1, 0, 1
0x7b9139904c29, 1
0x7b91399014f7, 1
0x404a4a, 1, 1, 0
0x7b91250b24fc, 1, 0, 1
0x7b91399238d0, 1, 0, 1
0x7b9139924490, 1, 1, 0
0x7b913991e5e3, 1, 0, 1
0x7b9139921e46, 1, 1, 0
0x407ca0, 1
0x7b91398ff569, 1, 0, 1
0x7b91252944e2, 1, 0x7b9125292ba1, 1
0x7b91398ff572, 1, 0x7b913991e41c, 1
0x7b913991e444, 1, 1, 0
0x7b913991e485, 1, 0, 1
0x7b913991e4bc, 1, 0, 1
0x7b91398ff1e4, 1
0x7b91398ff740, 1
0x7b912529444d, 1, 0, 1
0x7b913991e4dd, 1, 1, 0
0x7b913991e4eb, 1, 0, 1
0x7b913991300b, 1
0x7b913991d405, 1
0x7b91250b2485, 1, 0, 1
0x7b91250cbb6e, 1, 0, 1
0x7b9139912f4f, 1, 1, 0
0x7b913991e510, 1, 0, 1
0x7b91252939f1, 1, 0, 1
0x7b913991e545, 1
0x7b912511ca10, 1
0x7b91398fd3e0, 1, 0, 1
0x7b913991bc70, 1
0x7b9139912f42, 1, 0, 1
0x7b91399125a0, 1, 0, 1
0x7b912510e5da, 1, 0, 1
0x7b91250ac9e3, 1, 0, 1
0x7b91399125b4, 1, 1, 0
0x7b91399164ac, 1, 0, 1
0x7b9139912c42, 1, 1, 0
0x7b912511c7c7, 1, 0, 1
0x7b912511d1f4, 1, 0, 1
0x7b9139900ba3, 1, 0, 1
0x7b913991d6ac, 1, 1, 0
0x7b9139911fa7, 1
0x7b913991e84f, 1, 1, 0
0x7b91250b2160, 1, 1, 0
0x4028f5, 1
0x7b912502a08f, 1
0x7b9139912402, 1, 1, 0
0x7b91250988d8, 1
0x7b91252936a9, 1
0x7b91399164a3, 1, 0, 1
0x7b9139908358, 1
0x7b912511ca20, 1, 0x7b912511f92e, 1
0x7b913991e3e2, 1
0x7b91250acbeb, 1
0x7b913991e25a, 1, 1, 0
0x7b9139908334, 1, 1, 0
0x402c8c, 1, 1, 0
0x7b9139912602, 1, 0x7b913991bc94, 1
0x7b9139910089, 1, 1, 0
0x7b9139908320, 1
0x7b91399082d0, 1
0x7b9125293a02, 1, 1, 0
0x7b912509302f, 1, 1, 0
0x7b91399123eb, 1
0x404615, 1
0x7b913991e010, 1, 0, 1
0x7b912511d1e0, 1
0x7b913990f370, 1
0x7b9139911fb7, 1, 0, 1
0x7b912511f918, 1
0x7b9139912507, 1, 1, 0
0x7b9139924cb7, 1, 0, 1
0x402906, 1, 1, 0
0x7b9139905a6a, 1, 1, 0
0x7b9139911fbb, 1
0x7b9139924ccb, 1, 0, 1
0x7b912511f9e0, 1, 0, 1
0x7b9139905a5d, 1, 0, 1
0x7b9125293845, 1
0x7b9139902931, 1
0x7b9139902911, 1, 0, 1
0x7b9139924cd0, 1, 1, 0
0x7b91398fd41c, 1, 0, 1
0x7b912529365b, 1
0x7b91399028ff, 1, 1, 0
0x7b9139902532, 1, 1, 0
0x7b91399144cc, 1, 0, 1
0x7b913991e584, 1, 1, 0
0x7b9139915dc7, 1
0x7b91250d8f56, 1, 0, 1
0x7b913991c040, 1, 0, 1
0x7b913991c063, 1, 0x7b91399081c0, 1
0x401310, 1
0x7b913991c07d, 1, 0, 1
0x7b913991c0b1, 1, 1, 0
0x7b913991447e, 1
0x7b913991c155, 1
0x7b9125292f60, 1, 0, 1
0x7b91398ff141, 1, 0, 1
0x7b913991c0de, 1, 0, 1
0x7b913991c0ee, 1
0x7b913990fd40, 1
0x7b91250b3105, 1, 0, 1
0x7b913991f372, 1
0x7b913990fd7a, 1, 0, 1
0x7b913990fd97, 1, 0x7b913991c0f6, 1
0x7b91398fe9b0, 1
0x7b91399004e7, 1, 1, 0
0x7b9139910000, 1, 0, 1
0x7b9139910029, 1, 0, 1
0x7b913991440a, 1
0x7b913991e1e6, 1, 0, 1
0x7b9139910457, 1, 0x7b913991e80f, 1
0x4185dd, 1, 0, 1
0x7b913991e33c, 1
0x7b91250a9e01, 1, 1, 0
0x7b913991de1c, 1, 1, 0
0x7b9139910080, 1, 0, 1
0x7b9139914910, 1, 0, 1
0x7b9139910121, 1, 0x7b913991c0fb, 1
0x7b91398fd425, 1, 0x7b913991e584, 1
0x7b91251166f3, 1, 0x402a6f, 1
0x7b913991c0fb, 1
0x4043ca, 1, 1, 0
0x7b9139915ca7, 1
0x7b9125293b45, 1, 0, 1
0x7b91399101f0, 1, 0x7b9139908070, 1
0x7b913991ddcb, 1, 1, 0
0x7b9139910223, 1
0x7b9139916677, 1, 1, 0
0x7b9139910292, 1, 0x7b913991c100, 1
0x7b913991c131, 1
0x405bc2, 1
0x7b9139900b48, 1, 0x7b9139900ca0, 1
0x7b9139910ed0, 1
0x7b9139910f22, 1
0x7b912502a227, 1
0x7b91250969cf, 1, 0x7b9125047b74, 1
0x7b913991030b, 1, 0, 1
0x7b913991d4fc, 1, 0, 1
0x7b91252939ab, 1
0x7b9139910ff6, 1, 0, 1
0x7b9139910fa8, 1, 0x7b913991c136, 1
0x7b9139915ae7, 1
0x7b913991e629, 1, 0, 1
0x7b9125085f48, 1, 0x402892, 1
0x418630, 1
0x7b9125293b4b, 1
0x7b912593d0b0, 1, 0, 1
0x7b912509dd30, 1
0x7b9139915ecd, 1, 0, 1
0x7b9139913bdf, 1, 0, 1
0x7b9139913c20, 1, 1, 0
0x7b91252cb0b6, 1
0x7b912593d070, 1, 1, 0
0x7b9139902122, 1, 1, 0
0x7b9125292b4a, 1
0x7b9139913ca9, 1, 0x7b913991e6b5, 1
0x7b91251880cb, 1, 0x7b912511f94a, 1
0x7b9139905a9d, 1, 1, 0
0x401296, 1
0x402bab, 1, 0, 1
0x7b913991e6dc, 1
0x7b913991506b, 1, 1, 0
0x7b912511fdb8, 1, 0x7b91251104a4, 1
0x7b9139915b1c, 1, 0, 1
0x7b9139919565, 1
0x7b9125137660, 1, 0, 1
0x7b913991d950, 1, 0, 1
0x7b91250cbb20, 1, 1, 0
0x7b913990c4aa, 1
0x7b9139901517, 1, 0, 1
0x7b9125292cad, 1, 0, 1
0x7b912502a24c, 1, 0, 1
0x7b91398feb6f, 1, 1, 0
0x7b913990b8e1, 1, 0, 1
0x7b9139900ab0, 1, 0, 1
0x7b9125126b88, 1, 0x7b91250aaa26, 1
0x7b913991c4e8, 1, 0, 1
0x7b912593d0d7, 1
0x7b9125126b1c, 1, 0x7b91250aaa26, 1
0x7b913991dd0b, 1, 1, 0
0x7b912509f66c, 1, 0, 1
0x40437f, 1, 0, 1
0x7b9139908ad7, 1, 0, 1
0x7b913991dd14, 1, 1, 0
0x418580, 1
0x7b9139914680, 1, 1, 0
0x7b9125293379, 1
0x7b91250b5174, 1, 0, 1
0x7b91250b5300, 1, 0x7b913990bd4c, 1
0x7b913991cbdd, 1, 1, 0
0x7b91250d8f6a, 1, 0, 1
0x7b9125292fc0, 1
0x7b913991252c, 1
0x7b9139918980, 1, 0x7b913991cb88, 1
0x7b91399151af, 1, 1, 0
0x7b913991b56d, 1
0x7b91250b4330, 1, 0x7b913990bd4c, 1
0x7b91399073b0, 1
0x7b913991c4d8, 1, 0, 1
0x7b9125047937, 1, 0, 1
0x7b9139923d02, 1, 0, 1
0x7b9125137690, 1, 1, 0
0x7b913991e38f, 1, 0, 1
0x404187, 1
0x7b9125137668, 1, 1, 0
0x7b9139915486, 1, 0, 1
0x7b91250b305c, 1, 0, 1
0x7b91250cbb72, 1, 0, 1
0x7b91399245d0, 1, 1, 0
0x7b913991e90a, 1, 0, 1
0x7b9139912c28, 1, 0, 1
0x7b91250b2220, 1, 1, 0
0x7b913991e897, 1, 0x7b913991af46, 1
0x7b9125292c30, 1
0x7b9139915a51, 1, 1, 0
0x7b91251166e0, 1
0x7b912502a200, 1, 0, 1
0x7b91250ae951, 1, 1, 0
0x407c64, 1, 0, 1
0x7b91250869d7, 1, 0, 1
0x405045, 1, 1, 0
0x7b91250c8744, 1, 0x7b913990bd4c, 1
0x7b91398ff137, 1, 0, 1
0x7b912511f8df, 1, 1, 0
0x7b913991e140, 1, 0, 1
0x7b9139921deb, 1, 0, 1
0x7b91398febf1, 1, 0, 1
0x7b91250b2596, 1, 0, 1
0x402e98, 1, 1, 0
0x7b91250cc3f0, 1, 0, 1
0x7b91250cc3fe, 1, 0, 1
0x7b91250cc40e, 1, 0, 1
0x7b9139900673, 1, 0, 1
0x7b91250b22db, 1, 0, 1
0x7b9139905a20, 1
0x7b91250b22ef, 1, 0, 1
0x7b91250b22f9, 1, 0x7b913990bd4c, 1
0x7b912593d068, 1, 0x7b912593d0dc, 1
0x7b91250b1676, 1, 0, 1
0x7b91250cbb60, 1, 0, 1
0x7b91252ab10f, 1
0x7b9139918bc7, 1, 0, 1
0x7b91250cbb8d, 1, 0x7b913990bd4c, 1
0x7b9125092f88, 1
0x7b913991d4ac, 1, 1, 0
0x7b912513764d, 1, 0, 1
0x7b912513765b, 1, 0, 1
0x7b91398fecb7, 1
0x7b912518d6a5, 1, 0, 1
0x7b913990444c, 1, 0, 1
0x7b9139916450, 1, 1, 0
0x7b9125057c01, 1, 1, 0
0x7b9125137728, 1, 0x7b913990bd4c, 1
0x7b912513740d, 1, 0, 1
0x7b912511049f, 1
0x7b91399164b5, 1
0x7b913990b522, 1, 1, 0
0x7b9139910034, 1, 0, 1
0x7b9139918f11, 1, 0, 1
0x7b91398ff22e, 1, 1, 0
0x7b91250b1fe0, 1, 0, 1
0x7b912513741b, 1, 0, 1
0x7b9125137428, 1, 1, 0
0x7b91398ff850, 1
0x7b91251374e8, 1, 0x7b913990bd4c, 1
0x7b91398feabe, 1, 1, 0
0x7b91250cbb7e, 1, 0, 1
0x7b913991d06f, 1, 0, 1
0x7b913991e3e9, 1
0x7b912511f9fb, 1
0x7b91250b2250, 1, 0, 1
0x7b9125293105, 1
0x7b9139923b50, 1, 0, 1
0x7b91250b2259, 1, 0, 1
0x7b913991e3bb, 1, 0, 1
0x7b913991c136, 1, 0x7b913991f4db, 1
0x7b9139918f0c, 1, 0, 1
0x7b91398ff54a, 1, 1, 0
0x401246, 1
0x7b91250cc378, 1, 0, 1
0x7b9139910271, 1, 0x7b91399081c0, 1
0x7b91250a9da9, 1, 1, 0
0x7b913991e3a7, 1
0x402d30, 1
0x7b91250b1740, 1, 0, 1
0x7b912529385d, 1, 0x7b913990171f, 1
0x7b913991e39c, 1, 0, 1
0x7b913991e341, 1, 0, 1
0x7b9125047056, 1, 0, 1
0x7b91250ae7c0, 1, 0, 1
0x7b91398fd039, 1, 0, 1
0x7b913990ff0d, 1, 0x7b913991e341, 1
0x7b913991cb68, 1
0x7b91250b1770, 1, 0, 1
0x7b9139913b40, 1, 1, 0
0x7b91250b1778, 1, 1, 0
0x7b9125294480, 1
0x7b913991c6f8, 1
0x7b91250b3095, 1, 0x7b913990bd4c, 1
0x7b913991e313, 1, 0, 1
0x7b9139904d5c, 1
0x7b91250b17a0, 1, 1, 0
0x7b91399006fe, 1, 0, 1
0x7b91399035d0, 1, 1, 0
0x7b9139913b70, 1, 0x7b913991b578, 1
0x7b9125047208, 1, 0, 1
0x7b9125137787, 1, 0, 1
0x7b913990462c, 1, 0, 1
0x7b91250b4dc6, 1, 0, 1
0x7b91399196d4, 1
0x7b913991e185, 1, 1, 0
0x7b91250b1838, 1, 0x7b913990bd4c, 1
0x7b9125189574, 1, 0, 1
0x7b91398fe969, 1, 1, 0
0x7b912511f9b8, 1
0x7b913990153d, 1, 1, 0
0x7b91250b30b0, 1, 1, 0
0x7b913991481b, 1, 0, 1
0x7b91250b30f0, 1, 0, 1
0x7b91398fe940, 1, 1, 0
0x7b9125110097, 1, 0, 1
0x7b91398fe8ab, 1, 1, 0
0x7b91250b3111, 1, 0x7b913990bd4c, 1
0x7b91399006d4, 1, 1, 0
0x7b912513776d, 1, 0, 1
0x7b913991c401, 1, 0, 1
0x7b912513777b, 1, 0, 1
0x7b91398fe88f, 1, 0, 1
0x7b91250acb6f, 1, 1, 0
0x405eae, 1, 1, 0
0x7b91398fe880, 1, 0, 1
0x7b91250b5130, 1, 1, 0
0x7b913991d65c, 1, 0, 1
0x7b91250b5154, 1, 0x7b913990bd4c, 1
0x7b91250b5160, 1, 0, 1
0x7b91399196bf, 1, 0x7b9139902f75, 1
0x7b9139910041, 1
0x7b913991e177, 1
0x7b91250ace10, 1, 0, 1
0x7b91250b25a5, 1
0x7b9139903633, 1, 0x7b913991e177, 1
0x7b91250b5169, 1, 0, 1
0x7b912511c8d3, 1
0x7b9139903625, 1, 1, 0
0x7b913991c42d, 1, 0, 1
0x7b91399032dd, 1, 0, 1
0x7b91252ab1ef, 1, 0, 1
0x7b91399032d4, 1, 0x7b9139908200, 1
0x7b9139902558, 1
0x7b91250ca990, 1, 1, 0
0x4122af, 1
0x7b91399264d9, 1, 0x7b9139912563, 1
0x7b91250ca9c9, 1, 0, 1
0x7b91399031d2, 1, 0x7b91399032d4, 1
0x7b91250ca9d4, 1, 0, 1
0x7b91250ca9d8, 1, 0, 1
0x7b91250ca9e4, 1
0x7b9125096889, 1, 0, 1
0x7b91250b2508, 1, 0x7b913990bd4c, 1
0x7b91399030f8, 1, 0, 1
0x7b9125047b74, 1
0x7b913990327c, 1, 1, 0
0x7b9125188089, 1, 0, 1
0x7b91252912d0, 1
0x7b91252cb0ae, 1, 0, 1
0x7b9139921de0, 1
0x7b91399196bc, 1, 0x7b9139902f75, 1
0x7b91250864d5, 1, 0x4017b2, 1
0x7b91250b3174, 1, 0, 1
0x7b91250b2578, 1, 0, 1
0x7b91250a00b8, 1, 0, 1
0x7b913991c41f, 1, 0, 1
0x7b91250ac960, 1, 1, 0
0x7b91250b2586, 1, 0, 1
0x7b91250b256f, 1, 0x7b913990bd4c, 1
0x7b91250cb930, 1, 0, 1
0x7b91250cb951, 1, 0x7b913990bd4c, 1
0x7b913991b540, 1
0x407c42, 1, 0, 1
0x7b91251880a4, 1, 1, 0
0x7b91250b3065, 1, 0, 1
0x7b913991c6d0, 1, 0, 1
0x7b91252911e0, 1
0x7b91250b4e58, 1, 0, 1
0x7b91250b4e6a, 1, 0, 1
0x7b91399030f1, 1, 0, 1
0x7b91250d8f4d, 1, 0, 1
0x7b91250b4e76, 1, 0, 1
0x7b91252937a2, 1, 1, 0
0x401360, 1, 0, 1
0x4123df, 1
0x7b91250b200b, 1, 0, 1
0x7b91250b4e4f, 1, 0x7b913990bd4c, 1
0x7b9139913390, 1, 1, 0
0x7b91399165ba, 1
0x7b91250b3130, 1, 1, 0
0x7b91250b3154, 1, 0x7b913990bd4c, 1
0x7b91250b3160, 1, 0, 1
0x7b91250b3169, 1, 0, 1
0x7b9139902546, 1
0x7b91250b3178, 1, 0, 1
0x7b91250919e0, 1, 1, 0
0x7b9139915ab0, 1
0x7b91250b3184, 1
0x7b91250b1650, 1, 0, 1
0x7b91250b166d, 1, 0, 1
0x7b91250b168a, 1, 0, 1
0x7b9125129948, 1, 0x7b913990171f, 1
0x7b91398fe97b, 1, 0x7b913991e185, 1
0x7b91250b1696, 1, 0x7b913990bd4c, 1
0x7b913991e1f4, 1
0x7b91399196b5, 1, 0x7b9139902f75, 1
0x7b912529388b, 1
0x7b9139900651, 1, 0, 1
0x7b91250b25d0, 1, 1, 0
0x7b91250b2618, 1, 0, 1
0x7b9139918a59, 1
0x7b91250b2626, 1, 0, 1
0x7b91250b262a, 1, 0, 1
0x7b91250b2636, 1, 0, 1
0x7b91250cb942, 1, 0, 1
0x7b91250b2645, 1
0x7b91399032eb, 1, 0x7b91399036da, 1
0x7b91250b260f, 1, 0x7b913990bd4c, 1
0x7b91250ca880, 1, 1, 0
0x7b91250ca8a8, 1, 0, 1
0x7b91250ca8b7, 1, 0x7b913990bd4c, 1
0x7b91398ff146, 1, 1, 0
0x7b91250d8f66, 1, 0, 1
0x7b9125296b20, 1, 1, 0
0x7b9139903260, 1
0x7b91399245c2, 1, 0, 1
0x7b91250d8f30, 1, 0, 1
0x7b91250d8f5b, 1, 0, 1
0x7b9125137510, 1, 0, 1
0x7b913991d12f, 1, 0, 1
0x7b912513753b, 1, 0, 1
0x7b912502a078, 1, 0, 1
0x7b9125137548, 1, 1, 0
0x7b913991c1d0, 1, 1, 0
0x7b9125137570, 1, 1, 0
0x7b9125137608, 1, 0x7b913990bd4c, 1
0x7b912513752d, 1, 0, 1
0x7b913991e023, 1, 0, 1
0x7b91250b247c, 1, 0, 1
0x7b91250b2481, 1, 0, 1
0x7b91398ff207, 1, 0, 1
0x7b9125092972, 1, 0x7b91250955d2, 1
0x7b91250b2491, 1, 1, 0
0x7b91250b2010, 1, 0, 1
0x7b9139915227, 1
0x7b913990368c, 1, 0, 1
0x7b91250b2040, 1, 1, 0
0x7b9139914875, 1, 0, 1
0x7b913991491a, 1
0x7b91250b20d8, 1, 0x7b913990bd4c, 1
0x404941, 1, 1, 0
0x7b912502a107, 1, 0, 1
0x7b9139924ca0, 1, 0, 1
0x7b91250b15f8, 1, 0, 1
0x7b91250a1b26, 1, 1, 0
0x7b9139904b61, 1
0x7b912511fa1f, 1
0x4041e9, 1
0x7b91250b1603, 1, 0, 1
0x7b91250b160f, 1, 0, 1
0x7b91250ad780, 1, 0, 1
0x7b913991aef1, 1
0x7b91399154d6, 1, 0, 1
0x7b91250ca320, 1, 1, 0
0x7b91250ca348, 1, 0, 1
0x7b91250ca353, 1, 0, 1
0x7b9139921e78, 1, 0x7b913990813c, 1
0x7b9125137630, 1, 0, 1
0x7b9125117058, 1, 0x7b9125085565, 1
0x7b91252ab208, 1, 0, 1
0x7b91250b2100, 1, 0, 1
0x7b913991f4db, 1
0x7b91250b2130, 1, 0, 1
0x7b9125110305, 1, 0, 1
0x7b913991d418, 1, 1, 0
0x7b912508568e, 1, 1, 0
0x7b91250b258a, 1, 0, 1
0x7b91250b2138, 1, 1, 0
0x7b913990fd67, 1
0x7b9125292fed, 1
0x7b91250b24ed, 1, 0, 1
0x7b9125292ff5, 1, 1, 0
0x7b9125293b35, 1
0x7b91250b1ffd, 1, 0, 1
0x401156, 1
0x7b91250b21f8, 1, 0x7b913990bd4c, 1
0x7b9139900669, 1, 0, 1
0x7b913991658f, 1, 0, 1
0x7b9125291130, 1
0x401286, 1
0x7b9139901780, 1, 0, 1
0x7b9139918ea0, 1, 0, 1
0x7b91250b4db8, 1, 0, 1
0x7b91250b4dca, 1, 0, 1
0x7b9125292fcf, 1
0x7b91250b4dd6, 1, 0, 1
0x7b91250b4daf, 1, 0x7b913990bd4c, 1
0x7b91399020a0, 1, 0, 1
0x7b91399006f1, 1, 1, 0
0x401038, 1
0x7b913990f228, 1, 0, 1
0x7b91398ff756, 1
0x7b9139904091, 1, 1, 0
0x7b913991e3d6, 1, 0, 1
0x7b9125057dd2, 1, 1, 0
0x7b9139903438, 1, 0, 1
0x7b9125292b71, 1, 1, 0
0x7b91250acc03, 1, 0, 1
0x7b9125047a40, 1, 0, 1
0x7b913991d828, 1
0x7b91399102d0, 1, 0, 1
0x7b9139903426, 1, 0x7b9139908070, 1
0x7b9139915508, 1
0x7b9125047968, 1, 1, 0
0x7b913991e71b, 1
0x7b91399150c4, 1, 0x7b9139916450, 1
0x412281, 1
0x7b91398ff1ba, 1, 0, 1
0x7b91399150e0, 1, 1, 0
0x7b9139918e00, 1, 0x7b9139903426, 1
0x7b9139916910, 1
0x7b913991e8a6, 1, 1, 0
0x7b9125291670, 1
0x7b91250b2530, 1, 1, 0
0x7b9139918df4, 1
0x7b913991e7b3, 1, 0, 1
0x7b9139918d88, 1
0x7b913991e519, 1, 1, 0
0x7b9139902f30, 1
0x7b913991e7db, 1, 0, 1
0x7b9139918d84, 1, 0, 1
0x7b9139918d7c, 1
0x7b91250ac9cf, 1
0x408264, 1
0x7b91250ad791, 1
0x7b9139918cfa, 1
0x7b91252c1389, 1, 0, 1
0x7b9139918cee, 1, 0, 1
0x7b913991c454, 1, 0, 1
0x7b91399013ff, 1, 0, 1
0x7b9139918c83, 1, 1, 0
0x7b91398ff8f2, 1
0x7b91250b30f9, 1, 0, 1
0x7b913991460a, 1, 1, 0
0x7b9125291b80, 1, 0x7b9125291420, 1
0x7b913991e154, 1
0x7b9139915f10, 1
0x7b91399226b0, 1, 0x7b9139918c83, 1
0x7b9125293561, 1
0x402a34, 1
0x7b913990b4b8, 1, 0, 1
0x7b913991644b, 1
0x7b913992264e, 1, 1, 0
0x7b9125098914, 1, 0, 1
0x7b9139910f8e, 1, 1, 0
0x7b9139911a51, 1, 0x7b913991aeec, 1
0x7b9125085f40, 1
0x7b9125137750, 1, 0, 1
0x7b912511f94a, 1, 1, 0
0x405ecb, 1, 1, 0
0x401041, 1, 0x4185c5, 1
0x7b91399102f6, 1, 0x7b9139910e60, 1
0x7b91250a9eb5, 1
0x7b913991031c, 1, 0, 1
0x7b913991664c, 1, 0, 1
0x7b9139910345, 1
0x7b9125188080, 1, 0, 1
0x7b913991ef44, 1
0x7b913991d63e, 1, 0, 1
0x7b9125291940, 1, 0x7b91252911e0, 1
0x7b913991e502, 1, 1, 0
0x7b9139918b5e, 1, 0, 1
0x7b9139910447, 1, 0x7b9139910e60, 1
0x7b913991e83b, 1, 0, 1
0x7b9139915f67, 1
0x7b91250ae930, 1
0x7b9125291ac0, 1, 0x7b9125291360, 1
0x4028a8, 1
0x7b912509f610, 1
0x7b913991e85c, 1
0x4041de, 1, 1, 0
0x7b9139900b60, 1, 0, 1
0x7b9139915ef2, 1
0x7b913991c346, 1, 0, 1
0x7b91250b5184, 1
0x7b91399152ab, 1
0x4029f0, 1
0x404305, 1, 1, 0
0x7b91250ac8c6, 1, 1, 0
0x7b9139900b7f, 1
0x401415, 1
0x7b91399003c1, 1, 0, 1
0x7b91399158e0, 1, 1, 0
0x402f5c, 1, 0, 1
0x7b913991af09, 1
0x7b91399036da, 1
0x7b9139900551, 1, 1, 0
0x7b91250cc3b0, 1, 1, 0
0x7b91250ab040, 1, 0, 1
0x7b9139915fc0, 1
0x7b913990069a, 1, 0, 1
0x7b91399020dc, 1, 1, 0
0x7b912509fff0, 1, 0, 1
0x7b9139915f03, 1
0x7b9139900724, 1
0x7b9139919784, 1, 0, 1
0x7b91399006a3, 1, 0, 1
0x7b91250287b0, 1, 0x7b9139916da0, 1
0x7b9139915ea9, 1, 0, 1
0x7b9125291dd0, 1, 0x7b9125291670, 1
0x7b91250a9ea1, 1
0x7b9139916736, 1
0x7b91399082ff, 1, 1, 0
0x7b913991d4d0, 1, 1, 0
0x7b913991e36c, 1
0x7b91399006e1, 1, 0, 1
0x7b9139919741, 1, 0, 1
0x7b913990070e, 1, 1, 0
0x7b9139900b8f, 1, 0x7b9139908070, 1
0x7b9139900bb2, 1, 0, 1
0x7b91250b15d0, 1, 1, 0
0x7b9139915f29, 1
0x7b9139900bbb, 1
0x7b913990052f, 1, 1, 0
0x7b91399159c1, 1, 0, 1
0x7b91399039fc, 1, 0x7b9139904675, 1
0x7b913991958f, 1, 0x7b913991f36d, 1
0x7b9139900bcb, 1, 1, 0
0x7b913991021a, 1, 0, 1
0x7b9139900bdb, 1, 0x7b913991f35e, 1
0x7b9139900c98, 1
0x7b913991e230, 1, 1, 0
0x7b9139900abe, 1, 0, 1
0x4040cf, 1, 1, 0
0x7b913991e31d, 1, 0, 1
0x7b91252ab275, 1
0x7b9139915ddb, 1, 0x7b913991aefd, 1
0x41229e, 1
0x7b9139900ca0, 1
0x7b912511fa33, 1, 0, 1
0x7b91251166b0, 1
0x7b913991952a, 1
0x7b913991df95, 1, 0, 1
0x7b913991bc9e, 1, 0x7b91398fd41c, 1
0x7b913991957a, 1
0x7b9139918a92, 1
0x7b9139919700, 1
0x401865, 1
0x7b91250930b8, 1
0x7b9139915eb2, 1, 0, 1
0x7b913991973c, 1, 0, 1
0x7b913991974f, 1, 0, 1
0x7b913991e037, 1, 0, 1
0x7b91399149c8, 1
0x7b913991c731, 1
0x7b91399150aa, 1, 1, 0
0x7b9139919754, 1
0x7b9139918f00, 1, 0, 1
0x7b913990836d, 1
0x7b913991977f, 1, 0, 1
0x7b9139916427, 1, 1, 0
0x7b9125091a20, 1
0x7b91399155e0, 1
0x7b91250aea0e, 1, 0, 1
0x7b913991978b, 1, 0, 1
0x7b913991c0a1, 1, 0, 1
0x7b9139918e95, 1, 0x7b9139918a59, 1
0x7b913991530f, 1, 1, 0
0x7b9139919790, 1, 0x7b913991f372, 1
0x7b9139918ee1, 1, 0, 1
0x7b91399168d0, 1, 0, 1
0x7b913991f39c, 1
0x7b913991af32, 1, 0x7b913991caf0, 1
0x7b9139916420, 1
0x7b913991e0e4, 1, 0x7b91399070d0, 1
0x7b913990182a, 1, 0x7b913991b5a0, 1
0x7b913991aeec, 1
0x7b91398fd040, 1, 0x7b91251854d0, 1
0x7b913991e09e, 1, 0, 1
0x7b913991487b, 1, 1, 0
0x7b9139904060, 1, 1, 0
0x7b912511d1fc, 1, 0x7b9125185516, 1
0x7b9125185516, 1, 0, 1
0x7b913991d7f3, 1, 0, 1
0x7b91251894b0, 1, 0x7b91252944dd, 1
0x7b912518551f, 1
0x7b912509f644, 1
0x7b91252938c6, 1, 1, 0
0x7b9139918c28, 1, 1, 0
0x7b913991dfc7, 1, 0x7b91399070d0, 1
0x7b913991df83, 1, 0, 1
0x7b9139904483, 1, 0, 1
0x7b912509f658, 1
0x7b91251855a5, 1
0x7b913991e673, 1, 0, 1
0x7b913991504f, 1, 1, 0
0x7b91251100e3, 1, 0x7b91252ab0f7, 1
0x7b91251373f0, 1, 0, 1
0x7b9125098890, 1
0x7b913991df3a, 1, 0x7b91399070d0, 1
0x7b913990834f, 1
0x7b912509891e, 1, 0, 1
0x7b913991d8df, 1, 1, 0
0x7b913991df1c, 1, 0, 1
0x7b913991489d, 1
0x7b91250b1686, 1, 0, 1
0x7b9125098937, 1, 0x7b913991e86d, 1
0x7b91252921d0, 1, 1, 0
0x7b91399158cd, 1, 0, 1
0x7b91399165b3, 1
0x7b913991e86d, 1
0x7b913991af80, 1, 0x7b913991e872, 1
0x7b9139901e30, 1, 1, 0
0x7b913991e872, 1
0x7b91250b5100, 1, 0x7b913990bd4c, 1
0x7b913991a267, 1, 0, 1
0x7b913991e882, 1
0x7b9139918fb0, 1, 0x7b9139918b5e, 1
0x7b913991e891, 1
0x404213, 1
0x7b91399133b0, 1
0x7b91399133c0, 1, 0x7b913991e897, 1
0x7b91399006c4, 1, 0, 1
0x7b913991b578, 1
0x7b913991c525, 1, 1, 0
0x7b91399036a7, 1, 1, 0
0x7b913991e055, 1, 0x7b91399070d0, 1
0x7b913991c7f7, 1
0x7b9125096844, 1, 1, 0
0x7b9125137450, 1, 1, 0
0x7b91250ac8a7, 1, 0, 1
0x7b91399017d7, 1
0x7b91399148bb, 1, 0, 1
0x7b9139918eab, 1, 0, 1
0x404c81, 1
0x7b913991dd2b, 1, 1, 0
0x7b9125044f50, 1, 0, 1
0x7b9139916930, 1, 1, 0
0x7b912502a060, 1, 0, 1
0x7b912512993b, 1
0x7b9125028660, 1, 0x7b912518d670, 1
0x7b9139908330, 1, 0, 1
0x7b912518d670, 1, 0, 1
0x7b9139915d87, 1, 1, 0
0x7b912518d691, 1, 0, 1
0x7b912593d000, 1, 1, 0
0x7b91250ace93, 1, 0x7b91250ad796, 1
0x7b912593d016, 1, 0x7b91399016d5, 1
0x7b912593d0f0, 1
0x7b912593d0a8, 1, 0x7b913990171f, 1
0x7b9125291000, 1, 1, 0
0x7b91250ac9a7, 1, 0, 1
0x7b9125291016, 1, 0x7b91399016d5, 1
0x402a26, 1, 1, 0
0x408252, 1, 0, 1
0x7b91250a0115, 1, 0, 1
0x4029c3, 1
0x7b9139908a30, 1, 0, 1
0x7b9125294400, 1, 1, 0
0x7b913991e14b, 1, 0, 1
0x40439d, 1
0x7b9125291ca0, 1, 0x7b9125291540, 1
0x7b9125294438, 1, 0x7b913990171f, 1
0x7b91252ab0e0, 1
0x7b9139915e28, 1, 1, 0
0x7b91250ac720, 1, 0, 1
0x7b913991688e, 1
0x7b912511f9f7, 1, 1, 0
0x7b913991462f, 1, 0, 1
0x7b91399089b0, 1, 0, 1
0x7b913991e8d6, 1, 0, 1
0x7b9125110050, 1, 0, 1
0x7b913991e41c, 1, 0, 1
0x7b9125110083, 1, 0, 1
0x7b912511008b, 1, 0, 1
0x7b91251100a9, 1, 1, 0
0x7b9139914779, 1
0x7b9125110300, 1, 0, 1
0x7b91398ff505, 1, 1, 0
0x40506c, 1, 1, 0
0x7b912511fda0, 1
0x7b913991688c, 1, 0, 1
0x7b913991df13, 1, 0, 1
0x7b9139915c71, 1
0x7b912511f8b0, 1
0x7b912511c8a0, 1, 0, 1
0x7b912511c8c8, 1, 0, 1
0x7b912511c8e4, 1, 0, 1
0x7b912511c8ec, 1, 0, 1
0x7b912511c8fb, 1, 0x7b912511f8df, 1
0x7b9139915e50, 1, 1, 0
0x7b91399144c3, 1
0x7b9139922680, 1, 0, 1
0x7b9139903448, 1, 0x7b9139908070, 1
0x7b9139924c50, 1, 0x7b9139924ab3, 1
0x7b912511f8fd, 1, 0x7b912511fdb4, 1
0x7b912511ca18, 1, 0, 1
0x7b91250a1b12, 1, 1, 0
0x7b91399147fb, 1, 1, 0
0x7b91250476f0, 1, 1, 0
0x7b91250ad880, 1
0x7b912511f92e, 1, 0, 1
0x7b91250927cc, 1, 0x7b9125093ec0, 1
0x7b912511f936, 1
0x7b91250b2268, 1, 0, 1
0x7b912511fa66, 1, 1, 0
0x7b913991d0c9, 1, 0, 1
0x7b912511f9d0, 1
0x7b9139903241, 1, 1, 0
0x7b91399147f1, 1, 0, 1
0x7b913991de6f, 1, 0x7b91399070d0, 1
0x41863a, 1, 0x7b9139901578, 1
0x7b9125047011, 1, 0, 1
0x7b913991c100, 1, 0, 1
0x4185c5, 1, 0, 1
0x7b9139915b5d, 1, 1, 0
0x7b91250ca8b3, 1, 0, 1
0x7b9125057d38, 1, 1, 0
0x7b913991de5e, 1, 0, 1
0x7b9125057eda, 1, 1, 0
0x7b91250a00c0, 1, 0, 1
0x7b9125092ebc, 1, 0, 1
0x7b91250b2460, 1, 0, 1
0x7b912511fa0b, 1, 0, 1
0x7b9139915468, 1, 0, 1
0x7b913991d1d1, 1, 1, 0
0x7b9139914830, 1
0x40507f, 1, 1, 0
0x7b912511fa1a, 1, 0, 1
0x7b913991dde8, 1, 0, 1
0x7b913991c46e, 1, 0, 1
0x401874, 1, 0, 1
0x7b912504705b, 1, 1, 0
0x7b912502a264, 1
0x7b913991dd62, 1, 1, 0
0x7b912511fa43, 1, 0, 1
0x4010d6, 1
0x7b9139908a58, 1
0x7b9139915300, 1, 0, 1
0x7b9139908ad0, 1, 0, 1
0x7b91250a9e4d, 1
0x7b912511f9c3, 1
0x7b912511fdb4, 1, 0, 1
0x7b91251104a4, 1
0x7b91250b175d, 1, 0, 1
0x7b9125028480, 1, 0x7b9125188080, 1
0x7b913991f6da, 1
0x7b9125047a24, 1, 1, 0
0x7b91251100d0, 1, 0, 1
0x7b9125126ba7, 1, 0, 1
0x7b91252ab0f7, 1
0x7b913991e5a4, 1, 0, 1
0x7b9125292d1a, 1
0x7b91250cc350, 1, 1, 0
0x7b9139916417, 1, 0, 1
0x7b9125294490, 1
0x7b913991d95a, 1, 0, 1
0x7b91250b3061, 1, 0, 1
0x7b91399167b7, 1, 1, 0
0x7b91250a9d70, 1
0x7b91250a9e79, 1
0x7b91250a9e8d, 1
0x7b91252cb1fb, 1, 0x7b912529384a, 1
0x7b91250ee200, 1
0x7b9125047262, 1, 0x7b912502a233, 1
0x7b913991d862, 1, 1, 0
0x7b91250a9ec9, 1
0x7b913991e4c7, 1, 0, 1
0x7b91250a9edd, 1
0x7b913991d7ff, 1, 0, 1
0x7b91250a0124, 1, 0, 1
0x7b913991d7c6, 1, 0, 1
0x7b9139918c87, 1, 0, 1
0x7b91250a9ef1, 1
0x7b91250a9f3e, 1
0x7b91250a9f52, 1, 0, 1
0x7b91250a9f6b, 1, 0x7b91250ad885, 1
0x7b912510e607, 1, 0x7b91252ab1ef, 1
0x7b9125291d00, 1, 0x7b91252915a0, 1
0x40291b, 1, 0x403132, 1
0x7b9139914643, 1, 0, 1
0x7b91250ace29, 1, 0, 1
0x7b9139908a96, 1
0x7b913991d7bc, 1, 0, 1
0x7b913990f241, 1, 0x7b913991d7bc, 1
0x7b91399168de, 1, 0x7b913990bd4c, 1
0x7b913991e647, 1
0x7b9139916900, 1, 1, 0
0x402c77, 1, 0, 1
0x7b912511f8ea, 1, 0, 1
0x7b91252c20d0, 1
0x7b9139912c10, 1
0x407d2c, 1, 0, 1
0x4013d9, 1
0x7b9125293764, 1
0x402c37, 1
0x7b91250ac61d, 1, 0, 1
0x7b91250ac675, 1, 1, 0
0x7b9139903b14, 1, 1, 0
0x7b913991f35e, 1
0x7b912511703b, 1, 0, 1
0x7b9139916662, 1, 0x7b9139916677, 1
0x7b913991d687, 1, 1, 0
0x7b9125126b3a, 1, 0, 1
0x7b913991e913, 1
0x4083ee, 1, 0, 1
0x7b91398fe989, 1
0x7b9125126ba0, 1
0x7b9125126b3c, 1, 1, 0
0x7b9125126b7f, 1
0x7b913991446f, 1
0x7b9125126b84, 1, 0, 1
0x7b91250acbf7, 1, 0, 1
0x7b913991d610, 1, 0, 1
0x7b9139918afe, 1, 0, 1
0x7b91252c20f5, 1
0x7b91250ac953, 1, 0, 1
0x7b913991d596, 1, 1, 0
0x7b91250ac98f, 1, 1, 0
0x7b913991d560, 1, 0, 1
0x7b9125126bab, 1
0x7b9125185596, 1, 0, 1
0x7b91250acb54, 1
0x7b91250aca0f, 1, 1, 0
0x7b913991de53, 1, 0, 1
0x7b9139915e75, 1
0x7b9139918a20, 1
0x402ee7, 1, 0, 1
0x7b91250ac742, 1
0x7b91398fd401, 1, 0x7b913991bc70, 1
0x7b913991de38, 1
0x7b91250cb8f0, 1, 1, 0
0x7b91250ace47, 1, 0, 1
0x7b91250ace5d, 1
0x7b91250ad7a3, 1, 0, 1
0x7b91250ad885, 1, 1, 0
0x7b91252944aa, 1, 0x7b91252ab10f, 1
0x7b91250a36d0, 1, 0x7b91252ab118, 1
0x7b91399036bd, 1
0x7b913991d626, 1
0x7b913991d46c, 1, 1, 0
0x7b913991a20c, 1, 1, 0
0x7b913991aef8, 1
0x7b913991d8a5, 1, 0, 1
0x7b9139910ffd, 1
0x7b91252ab118, 1
0x4011d6, 1
0x402db0, 1, 1, 0
0x7b912509dd50, 1, 1, 0
0x7b9139915bce, 1
0x7b9139921e20, 1
0x40134e, 1, 0x401041, 1
0x7b91252c1384, 1, 0, 1
0x7b913991d186, 1
0x408482, 1
0x7b913990809b, 1, 0, 1
0x7b912509dd60, 1
0x7b913991d3c8, 1, 1, 0
0x7b9125189495, 1, 1, 0
0x7b9139918c99, 1, 0x7b9139908070, 1
0x7b913991d07c, 1, 0, 1
0x7b912512a7f4, 1
0x7b9125189560, 1, 0, 1
0x7b91250b2244, 1, 0x7b913990bd4c, 1
0x7b913991c332, 1, 1, 0
0x7b912518956f, 1, 0, 1
0x7b9139903493, 1, 0, 1
0x7b9125189579, 1, 1, 0
0x7b913991d02c, 1, 0, 1
0x7b9139923d10, 1, 1, 0
0x7b913991d538, 1, 0, 1
0x7b912518957e, 1, 0x7b912509dd7a, 1
0x405b2b, 1, 0, 1
0x7b912509dd7a, 1, 0x7b91252ab136, 1
0x7b91252ab136, 1, 1, 0
0x7b91399238a0, 1, 0, 1
0x7b91252ab1e0, 1
0x7b9139912563, 1, 1, 0
0x7b91250b4de5, 1
0x7b91250c86b0, 1, 0, 1
0x7b912510e5e8, 1, 1, 0
0x7b913991e6a6, 1
0x7b91399218d8, 1, 0x7b913991e3bb, 1
0x7b913991464c, 1, 0x7b9139915fec, 1
0x7b9139903265, 1, 0, 1
0x7b91252ab21f, 1
0x7b913991e80f, 1, 1, 0
0x7b91252ab268, 1, 0x7b9125292c5c, 1
0x7b9125292b30, 1, 0, 1
0x7b91399089bb, 1
0x7b9125292b90, 1
0x7b91252944a5, 1, 0, 1
0x7b91252944c0, 1
0x7b9125291360, 1
0x7b91250ae7ea, 1, 0, 1
0x7b91250988c4, 1
0x7b91250ae7f6, 1, 0, 1
0x7b91250ae8a7, 1, 0, 1
0x7b91250ae8b7, 1, 1, 0
0x7b9139914824, 1, 0, 1
0x4050b2, 1, 0x404f13, 1
0x7b91250aea88, 1, 0, 1
0x7b91250aea98, 1, 0, 1
0x7b91250aeaa5, 1
0x7b91399148c1, 1
0x7b91251894c9, 1, 1, 0
0x7b91252944dd, 1, 0, 1
0x7b9125137420, 1, 0, 1
0x7b9139924482, 1, 0, 1
0x7b913991e02e, 1, 0, 1
0x7b9125292ba1, 1, 1, 0
0x7b9125292c09, 1
0x7b9125292b83, 1, 0x7b9125292c78, 1
0x7b9125292c78, 1, 0, 1
0x7b91399147d7, 1, 0, 1
0x7b91399033f0, 1
0x7b91398ff17e, 1, 0x7b9139908070, 1
0x405375, 1
0x7b9125292d0d, 1, 0, 1
0x7b9125291420, 1
0x7b91252910e0, 1
0x4050f2, 1, 0x404f13, 1
0x7b913991b5a0, 1, 0x401310, 1
0x7b91399151c6, 1, 0, 1
0x7b913991c0f6, 1
0x7b9125085700, 1
0x7b9139914763, 1, 0, 1
0x7b9125293874, 1, 1, 0
0x7b9125292e6d, 1, 1, 0
0x7b9139901740, 1, 1, 0
0x7b9125292e74, 1, 0, 1
0x7b912529332a, 1
0x7b9125292f75, 1, 1, 0
0x7b913991d14e, 1, 0, 1
0x7b91250b24d0, 1, 0, 1
0x7b91250b4d70, 1, 1, 0
0x7b9125293e63, 1, 1, 0
0x7b91250ca9b4, 1, 0x7b913990bd4c, 1
0x405c46, 1
0x7b9139908a89, 1
0x7b91250ca9c0, 1, 0, 1
0x7b91251854f3, 1
0x7b91398ff4c8, 1
0x7b913991e12d, 1, 0, 1
0x7b91398ff214, 1, 1, 0
0x7b9125296c60, 1, 0x7b9125293390, 1
0x7b9125293390, 1, 1, 0
0x7b913991e7f6, 1
0x7b9139915b3d, 1
0x404178, 1
0x7b9125293c8b, 1, 1, 0
0x7b91250ab785, 1, 1, 0
0x7b913991e46e, 1, 0, 1
0x7b912512a7b8, 1
0x7b9125292fb0, 1, 1, 0
0x7b912509e830, 1, 0, 1
0x7b913991d534, 1, 0, 1
0x7b91250ab0d8, 1
0x7b913991cb88, 1, 1, 0
0x7b9125293985, 1, 0, 1
0x7b9139908a36, 1
0x401260, 1, 0x401266, 1
0x7b91399040a3, 1
0x7b91251166c3, 1, 0x402a26, 1
0x7b9139902185, 1, 0, 1
0x7b9125293111, 1, 1, 0
0x7b9125293513, 1, 0, 1
0x7b9139910e70, 1, 0x7b913991cb51, 1
0x7b91250cc41d, 1, 0x7b913990bd4c, 1
0x7b9139916410, 1
0x7b913992133a, 1, 0x7b913991af1c, 1
0x7b91250cc402, 1, 0, 1
0x7b9125292c8f, 1
0x7b9139921300, 1, 0, 1
0x7b912529352c, 1, 1, 0
0x401116, 1
0x7b913991d4ec, 1, 0, 1
0x7b91252938a4, 1, 1, 0
0x7b9139924cad, 1, 0, 1
0x7b9139914693, 1, 1, 0
0x7b91399032ac, 1, 0, 1
0x7b9125293b61, 1
0x7b9125293b6a, 1, 1, 0
0x7b9125293644, 1, 1, 0
0x7b9139915df0, 1
0x7b9125291330, 1
0x7b912509a120, 1
0x7b912511f670, 1, 0, 1
0x4013f0, 1, 1, 0
0x7b912509a14c, 1, 0x7b912529366a, 1
0x7b9139915b8c, 1
0x7b912529366a, 1, 1, 0
0x7b91250b22e7, 1, 0, 1
0x7b91252939ba, 1, 1, 0
0x7b912529378a, 1, 0, 1
0x7b9125293840, 1
0x7b91250856d0, 1, 0, 1
0x7b91252937c5, 1, 1, 0
0x7b912513778f, 1, 0, 1
0x7b91250a0135, 1
0x7b912509e83d, 1, 1, 0
0x7b91250d8f76, 1, 0x7b913990bd4c, 1
0x7b913991cb51, 1, 0, 1
0x7b913991d7d4, 1
0x7b91252c0bf0, 1
0x7b91252c1350, 1, 0, 1
0x7b9139916997, 1, 0x7b913991e37e, 1
0x7b91252c135b, 1, 0, 1
0x7b9139914417, 1, 0, 1
0x7b9139915d1d, 1, 1, 0
0x7b913991c379, 1, 1, 0
0x7b9139918eb7, 1, 0, 1
0x7b91252c1397, 1, 0, 1
0x7b91252c13a7, 1, 0x7b9125293845, 1
0x7b913991dfa9, 1, 0, 1
0x7b912529384a, 1, 0, 1
0x7b9125092e93, 1, 1, 0
0x7b91252943a0, 1
0x4011b0, 1, 0x4011b6, 1
0x7b9139914400, 1, 0, 1
0x7b91250471f0, 1, 0, 1
0x7b9125047225, 1
0x7b9139901e73, 1
0x7b912504702c, 1
0x7b91250470cb, 1
0x7b9125047231, 1, 0, 1
0x7b9125047236, 1, 0, 1
0x7b912502a233, 1, 0, 1
0x7b9139921e1e, 1, 0x7b913990813c, 1
0x7b913991c76e, 1, 0x7b913991b548, 1
0x7b912529378e, 1
0x4185ca, 1, 0x4013f0, 1
0x7b9125129929, 1, 0, 1
0x401390, 1, 0, 1
0x4013b5, 1, 0x4185dd, 1
0x4185e6, 1, 0x7b912502a264, 1
0x40133c, 1, 1, 0
0x7b91398ff1a0, 1, 0, 1
0x7b9139915b72, 1
0x7b9139916dae, 1, 0x7b912502a273, 1
0x7b913991e19d, 1, 0, 1
0x7b913991e8e8, 1, 1, 0
0x7b9139915499, 1, 0, 1
0x7b913991af1c, 1, 0, 1
0x7b912502a27c, 1
0x407ce0, 1
0x7b913991c51a, 1, 0, 1
0x7b912502a150, 1
0x7b9125044ed0, 1, 1, 0
0x7b9139915b0d, 1
0x7b9125044f3e, 1
0x7b9139916483, 1, 0, 1
0x7b9125095700, 1, 1, 0
0x7b9139900680, 1, 1, 0
0x7b9125044f64, 1, 0x7b912502a181, 1
0x7b912502a181, 1, 0, 1
0x405642, 1
0x7b912502a189, 1, 0x4040af, 1
0x4040d5, 1
0x7b913991af0e, 1
0x7b9139912f12, 1, 0, 1
0x7b9125291a90, 1, 0x7b9125291330, 1
0x7b91250855fd, 1, 1, 0
0x7b9139912c31, 1, 0, 1
0x7b913991519f, 1, 0, 1
0x7b9139923b8a, 1, 1, 0
0x404169, 1
0x7b9139915af6, 1, 1, 0
0x4011c6, 1
0x7b913991d159, 1, 0, 1
0x4042ca, 1, 0, 1
0x7b913991e0c6, 1, 0, 1
0x404196, 1
0x7b913991d136, 1, 0, 1
0x4041ca, 1, 1, 0
0x401066, 1
0x7b913991caf0, 1
0x404202, 1
0x7b9139910fd8, 1
0x40424a, 1, 1, 0
0x404255, 1
0x412412, 1
0x7b91399209c0, 1
0x7b913991d1bc, 1, 0, 1
0x4042fa, 1, 1, 0
0x7b9125294467, 1
0x7b9139902921, 1, 0, 1
0x7b91250b2274, 1
0x7b9139916da0, 1, 0, 1
0x7b9139914817, 1, 0, 1
0x7b912518956a, 1, 0, 1
0x403f13, 1, 0, 1
0x7b912518b5f1, 1, 0x403f03, 1
0x4042d6, 1
0x4042e5, 1
0x7b913991dfa0, 1, 0, 1
0x7b913991c69a, 1, 1, 0
0x4042ee, 1, 0, 1
0x40431b, 1
0x7b913991a22b, 1, 0, 1
0x7b91399147e2, 1, 0, 1
0x7b91251894c0, 1, 0, 1
0x7b913991562a, 1, 0, 1
0x4012f6, 1
0x7b91399147ae, 1
0x7b913991c43d, 1, 0, 1
0x7b9125047975, 1, 0, 1
0x7b91399118b0, 1, 0, 1
0x7b91250b5bc0, 1, 0, 1
0x7b91250b4e85, 1
0x7b91250b5bd6, 1, 0, 1
0x408383, 1, 0, 1
0x7b91250b5be0, 1, 0x7b913990ed72, 1
0x7b91398fd009, 1
0x7b91398fd000, 1, 0, 1
0x404343, 1, 0, 1
0x7b913991475a, 1, 0, 1
0x40435c, 1, 1, 0
0x7b913991473f, 1, 0, 1
0x7b912502a127, 1, 0x7b913990171f, 1
0x7b913991c31f, 1, 0, 1
0x402a47, 1, 1, 0
0x40436b, 1
0x4043b1, 1, 0, 1
0x4043b6, 1
0x4043f5, 1
0x404607, 1, 1, 0
0x405f1c, 1, 0x404f40, 1
0x7b913991dde0, 1
0x7b9125292cb2, 1, 0, 1
0x7b913991f6c8, 1, 0, 1
0x7b9125137799, 1, 0x7b913990bd4c, 1
0x7b91250c86ef, 1, 0, 1
0x404612, 1
0x4044ac, 1
0x40494c, 1
0x7b9125092f10, 1, 1, 0
0x402dda, 1, 1, 0
0x7b91250930c0, 1, 1, 0
0x4010c6, 1
0x7b913992390a, 1, 1, 0
0x40494f, 1, 1, 0
0x7b9139913bc0, 1, 0, 1
0x40496f, 1, 1, 0
0x7b913991c561, 1, 1, 0
0x404964, 1, 0, 1
0x40498f, 1, 1, 0
0x4049cf, 1, 1, 0
0x7b913991e87b, 1
0x7b9139915eda, 1
0x7b91250b30f5, 1, 0, 1
0x4049ee, 1, 1, 0
0x407c23, 1, 1, 0
0x7b91250a1aae, 1, 0x7b9139901517, 1
0x7b9139914797, 1, 0, 1
0x7b9139924c00, 1, 1, 0
0x7b913990068a, 1, 0, 1
0x404a0e, 1
0x7b913991d579, 1, 0, 1
0x7b913991e59f, 1, 0, 1
0x404a1d, 1
0x404a2c, 1
0x7b913992131a, 1, 1, 0
0x404a64, 1
0x404ad1, 1, 1, 0
0x7b91399145a0, 1, 0, 1
0x4041aa, 1
0x404ad8, 1
0x7b9139918e80, 1, 1, 0
0x7b9139915fcd, 1
0x7b91399218c0, 1
0x404aa4, 1
0x7b9139914da3, 1
0x402b73, 1, 1, 0
0x402bba, 1, 1, 0
0x7b9139915f90, 1
0x402beb, 1
0x4012d6, 1
0x402bff, 1
0x402c13, 1
0x402ccf, 1, 0, 1
0x40502b, 1
0x7b913991dd94, 1, 1, 0
0x402c82, 1
0x418640, 1, 0x41863a, 1
0x402a74, 1, 0x402c8c, 1
0x7b91398ff109, 1, 1, 0
0x7b91250ace3a, 1
0x7b912593d108, 1, 0x7b9139901578, 1
0x7b91250988ec, 1
0x7b913991c6bd, 1
0x7b9139918f19, 1, 1, 0
0x7b913991f36d, 1
0x402cda, 1
0x4018b8, 1
0x7b91399147c0, 1, 1, 0
0x7b913990ff00, 1, 0, 1
0x7b913991e0bd, 1, 0, 1
0x7b913990146c, 1, 1, 0
0x7b91252943d0, 1, 1, 0
0x404348, 1
0x7b91399015da, 1, 0x7b9125047a76, 1
0x7b91250855aa, 1, 1, 0
0x402a6f, 1, 0x403291, 1
0x404384, 1
0x7b9139908adc, 1
0x7b91250b2264, 1, 0, 1
0x7b9125096337, 1, 0, 1
0x7b913991c352, 1, 0, 1
0x7b9139915f3a, 1
0x7b91252943bb, 1, 0, 1
0x401126, 1
0x405eef, 1, 0x404f40, 1
0x7b91250ad7b1, 1, 1, 0
0x7b9139918b56, 1
0x407c49, 1, 0, 1
0x402daa, 1, 1, 0
0x4050dd, 1, 1, 0
0x402e20, 1, 0, 1
0x40564e, 1
0x402e2b, 1, 1, 0
0x7b91250a9f19, 1
0x7b913991d62b, 1, 0, 1
0x7b9125092f90, 1
0x7b9125047ba0, 1
0x402e83, 1, 0, 1
0x7b913991df08, 1, 0, 1
0x7b913991c303, 1, 0, 1
0x402e8e, 1
0x7b913991c75e, 1, 0, 1
0x7b9139916588, 1
0x7b912511b230, 1
0x7b9125091ba8, 1
0x7b9125091b7e, 1, 0x7b9125091e52, 1
0x7b913991ee4e, 1, 1, 0
0x7b9125091c6e, 1, 0, 1
0x7b9139908303, 1, 0x7b9139912c28, 1
0x7b9125047000, 1, 0, 1
0x7b9125085f38, 1
0x402ef2, 1, 1, 0
0x402f67, 1
0x7b91250a011e, 1, 0, 1
0x7b9139904c4a, 1, 1, 0
0x7b9139918a9e, 1
0x4029e0, 1, 1, 0
0x4029ee, 1, 0x402f71, 1
0x402f80, 1, 1, 0
0x403110, 1
0x407c4f, 1, 0, 1
0x7b9139912f20, 1, 0, 1
0x4028ba, 1
0x7b913990f38c, 1, 0x7b913991aef1, 1
0x401280, 1, 0x401286, 1
0x7b91399144f6, 1, 0, 1
0x7b912511b1d0, 1, 1, 0
0x4028e5, 1, 1, 0
0x401266, 1
0x7b9139914ef0, 1, 0, 1
0x7b91250854f0, 1, 0, 1
0x7b91250b22f4, 1, 0, 1
0x7b9125085512, 1, 1, 0
0x7b9125085640, 1, 1, 0
0x7b913991d582, 1, 0, 1
0x7b912508554c, 1, 1, 0
0x7b9139910f7e, 1
0x7b912508567e, 1, 0, 1
0x7b91399147cc, 1
0x402f71, 1, 0, 1
0x7b9125085686, 1, 0, 1
0x7b9139918f40, 1, 1, 0
0x7b9139919550, 1
0x7b9125117000, 1, 0, 1
0x7b912511c7c0, 1
0x7b912511c7cf, 1, 0, 1
0x7b912502a117, 1, 0, 1
0x7b913991c30f, 1, 0, 1
0x7b912511c7de, 1, 0x7b9125117045, 1
0x7b913991cbf0, 1, 1, 0
0x7b9125117045, 1, 0, 1
0x7b91399158bf, 1, 0, 1
0x401af2, 1, 0x403271, 1
0x7b91399194d0, 1, 1, 0
0x7b9125085565, 1, 0, 1
0x7b913991dd44, 1, 1, 0
0x7b912508556e, 1, 1, 0
0x7b91250856d9, 1, 1, 0
0x7b912508559e, 1, 0, 1
0x7b91250957d8, 1
0x7b91250855e7, 1
0x7b9125085625, 1, 0x402906, 1
0x7b91250ab01d, 1
0x40320a, 1, 1, 0
0x7b913990150e, 1, 0x7b91250a1a70, 1
0x40324c, 1
0x4016ce, 1
0x7b91250ac63d, 1, 1, 0
0x7b91398feaad, 1, 1, 0
0x4016fe, 1, 0, 1
0x7b9139915475, 1, 0, 1
0x7b9139915201, 1, 0, 1
0x401706, 1
0x7b9125096100, 1
0x401715, 1, 0, 1
0x7b913991a1d0, 1, 0, 1
0x7b91399017bf, 1, 1, 0
0x40171d, 1
0x407bfa, 1, 0, 1
0x407c55, 1, 0, 1
0x407c5b, 1, 0, 1
0x407c6a, 1, 1, 0
0x7b91399006b7, 1, 1, 0
0x407cea, 1, 1, 0
0x407d25, 1, 0, 1
0x407db4, 1
0x7b913991d03c, 1
0x404f08, 1, 0x405045, 1
0x405053, 1, 0, 1
0x40505a, 1, 0, 1
0x4042ac, 1
0x7b913991e92a, 1, 1, 0
0x7b9139915fec, 1
0x405060, 1, 0, 1
0x7b913991c386, 1, 1, 0
0x405099, 1, 0, 1
0x40508c, 1, 0, 1
0x7b91250cc383, 1, 0, 1
0x7b9125137794, 1, 0, 1
0x7b912512a7d1, 1, 1, 0
0x40514f, 1, 0x404f13, 1
0x40517e, 1, 0x404f13, 1
0x7b91250967e0, 1
0x4051a5, 1, 0, 1
0x4051ba, 1, 0, 1
0x7b91399154df, 1, 1, 0
0x4051c7, 1, 1, 0
0x407dcf, 1, 1, 0
0x407e0f, 1, 0x401748, 1
0x4011b6, 1
0x7b913991d149, 1, 0, 1
0x401748, 1, 0, 1
0x7b91399154c1, 1, 0, 1
0x401186, 1
0x7b91250952a8, 1, 0, 1
0x7b913990151c, 1, 1, 0
0x7b91399152e0, 1, 0, 1
0x7b9139915d09, 1
0x7b9125092884, 1, 0, 1
0x7b9139918eee, 1, 0, 1
0x7b913991d768, 1, 1, 0
0x7b91250b2018, 1, 1, 0
0x7b9125092891, 1
0x4016af, 1
0x7b9139915209, 1, 0, 1
0x7b912511f9cb, 1, 0, 1
0x7b91399032b5, 1
0x7b91250ab003, 1, 0, 1
0x7b9139908348, 1
0x7b9125096a1f, 1, 0, 1
0x7b9125093ec9, 1, 0x7b912508649b, 1
0x7b9139915d9f, 1
0x7b91399147e9, 1, 0, 1
0x40311f, 1
0x7b9139918c5e, 1
0x7b913990f231, 1, 1, 0
0x405b42, 1, 1, 0
0x40541f, 1
0x405bb7, 1, 0, 1
0x7b912502a0d0, 1, 1, 0
0x7b913991f4d4, 1
0x7b913991c2c8, 1, 0, 1
0x7b91250b22cd, 1, 0, 1
0x4010f6, 1
0x7b9139915320, 1, 1, 0
0x4121f7, 1, 1, 0
0x7b913991d3e4, 1, 0, 1
0x405bce, 1
0x7b9139915122, 1, 1, 0
0x401236, 1
0x40c94a, 1, 0x412479, 1
0x412423, 1
0x7b91250855d4, 1
0x7b913991c3a0, 1, 1, 0
0x405bec, 1
0x7b9125047910, 1, 1, 0
0x7b91399014dd, 1, 1, 0
0x40843a, 1, 0, 1
0x40c8a8, 1, 0x41228d, 1
0x7b91399154d2, 1, 0, 1
0x41228d, 1
0x7b913991c2e3, 1, 0, 1
0x4122c0, 1
0x408184, 1, 1, 0
0x7b912511c500, 1
0x7b9125096b18, 1, 1, 0
0x41243b, 1, 1, 0
0x7b91250ee219, 1
0x4123bd, 1
0x7b912504794f, 1, 0, 1
0x7b912511f9ed, 1, 0, 1
0x7b9125093a80, 1, 0, 1
0x7b9125092e70, 1, 1, 0
0x405f49, 1, 0x404f40, 1
0x7b9125092e86, 1, 0, 1
0x7b9125092e7d, 1, 0, 1
0x7b913991e247, 1, 1, 0
0x7b9139915f7f, 1
0x7b91250b4e66, 1, 0, 1
0x7b91399014ca, 1, 0, 1
0x40528c, 1
0x7b9139903590, 1, 0, 1
0x401881, 1, 0, 1
0x4083f5, 1, 0, 1
0x7b91399152ec, 1, 1, 0
0x7b913990329e, 1, 0x7b9139908070, 1
0x7b9125095640, 1, 1, 0
0x7b9125095731, 1
0x7b91250927f8, 1
0x4016cc, 1, 0x40178b, 1
0x7b9139914517, 1
0x7b91252921f9, 1, 0x7b91398fd0f2, 1
0x4017fe, 1
0x408127, 1, 1, 0
0x7b9139903271, 1, 0, 1
0x7b91250b211d, 1, 0, 1
0x7b91399144ed, 1
0x7b9125291030, 1
0x7b91250a0056, 1, 0x7b91399013ff, 1
0x7b9125098900, 1
0x4081c2, 1
0x7b9139915636, 1, 1, 0
0x4081d1, 1, 1, 0
0x408204, 1, 0, 1
0x7b91398febe3, 1, 0, 1
0x401076, 1
0x7b91399152a0, 1, 0, 1
0x4010a6, 1
0x40820b, 1, 0, 1
0x40821c, 1, 0, 1
0x7b91399209d7, 1, 0x7b913991aef8, 1
0x40822d, 1, 0, 1
0x405d20, 1, 1, 0
0x405d44, 1, 0, 1
0x405d4a, 1
0x405821, 1, 0, 1
0x405837, 1, 1, 0
0x4059e8, 1
0x405628, 1, 0, 1
0x7b912511c490, 1, 0, 1
0x7b9139921df3, 1, 0x7b91399133c0, 1
0x4123ce, 1
0x7b91399209cb, 1, 0, 1
0x4123f0, 1
0x412401, 1
0x41246d, 1
0x7b9125293547, 1, 1, 0
0x401086, 1
0x7b91250ae803, 1, 0, 1
0x40c8ce, 1
0x40c93c, 1, 1, 0
0x7b91399163f8, 1
0x7b91250a010a, 1, 0, 1
0x7b9125096a8c, 1
0x7b913991e492, 1
0x4082a8, 1, 1, 0
0x40838a, 1
0x405b36, 1
0x405e78, 1
0x408399, 1, 0, 1
0x40839d, 1
0x7b9139915faf, 1
0x7b91251880c0, 1, 0, 1
0x7b91399044dc, 1
0x7b9139918940, 1, 1, 0
0x4083ac, 1
0x7b9125137540, 1, 0, 1
0x7b912511031a, 1, 0x7b912511049f, 1
0x7b91251100a0, 1, 0, 1
0x4083bb, 1, 1, 0
0x7b9139915618, 1, 0, 1
0x40840c, 1, 0, 1
0x408423, 1, 0, 1
0x408451, 1, 0, 1
0x7b91252937b2, 1
0x408462, 1
0x7b91250a9f5c, 1, 0, 1
0x7b913991d66e, 1, 0, 1
0x7b91399191f0, 1, 0x7b913991c704, 1
0x7b91399118e7, 1, 0, 1
0x7b91398fd034, 1, 0, 1
0x405e91, 1, 1, 0
0x405ee2, 1, 0, 1
0x405f0f, 1, 0, 1
0x4013d0, 1, 0, 1
0x405f3c, 1, 0, 1
0x7b91250ade12, 1
0x7b912502a25b, 1, 0x418580, 1
0x7b9125292c01, 1
0x405f69, 1, 0x404f40, 1
0x7b91250ab03b, 1, 0, 1
0x7b91250ab0e3, 1
0x7b913991028d, 1, 0, 1
0x40565a, 1, 0x405bce, 1
0x7b913991e3c3, 1, 0, 1
0x40848e, 1
0x7b913991aefd, 1, 0, 1
0x4084a0, 1, 0x401840, 1
0x404a03, 1, 0, 1
0x7b91252c137c, 1, 0, 1
0x401840, 1, 0, 1
0x40185d, 1, 0, 1
0x7b9125091a10, 1
0x401891, 1
0x4018d2, 1, 0, 1
0x7b913991c449, 1, 0, 1
0x4018da, 1
0x4018f6, 1, 1, 0
0x403271, 1, 0, 1
0x7b9139918ec6, 1, 0, 1
0x7b91252936b5, 1, 1, 0
0x401270, 1, 0x401276, 1
0x7b913991c2a8, 1, 1, 0
0x401276, 1
0x7b913991c5c5, 1, 1, 0
0x402dc6, 1
0x7b913991a21a, 1
0x7b91251166bb, 1, 0, 1
0x7b9139916870, 1, 0, 1
0x401070, 1, 0x401076, 1
0x7b913991c3ef, 1, 0, 1
0x7b9125293992, 1
0x7b912511c4b3, 1
0x7b912511c516, 1, 0x7b912511c4e5, 1
0x7b912511c4e5, 1, 0, 1
0x7b913991c704, 1
0x7b9139915076, 1, 1, 0
0x7b912511c4f4, 1, 0x402a47, 1
0x401250, 1, 0x401256, 1
0x7b91250acc16, 1, 0, 1
0x401256, 1
0x7b913991c5da, 1, 1, 0
0x7b91251166eb, 1, 0, 1
0x403291, 1, 1, 0
0x7b912511030e, 1, 0, 1
0x4032bb, 1, 0x404ac2, 1
0x7b91399017c9, 1, 0, 1
0x7b912509682b, 1, 0, 1
0x404ac2, 1
0x7b91251854d0, 1
0x7b912504774e, 1, 0x7b9125047b6a, 1
0x404ac5, 1, 0, 1
0x404cc6, 1, 1, 0
0x404ccd, 1, 0x7b912502a1ca, 1
0x7b912502a1ca, 1
0x7b9125047b65, 1
0x7b9125047b6a, 1
0x401226, 1
0x7b9139915450, 1
0x7b912504795f, 1, 0, 1
0x7b9125047999, 1, 1, 0
0x7b9125047a6e, 1, 0x7b9139901380, 1
0x7b9139901380, 1, 0, 1
0x7b91399013ba, 1
0x7b91250ace50, 1, 0, 1
0x405f89, 1, 0x408482, 1
0x7b913990f220, 1
0x7b91399144a2, 1, 0, 1
0x7b913991c40d, 1, 0, 1
0x7b91399013f6, 1, 0x7b912509fff0, 1
0x7b91250a0009, 1, 1, 0
0x7b91250a00cf, 1, 1, 0
0x7b9139901406, 1, 0, 1
0x404a3b, 1, 0, 1
0x7b9139901418, 1
0x7b913990142c, 1, 1, 0
0x7b913990147d, 1, 1, 0
0x7b913991c460, 1, 0, 1
0x7b91399015e9, 1
0x7b91250ad796, 1, 0, 1
0x7b91399014d5, 1, 0, 1
0x7b91250a1a83, 1, 1, 0
0x7b91250a1a8f, 1, 0, 1
0x7b91250a1af0, 1, 1, 0
0x7b91250a1b07, 1, 0, 1
0x7b91250a1aa5, 1, 0, 1
0x7b91250b24b5, 1, 0x7b913990bd4c, 1
0x7b913991bc94, 1, 1, 0
0x7b91252943f8, 1, 0x7b912529446c, 1
0x401375, 1, 0x4013e2, 1
0x7b913991a292, 1, 0x7b913991aee0, 1
0x4013e2, 1, 0x7b91398fd0f2, 1
0x7b9139901599, 1
0x7b91399147e6, 1, 1, 0
0x7b9125292210, 1
0x7b9125291310, 1
0x7b9125292200, 1
0x7b9125294440, 1, 0, 1
0x7b912529445b, 1
0x7b912529446c, 1, 0x7b91398fd0f2, 1
0x7b91252ccce4, 1, 0x7b9139901578, 1
0x7b912593d0bd, 1, 0, 1
0x7b912593d0cb, 1
0x7b9125092868, 1, 1, 0
0x7b912511c7a0, 1, 0, 1
0x7b91399218cb, 1, 1, 0
0x7b9125085582, 1, 1, 0
0x7b91250ac88f, 1, 0, 1
0x7b912593d030, 1, 0x7b91250472c0, 1
0x7b912593d040, 1, 1, 0
0x7b912593d0dc, 1, 0x7b91398fd0f2, 1
0x7b91399015a3, 1
0x7b91398ff770, 1
0x7b91399013e1, 1, 1, 0
0x7b9139914860, 1
0x7b91399015b0, 1, 0, 1
0x7b91399015b6, 1, 0, 1
0x7b91399015d1, 1, 0, 1
0x7b9125047a76, 1, 1, 0
0x7b9139915ec0, 1, 0, 1
0x7b91250479e6, 1, 1, 0
0x7b9125047ad8, 1, 1, 0
0x7b9125047a10, 1, 0, 1
0x7b9125047a2e, 1
0x7b91250a1a70, 1, 0, 1
0x7b913991c4c2, 1, 1, 0
0x7b913991c2ef, 1, 1, 0
0x7b9125047b6f, 1
0x7b913991462b, 1, 0, 1
0x7b9125096143, 1, 0, 1
0x7b912509615c, 1, 1, 0
0x7b913991c6e2, 1
0x7b912510e5d0, 1, 0, 1
0x7b91250963e0, 1, 1, 0
0x7b91250961a1, 1
0x7b9125096328, 1, 0, 1
0x7b913991def4, 1, 0, 1
0x7b912509633b, 1
0x7b9139915f56, 1
0x7b9125096358, 1, 0, 1
0x405381, 1, 0x407dcf, 1
0x7b913991aec0, 1
0x7b912509636b, 1, 0x7b912509680d, 1
0x7b912509680d, 1
0x7b9125096ab2, 1
0x7b913991b548, 1, 1, 0
0x7b9139915db3, 1
0x7b9125096997, 1, 0, 1
0x7b913991d508, 1
0x402ce4, 1, 1, 0
0x7b912509699f, 1
0x7b91250969bc, 1, 0, 1
0x7b913991c362, 1, 0, 1
0x7b9139915ea0, 1, 0, 1
