/home/noam/binary_translation/ex4/ex2ref/bzip2, 0x400000, mainGtU, 0x40a468, 40554224091, 50841127
RAX values: 0x7b9123291010 -> 0x7b9123291283 -> 0x7b9123291010 -> 0x7b912330aecb -> 0x7b9123291010 -> 0x7b9123291284 -> 0x7b9123291010 -> 0x7b912330aecc -> 0x7b9123291010 -> 0x7b9123291285 -> 0x7b9123291010 -> 0x7b912330aecd -> 0x7b9123291010 -> 0x7b9123291286 -> 0x7b9123291010 -> 0x7b912330aece -> 0x7b9123291010 -> 0x7b9123291287 -> 0x7b9123291010 -> 0x7b912330aecf   Has an Average delta: Yes   Average delta: 0x39d53
RBX values:    Has an Average delta: No
RCX values:    Has an Average delta: No
RDX values: 0x4fe -> 0xf3d8e -> 0x500 -> 0xf3d90 -> 0x502 -> 0xf3d92 -> 0x504 -> 0xf3d94 -> 0x506 -> 0xf3d96 -> 0x508 -> 0xf3d98 -> 0x50a -> 0xf3d9a -> 0x50c -> 0xf3d9c -> 0x50e -> 0xf3d9e -> 0x510 -> 0xf3da0   Has an Average delta: Yes   Average delta: 0xf388f
RSI values:    Has an Average delta: No
RDI values:    Has an Average delta: No
/home/noam/binary_translation/ex4/ex2ref/bzip2, 0x400000, mainQSort3, 0x40afb7, 4948923707, 11244
RAX values: 0x0 -> 0x0 -> 0x0 -> 0x0 -> 0x0 -> 0x0 -> 0x7b9124a11010 -> 0x7fff00798568 -> 0x0 -> 0x0 -> 0x0 -> 0x0 -> 0x0 -> 0x0 -> 0xa5a60 -> 0x7b9124a11010 -> 0x7b9124ca7990 -> 0x7b9123291010 -> 0x7b9123309e06 -> 0xa5a6b   Has an Average delta: Yes   Average delta: 0x1a7af673327f
RBX values: 0xffffffff -> 0x7 -> 0x15 -> 0x1b -> 0x22 -> 0x1b -> 0xd -> 0x30 -> 0x48 -> 0x1d -> 0x83 -> 0xf -> 0x7 -> 0x37 -> 0xf -> 0xf -> 0x94 -> 0x68 -> 0x1d -> 0xa3   Has an Average delta: Yes   Average delta: 0xd79438a
RCX values: 0x2969ac -> 0x296958 -> 0x29695c -> 0x296960 -> 0x296964 -> 0x296968 -> 0x29696c -> 0x296970 -> 0x296974 -> 0x296978 -> 0x29697c -> 0x296980 -> 0x296984 -> 0x296988 -> 0x29698c -> 0x296990 -> 0x296994 -> 0x296998 -> 0x29699c -> 0x2969a0   Has an Average delta: Yes   Average delta: 0x8
RDX values: 0x7b912336cbc0 -> 0x296980 -> 0x296958 -> 0x296958 -> 0x296958 -> 0x7b9124ca7968 -> 0x296958 -> 0x7b9124ca7968 -> 0x29695c -> 0x29695c -> 0x29695c -> 0x7b9124ca796c -> 0x29695c -> 0x7b9124ca796c -> 0x296960 -> 0x296960 -> 0x296960 -> 0x7b9124ca7970 -> 0x296960 -> 0x7b9124ca7970   Has an Average delta: Yes   Average delta: 0x4e0ad3aecb1b
RSI values: 0x7b9123291010 -> 0x296958 -> 0x296958 -> 0x296958 -> 0x296958 -> 0x296958 -> 0x296958 -> 0x296958 -> 0x296958 -> 0x296958 -> 0x296958 -> 0x296958 -> 0x296958 -> 0x296958 -> 0x7b9123291010 -> 0xfec70 -> 0xfec70 -> 0xfec70 -> 0xfec70 -> 0xfec70   Has an Average delta: Yes   Average delta: 0x1382b4b071bd
RDI values: 0x7fff00798568 -> 0x7b9124a11010 -> 0x7fff00798568 -> 0x7b9124a11010 -> 0x7fff00798568 -> 0x7b9124a11010 -> 0x7fff00798568 -> 0x7b9124a11010 -> 0x7fff00798568 -> 0x7b9124a11010 -> 0x7fff00798568 -> 0x7b9124a11010 -> 0x7fff00798568 -> 0x7b9124a11010 -> 0x7fff00798568 -> 0x7b9124a11010 -> 0x7fff00798568 -> 0x7b9124a11010 -> 0x7fff00798568 -> 0x7b9124a11010   Has an Average delta: Yes   Average delta: 0x46ddbd87558
/home/noam/binary_translation/ex4/ex2ref/bzip2, 0x400000, mainSimpleSort, 0x40abe8, 2642954761, 511272
RAX values: 0x0 -> 0x1 -> 0x2 -> 0x1 -> 0xa01c -> 0x7b9124a11010 -> 0x7b9124a39080 -> 0xa018 -> 0x7b9124a11010 -> 0x7b9124a39070 -> 0x7b9123291010 -> 0xa01c -> 0x7b9124a11010 -> 0xa018 -> 0x7b9124a11010 -> 0x7b9124a39070 -> 0xa018 -> 0x7b9124a11010 -> 0xa01d -> 0x7b9124a11010   Has an Average delta: Yes   Average delta: 0x4789ecc97f44
RBX values: 0xffffffff -> 0x7 -> 0xd -> 0xd -> 0xd -> 0xd -> 0xd -> 0xd -> 0xd -> 0xd -> 0xd -> 0x1b -> 0xd -> 0x1c -> 0xd -> 0xd -> 0xd -> 0xd -> 0xd -> 0xd   Has an Average delta: Yes   Average delta: 0xd794361
RCX values: 0x7b912336cbc0 -> 0x28060 -> 0x7b912336cbc0 -> 0x28064 -> 0x7b912336cbc0 -> 0x28068 -> 0x7b912336cbc0 -> 0x2806c -> 0x7b912336cbc0 -> 0x28060 -> 0x7b912336cbc0 -> 0x28064 -> 0x7b912336cbc0 -> 0x28060 -> 0x7b912336cbc0 -> 0x28068 -> 0x7b912336cbc0 -> 0x28064 -> 0x7b912336cbc0 -> 0x28060   Has an Average delta: Yes   Average delta: 0x7b9123344b5b
RDX values: 0x28070 -> 0x28060 -> 0x7b912336cbc0 -> 0x7b9123291010 -> 0x28070 -> 0x7b9124a39080 -> 0x28060 -> 0x7b9124a39070 -> 0x28074 -> 0x28064 -> 0x7b912336cbc0 -> 0x7b9123291010 -> 0x28074 -> 0x7b9124a39084 -> 0x28064 -> 0x7b9124a39074 -> 0x28078 -> 0x28068 -> 0x7b912336cbc0 -> 0x7b9123291010   Has an Average delta: Yes   Average delta: 0x548bba5fc628
RSI values:    Has an Average delta: No
RDI values:    Has an Average delta: No
/home/noam/binary_translation/ex4/ex2ref/bzip2, 0x400000, mainSort, 0x40b826, 2268038764, 20
RAX values: 0x10000 -> 0x7b9125245010 -> 0x7b9125285010 -> 0xffff -> 0x7b9125245010 -> 0x7b912528500c -> 0xfffe -> 0x7b9125245010 -> 0x7b9125285008 -> 0xfffd -> 0x7b9125245010 -> 0x7b9125285004 -> 0xfffc -> 0x7b9125245010 -> 0x7b9125285000 -> 0xfffb -> 0x7b9125245010 -> 0x7b9125284ffc -> 0xfffa -> 0x7b9125245010   Has an Average delta: Yes   Average delta: 0x548bbb1ab006
RBX values: 0x7fff00799d18 -> 0x7fff00799d18 -> 0x7fff00799d18 -> 0x7fff00799d18 -> 0x7fff00799d18 -> 0x7fff00799d18 -> 0x7fff00799d18 -> 0x7fff00799d18 -> 0x7fff00799d18 -> 0x7fff00799d18 -> 0x7fff00799d18 -> 0x7fff00799d18 -> 0x7fff00799d18 -> 0x7fff00799d18 -> 0x7fff00799d18 -> 0x7fff00799d18 -> 0x7fff00799d18 -> 0x7fff00799d18 -> 0x7fff00799d18 -> 0x7fff00799d18   Has an Average delta: Yes   Average delta: 0x0
RCX values: 0xdbb8b -> 0xdbb8a -> 0xdbb89 -> 0xdbb87 -> 0xdbb86 -> 0xdbb85 -> 0xdbb83 -> 0xdbb82 -> 0xdbb81 -> 0xdbb7f -> 0xdbb7e -> 0xdbb7d -> 0xdbb7b -> 0xdbb7a -> 0xdbb79 -> 0xdbb77 -> 0xdbb76 -> 0xdbb75 -> 0xdbb73 -> 0xdbb72   Has an Average delta: Yes   Average delta: 0x1
RDX values: 0x40000 -> 0x3fffc -> 0x3fff8 -> 0x3fff4 -> 0x3fff0 -> 0x3ffec -> 0x3ffe8 -> 0x3ffe4 -> 0x3ffe0 -> 0x3ffdc -> 0x3ffd8 -> 0x3ffd4 -> 0x3ffd0 -> 0x3ffcc -> 0x3ffc8 -> 0x3ffc4 -> 0x3ffc0 -> 0x3ffbc -> 0x3ffb8 -> 0x3ffb4   Has an Average delta: Yes   Average delta: 0x4
RSI values: 0x0 -> 0x4 -> 0x8 -> 0xc -> 0x10 -> 0x14 -> 0x18 -> 0x1c -> 0x20 -> 0x24 -> 0x28 -> 0x2c -> 0x30 -> 0x34 -> 0x38 -> 0x3c -> 0x40 -> 0x44 -> 0x48 -> 0x4c   Has an Average delta: Yes   Average delta: 0x4
RDI values: 0x7fff00798568 -> 0x7b9124a11010 -> 0x7fff00798568 -> 0x7b9124a11010 -> 0x7fff00798568 -> 0x7b9124a11010 -> 0x7fff00798568 -> 0x7b9124a11010 -> 0x7fff00798568 -> 0x7b9124a11010 -> 0x7fff00798568 -> 0x7b9124a11010 -> 0x7fff00798568 -> 0x7b9124a11010 -> 0x7fff00798568 -> 0x7b9124a11010 -> 0x7fff00798568 -> 0x7b9124a11010 -> 0x7fff00798568 -> 0x7b9124a11010   Has an Average delta: Yes   Average delta: 0x46ddbd87558
/home/noam/binary_translation/ex4/ex2ref/bzip2, 0x400000, copy_input_until_stop, 0x40565c, 1571666498, 4190
RAX values: 0x2d8b6bb0 -> 0x2d8b6bb0 -> 0x2d8b6bb0 -> 0x2d8b6bb0 -> 0x2d8b6b48 -> 0x2d8b6bb0 -> 0x2d8b6b48 -> 0x7fff00798720 -> 0x2d8b6bb0 -> 0x2d8b6bb0 -> 0x2d8b6bb0 -> 0x2d8b6bb0 -> 0x2d8b6bb0 -> 0x2d8b6bb0 -> 0x2d8b6bb0 -> 0x2d8b6b48 -> 0x2d8b6bb0 -> 0x2d8b6b48 -> 0x2d8b6bb0 -> 0x2d8b6b48   Has an Average delta: Yes   Average delta: 0xd7923ad4672
RBX values:    Has an Average delta: No
RCX values:    Has an Average delta: No
RDX values: 0x7fff00798720 -> 0x7fff00798721 -> 0x2d8b6bb0 -> 0x7b9123291010 -> 0x7b9123291010 -> 0x7fff00798721 -> 0x7fff00798722 -> 0x2d8b6bb0 -> 0x7b9123291010 -> 0x7b9123291011 -> 0x7fff00798722 -> 0x7fff00798723 -> 0x2d8b6bb0 -> 0x7b9123291010 -> 0x7b9123291012 -> 0x7fff00798723 -> 0x7fff00798724 -> 0x2d8b6bb0 -> 0x7b9123291010 -> 0x7b9123291013   Has an Average delta: Yes   Average delta: 0x35a8e160054a
RSI values:    Has an Average delta: No
RDI values: 0x2d8b6bb0 -> 0x2d8b6bb0 -> 0x2d8b6bb0 -> 0x2d8b6bb0 -> 0x2d8b6bb0 -> 0x2d8b6bb0 -> 0x2d8b6bb0 -> 0x2d8b6bb0 -> 0x2d8b6bb0 -> 0x2d8b6bb0 -> 0x2d8b6bb0 -> 0x2d8b6bb0 -> 0x2d8b6bb0 -> 0x2d8b6bb0 -> 0x2d8b6bb0 -> 0x2d8b6bb0 -> 0x2d8b6bb0 -> 0x2d8b6bb0 -> 0x2d8b6bb0 -> 0x2d8b6bb0   Has an Average delta: Yes   Average delta: 0x0
/home/noam/binary_translation/ex4/ex2ref/bzip2, 0x400000, generateMTFValues, 0x40cb2c, 575224387, 20
RAX values: 0x2d8b6bb0 -> 0x7b9124a11010 -> 0x2d8b6bb0 -> 0x7b9123291010 -> 0x2d8b6bb0 -> 0x7b9124a11010 -> 0x2d8b6bb0 -> 0x2d8b6bb0 -> 0x2d8b6bb0 -> 0x2d8b6bb0 -> 0x2d8b6bb0 -> 0x2d8b6bb0 -> 0x2d8b6bb0 -> 0x2d8b6bb0 -> 0x2d8b6bb0 -> 0x2d8b6bb0 -> 0x2d8b6bb0 -> 0x2d8b6bb0 -> 0x2d8b6bb0 -> 0x2d8b6bb0   Has an Average delta: Yes   Average delta: 0x27055b5884c0
RBX values: 0x7fff00798451 -> 0x7fff00798452 -> 0x7fff00798453 -> 0x7fff00798454 -> 0x7fff00798455 -> 0x7fff00798456 -> 0x7fff00798457 -> 0x7fff00798458 -> 0x7fff00798459 -> 0x7fff0079845a -> 0x7fff0079845b -> 0x7fff0079845c -> 0x7fff0079845d -> 0x7fff0079845e -> 0x7fff0079845f -> 0x7fff00798460 -> 0x7fff00798461 -> 0x7fff00798462 -> 0x7fff00798463 -> 0x7fff00798464   Has an Average delta: Yes   Average delta: 0x1
RCX values: 0x7fff00798468 -> 0x18 -> 0x19 -> 0xc1 -> 0x7fff0079847a -> 0x2a -> 0x2b -> 0xd3 -> 0x7fff00798451 -> 0x1 -> 0x2 -> 0xaa -> 0x7fff00798451 -> 0x1 -> 0x2 -> 0xaa -> 0x7fff00798451 -> 0x1 -> 0x2 -> 0xaa   Has an Average delta: Yes   Average delta: 0x3ca1361e9d05
RDX values: 0x0 -> 0xa8 -> 0x1 -> 0xa9 -> 0x2 -> 0xaa -> 0x3 -> 0xab -> 0x4 -> 0xac -> 0x5 -> 0xad -> 0x6 -> 0xae -> 0x7 -> 0xaf -> 0x8 -> 0xb0 -> 0x9 -> 0xb1   Has an Average delta: Yes   Average delta: 0xa7
RSI values:    Has an Average delta: No
RDI values: 0x2d8b6bb0 -> 0x2d8b6bb0 -> 0x2d8b6bb0 -> 0x2d8b6bb0 -> 0x2d8b6bb0 -> 0x2d8b6bb0 -> 0x2d8b6bb0 -> 0x2d8b6bb0 -> 0x2d8b6bb0 -> 0x2d8b6bb0 -> 0x2d8b6bb0 -> 0x2d8b6bb0 -> 0x2d8b6bb0 -> 0x2d8b6bb0 -> 0x2d8b6bb0 -> 0x2d8b6bb0 -> 0x2d8b6bb0 -> 0x2d8b6bb0 -> 0x2d8b6bb0 -> 0x2d8b6bb0   Has an Average delta: Yes   Average delta: 0x0
/home/noam/binary_translation/ex4/ex2ref/bzip2, 0x400000, sendMTFValues, 0x40ceee, 404179948, 20
RAX values: 0x2d8b6bb0 -> 0x7b9124a11010 -> 0x2d8b6bb0 -> 0x2d8b6bb0 -> 0x0 -> 0x0 -> 0x0 -> 0x2d8b6bb0 -> 0x2d8b6bb0 -> 0x2d8bfef0 -> 0x0 -> 0x0 -> 0x0 -> 0x2d8b6bb0 -> 0x2d8b6bb1 -> 0x2d8bfef1 -> 0x0 -> 0x0 -> 0x0 -> 0x2d8b6bb0   Has an Average delta: Yes   Average delta: 0xd01d78cbe19
RBX values: 0x7fff00799d18 -> 0x7fff00799d18 -> 0x7fff00799d18 -> 0x7fff00799d18 -> 0x7fff00799d18 -> 0x7fff00799d18 -> 0x7fff00799d18 -> 0x7fff00799d18 -> 0x7fff00799d18 -> 0x7fff00799d18 -> 0x7fff00799d18 -> 0x7fff00799d18 -> 0x7fff00799d18 -> 0x7fff00799d18 -> 0x7fff00799d18 -> 0x7fff00799d18 -> 0x7fff00799d18 -> 0x7fff00799d18 -> 0x7fff00799d18 -> 0x7fff00799d18   Has an Average delta: Yes   Average delta: 0x0
RCX values: 0x2d8b6bb0 -> 0x2d8b6bb0 -> 0x2d8b6bb0 -> 0x2d8b6bb0 -> 0x2d8b6bb0 -> 0x2d8b6bb0 -> 0x2d8b6bb0 -> 0x2d8b6bb0 -> 0x2d8b6bb0 -> 0x2d8b6bb0 -> 0x2d8b6bb0 -> 0x2d8b6bb0 -> 0x2d8b6bb0 -> 0x2d8b6bb0 -> 0x2d8b6bb0 -> 0x2d8b6bb0 -> 0x2d8b6bb0 -> 0x2d8b6bb0 -> 0x2d8b6bb0 -> 0x2d8b6bb0   Has an Average delta: Yes   Average delta: 0x0
RDX values: 0x0 -> 0x1 -> 0x2 -> 0x3 -> 0x4 -> 0x5 -> 0x6 -> 0x7 -> 0x8 -> 0x9 -> 0xa -> 0xb -> 0xc -> 0xd -> 0xe -> 0xf -> 0x10 -> 0x11 -> 0x12 -> 0x13   Has an Average delta: Yes   Average delta: 0x1
RSI values: 0x0 -> 0x0 -> 0x0 -> 0x0 -> 0x0 -> 0x0 -> 0x0 -> 0x0 -> 0x0 -> 0x0 -> 0x0 -> 0x0 -> 0x0 -> 0x0 -> 0x0 -> 0x0 -> 0x0 -> 0x0 -> 0x0 -> 0x0   Has an Average delta: Yes   Average delta: 0x0
RDI values: 0xa -> 0x500 -> 0xa -> 0x500 -> 0xa -> 0x500 -> 0xa -> 0x500 -> 0xa -> 0x500 -> 0xa -> 0x500 -> 0xa -> 0x500 -> 0xa -> 0x500 -> 0xa -> 0x500 -> 0xa -> 0x500   Has an Average delta: Yes   Average delta: 0x4f6
/home/noam/binary_translation/ex4/ex2ref/bzip2, 0x400000, add_pair_to_block, 0x405388, 266986501, 1419461
RAX values: 0x2d8b6bb0 -> 0x2d8b6bb0 -> 0x2d8b6bb0 -> 0x2d8b6bb0 -> 0x2d8b6bb0 -> 0x2d8b6bb0 -> 0x2d8b6bb0 -> 0x2d8b6bb0 -> 0x2d8b6bb0 -> 0x2d8b6bb0 -> 0x2d8b6bb0 -> 0x2d8b6bb0 -> 0x2d8b6bb0 -> 0x2d8b6bb0 -> 0x1b -> 0x2d8b6bb0 -> 0x2d8b6bb0 -> 0x2d8b6bb0 -> 0x2d8b6bb0 -> 0x1c   Has an Average delta: Yes   Average delta: 0x730f60a
RBX values:    Has an Average delta: No
RCX values:    Has an Average delta: No
RDX values: 0x2d8b6bb0 -> 0x7b9123291010 -> 0x7b912329102b -> 0x7b9123291010 -> 0x7b912329102c -> 0x2d8b6bb0 -> 0x7b9123291010 -> 0x7b9123291031 -> 0x7b9123291010 -> 0x7b9123291032 -> 0x2d8b6bb0 -> 0x7b9123291010 -> 0x7b9123291053 -> 0x7b9123291010 -> 0x7b9123291054 -> 0x2d8b6bb0 -> 0x7b9123291010 -> 0x7b9123291084 -> 0x7b9123291010 -> 0x7b9123291085   Has an Average delta: Yes   Average delta: 0x2d863f8aebe5
RSI values:    Has an Average delta: No
RDI values:    Has an Average delta: No
/home/noam/binary_translation/ex4/ex2ref/bzip2, 0x400000, BZ2_blockSort, 0x40c679, 143301423, 20
RAX values: 0x2d8b6bb0 -> 0x7b9124a11010 -> 0x2d8b6bb0 -> 0x7b9123291010 -> 0x2d8b6bb0 -> 0x7b9125245010 -> 0x2d8b6bb0 -> 0x2d8b6bb0 -> 0x2d8b6bb0 -> 0x7b9123291010 -> 0x7b912336cbc0 -> 0x7b9124a11010 -> 0x2d8b6bb0 -> 0x2d8b6bb0 -> 0x0 -> 0x7b9124a11010 -> 0x7b9124a11010 -> 0x2d8b6bb0 -> 0x1 -> 0x7b9124a11010   Has an Average delta: Yes   Average delta: 0x4789dbe7b277
RBX values:    Has an Average delta: No
RCX values: 0x7b9125245010 -> 0x7b9125245010 -> 0x7b9125245010 -> 0x7b9125245010 -> 0x7b9125245010 -> 0x7b9125245010 -> 0x7b9125245010 -> 0x7b9125245010 -> 0x7b9125245010 -> 0x7b9125245010 -> 0x7b9125245010 -> 0x7b9125245010 -> 0x7b9125245010 -> 0x7b9125245010 -> 0x7b9125245010 -> 0x7b9125245010 -> 0x7b9125245010 -> 0x7b9125245010 -> 0x7b9125245010 -> 0x7b9125245010   Has an Average delta: Yes   Average delta: 0x0
RDX values: 0xdbbb0 -> 0x7b912336cbc0 -> 0x0 -> 0x4 -> 0x8 -> 0xc -> 0x10 -> 0x14 -> 0x18 -> 0x1c -> 0x20 -> 0x24 -> 0x28 -> 0x2c -> 0x30 -> 0x34 -> 0x38 -> 0x3c -> 0x40 -> 0x44   Has an Average delta: Yes   Average delta: 0xd01cdcf2687
RSI values: 0x7b9123291010 -> 0x7b9123291010 -> 0x7b9123291010 -> 0x7b9123291010 -> 0x7b9123291010 -> 0x7b9123291010 -> 0x7b9123291010 -> 0x7b9123291010 -> 0x7b9123291010 -> 0x7b9123291010 -> 0x7b9123291010 -> 0x7b9123291010 -> 0x7b9123291010 -> 0x7b9123291010 -> 0x7b9123291010 -> 0x7b9123291010 -> 0x7b9123291010 -> 0x7b9123291010 -> 0x7b9123291010 -> 0x7b9123291010   Has an Average delta: Yes   Average delta: 0x0
RDI values: 0x7fff00798568 -> 0x7b9124a11010 -> 0x7fff00798568 -> 0x7b9124a11010 -> 0x7fff00798568 -> 0x7b9124a11010 -> 0x7fff00798568 -> 0x7b9124a11010 -> 0x7fff00798568 -> 0x7b9124a11010 -> 0x7fff00798568 -> 0x7b9124a11010 -> 0x7fff00798568 -> 0x7b9124a11010 -> 0x7fff00798568 -> 0x7b9124a11010 -> 0x7fff00798568 -> 0x7b9124a11010 -> 0x7fff00798568 -> 0x7b9124a11010   Has an Average delta: Yes   Average delta: 0x46ddbd87558
/home/noam/binary_translation/ex4/ex2ref/bzip2, 0x400000, bsW, 0x40c94c, 66673719, 1441527
RAX values: 0x2d8b6bb0 -> 0x2d8b6bb0 -> 0x2d8b6bb0 -> 0x2d8b6bb0 -> 0x2d8b6bb0 -> 0x2d8b6bb0 -> 0x2d8b6bb0 -> 0x2d8b6bb0 -> 0x2d8b6bb0 -> 0x0 -> 0x2d8b6bb0 -> 0x2d8b6bb0 -> 0x2d8b6bb0 -> 0x2d8b6bb0 -> 0x2d8b6bb0 -> 0x2d8b6bb0 -> 0x2d8b6bb0 -> 0x2d8b6bb0 -> 0x2d8b6bb0 -> 0x2d8b6bb0   Has an Average delta: Yes   Average delta: 0x4cb4eb4
RBX values: 0x7fff00799d18 -> 0x7fff00799d18 -> 0x7fff00799d18 -> 0x7fff00799d18 -> 0x7fff00799d18 -> 0x7fff00799d18 -> 0x7fff00799d18 -> 0x7fff00799d18 -> 0x7fff00799d18 -> 0x7fff00799d18 -> 0x7fff00799d18 -> 0x7fff00799d18 -> 0x7fff00799d18 -> 0x7fff00799d18 -> 0x7fff00799d18 -> 0x7fff00799d18 -> 0x0 -> 0x0 -> 0x0 -> 0x0   Has an Average delta: Yes   Average delta: 0x6bc943c4ba2
RCX values:    Has an Average delta: No
RDX values: 0x7b912336cb9d -> 0x7b912336cb9d -> 0x7b912336cb9d -> 0x7b912336cb9e -> 0x7b912336cb9d -> 0x7b912336cb9f -> 0x7b912336cb9d -> 0x7b912336cba0 -> 0x7b912336cb9d -> 0x7b912336cba1 -> 0x7b912336cb9d -> 0x7b912336cba2 -> 0x7b912336cb9d -> 0x7b912336cba3 -> 0x7b912336cb9d -> 0x7b912336cba4 -> 0x7b912336cb9d -> 0x7b912336cba5 -> 0x7b912336cb9d -> 0x7b912336cba6   Has an Average delta: Yes   Average delta: 0x4
RSI values:    Has an Average delta: No
RDI values:    Has an Average delta: No
/home/noam/binary_translation/ex4/ex2ref/bzip2, 0x400000, BZ2_hbMakeCodeLengths, 0x417d54, 27556401, 480
RAX values: 0x0 -> 0x2d8c1d38 -> 0x2d8c1d38 -> 0x1 -> 0x2d8c1d38 -> 0x2d8c1d3c -> 0x2 -> 0x2d8c1d38 -> 0x2d8c1d40 -> 0x3 -> 0x2d8c1d38 -> 0x2d8c1d44 -> 0x4 -> 0x2d8c1d38 -> 0x2d8c1d48 -> 0x5 -> 0x2d8c1d38 -> 0x2d8c1d4c -> 0x6 -> 0x2d8c1d38   Has an Average delta: Yes   Average delta: 0x1f29f90f
RBX values:    Has an Average delta: No
RCX values: 0x0 -> 0x4 -> 0x8 -> 0xc -> 0x10 -> 0x14 -> 0x18 -> 0x1c -> 0x20 -> 0x24 -> 0x28 -> 0x2c -> 0x30 -> 0x34 -> 0x38 -> 0x3c -> 0x40 -> 0x44 -> 0x48 -> 0x4c   Has an Average delta: Yes   Average delta: 0x4
RDX values: 0x1 -> 0x2 -> 0x3 -> 0x4 -> 0x5 -> 0x6 -> 0x7 -> 0x8 -> 0x9 -> 0xa -> 0xb -> 0xc -> 0xd -> 0xe -> 0xf -> 0x10 -> 0x11 -> 0x12 -> 0x13 -> 0x14   Has an Average delta: Yes   Average delta: 0x1
RSI values:    Has an Average delta: No
RDI values:    Has an Average delta: No
/home/noam/binary_translation/ex4/ex2ref/bzip2, 0x400000, copy_output_until_stop, 0x4059f2, 21785809, 99
RAX values: 0x2d8b6bb0 -> 0x2d8b6b48 -> 0x2d8b6bb0 -> 0x2d8b6bb0 -> 0x2d8b6bb0 -> 0x2d8b6b48 -> 0x2d8b57b8 -> 0x2d8b6bb0 -> 0x2d8b6bb0 -> 0x2d8b6bb0 -> 0x2d8b6b48 -> 0x2d8b6bb0 -> 0x2d8b6b48 -> 0x2d8b6bb0 -> 0x2d8b6b48 -> 0x2d8b6bb0 -> 0x2d8b6b48 -> 0x2d8b6bb0 -> 0x2d8b6b48 -> 0x2d8b6bb0   Has an Average delta: Yes   Average delta: 0x25b
RBX values:    Has an Average delta: No
RCX values: 0x7b912336cb9d -> 0x7b912336cb9d -> 0x7b912336cb9d -> 0x7b912336cb9d -> 0x7b912336cb9d -> 0x7b912336cb9d -> 0x7b912336cb9d -> 0x7b912336cb9d -> 0x7b912336cb9d -> 0x7b912336cb9d -> 0x7b912336cb9d -> 0x7b912336cb9d -> 0x7b912336cb9d -> 0x7b912336cb9d -> 0x7b912336cb9d -> 0x7b912336cb9d -> 0x7b912336cb9d -> 0x7b912336cb9d -> 0x7b912336cb9d -> 0x7b912336cb9d   Has an Average delta: Yes   Average delta: 0x0
RDX values: 0x2d8b6bb0 -> 0x2d8b6bb0 -> 0x0 -> 0x7b912336cb9d -> 0x2d8b57b8 -> 0x2d8b57b9 -> 0x2d8b6bb0 -> 0x2d8b6bb0 -> 0x1 -> 0x7b912336cb9e -> 0x2d8b57b9 -> 0x2d8b57ba -> 0x2d8b6bb0 -> 0x2d8b6bb0 -> 0x2 -> 0x7b912336cb9f -> 0x2d8b57ba -> 0x2d8b57bb -> 0x2d8b6bb0 -> 0x2d8b6bb0   Has an Average delta: Yes   Average delta: 0x2705696fa4eb
RSI values:    Has an Average delta: No
RDI values:    Has an Average delta: No
/lib/x86_64-linux-gnu/libc.so.6, 0x7b9125000000, __memcpy_avx_unaligned_erms, 0x7b9125188a80, 13351139, 4161
RAX values: 0x7fff00799720 -> 0x7fff00799398 -> 0x7fff00799010 -> 0x7fff00798c88 -> 0x7fff00799900 -> 0x7fff00799578 -> 0x7fff007991f0 -> 0x7fff00798e68 -> 0x7fff00798ae0 -> 0x7fff00799758 -> 0x7fff007993d0 -> 0x7fff00799048 -> 0x7fff00798cc0 -> 0x7fff00799938 -> 0x7fff007995b0 -> 0x7fff00799228 -> 0x7fff00798ea0 -> 0x7fff00798b18 -> 0x7fff00799790 -> 0x7fff00799408   Has an Average delta: Yes   Average delta: 0x569
RBX values:    Has an Average delta: No
RCX values: 0x7fff00798720 -> 0x7ffed2ed4190 -> 0x7fff00799720 -> 0xfe0 -> 0xfdf -> 0xfde -> 0xfdd -> 0xfdc -> 0xfdb -> 0xfda -> 0xfd9 -> 0xfd8 -> 0xfd7 -> 0xfd6 -> 0xfd5 -> 0xfd4 -> 0xfd3 -> 0xfd2 -> 0xfd1 -> 0xfd0   Has an Average delta: Yes   Average delta: 0x6bc9907b0f8
RDX values: 0x7fff00799a28 -> 0x7fff00799a28 -> 0x7fff00798c08 -> 0x7fff00798880 -> 0x7fff00799a28 -> 0x7fff00799a28 -> 0x7fff00798de8 -> 0x7fff00798a60 -> 0x7fff00799a28 -> 0x7fff00799a28 -> 0x7fff00798c40 -> 0x7fff007988b8 -> 0x7fff00799a28 -> 0x7fff00798e20 -> 0x7fff00798a98 -> 0x7fff00799a28 -> 0x7fff00799a28 -> 0x7fff00798c78 -> 0x7fff007988f0 -> 0x7fff00799a28   Has an Average delta: Yes   Average delta: 0x8ce
RSI values: 0xffff80012d12be70 -> 0x2d8c45b0 -> 0x2d8c45b1 -> 0x2d8c45b2 -> 0x2d8c45b3 -> 0x2d8c45b4 -> 0x2d8c45b5 -> 0x2d8c45b6 -> 0x2d8c45b7 -> 0x2d8c45b8 -> 0x2d8c45b9 -> 0x2d8c45ba -> 0x2d8c45bb -> 0x2d8c45bc -> 0x2d8c45bd -> 0x2d8c45be -> 0x2d8c45bf -> 0x2d8c45c0 -> 0x2d8c45c1 -> 0x2d8c45c2   Has an Average delta: Yes   Average delta: 0x6bc943c4a7d
RDI values: 0x7fff0079875f -> 0x7fff00798740 -> 0x7fff00798741 -> 0x7fff00798742 -> 0x7fff00798743 -> 0x7fff00798744 -> 0x7fff00798745 -> 0x7fff00798746 -> 0x7fff00798747 -> 0x7fff00798748 -> 0x7fff00798749 -> 0x7fff0079874a -> 0x7fff0079874b -> 0x7fff0079874c -> 0x7fff0079874d -> 0x7fff0079874e -> 0x7fff0079874f -> 0x7fff00798750 -> 0x7fff00798751 -> 0x7fff00798752   Has an Average delta: Yes   Average delta: 0x2
/home/noam/binary_translation/ex4/ex2ref/bzip2, 0x400000, mmed3, 0x40af61, 10532092, 591143
RAX values:    Has an Average delta: No
RBX values:    Has an Average delta: No
RCX values:    Has an Average delta: No
RDX values:    Has an Average delta: No
RSI values:    Has an Average delta: No
RDI values:    Has an Average delta: No
/home/noam/binary_translation/ex4/ex2ref/bzip2, 0x400000, BZ2_hbAssignCodes, 0x418294, 934514, 120
RAX values: 0x2d8bfefc -> 0x2d8bfefc -> 0x2d8bfefc -> 0x2d8bfefd -> 0x2d8bfefc -> 0x2d8bfefe -> 0x2 -> 0x2d8c0508 -> 0x2d8bfefc -> 0x2d8bfeff -> 0x3 -> 0x2d8c0508 -> 0x2d8bfefc -> 0x2d8bff00 -> 0x4 -> 0x2d8c0508 -> 0x2d8bfefc -> 0x2d8bff01 -> 0x5 -> 0x2d8c0508   Has an Average delta: Yes   Average delta: 0x132d7b10
RBX values:    Has an Average delta: No
RCX values:    Has an Average delta: No
RDX values: 0x0 -> 0x1 -> 0x2 -> 0x8 -> 0x2d8c0510 -> 0x3 -> 0xc -> 0x2d8c0514 -> 0x4 -> 0x10 -> 0x2d8c0518 -> 0x5 -> 0x14 -> 0x2d8c051c -> 0x6 -> 0x7 -> 0x1c -> 0x2d8c0524 -> 0x8 -> 0x9   Has an Average delta: Yes   Average delta: 0x17f8da40
RSI values:    Has an Average delta: No
RDI values:    Has an Average delta: No
/home/noam/binary_translation/ex4/ex2ref/bzip2, 0x400000, BZ2_bzWrite, 0x407e2e, 321233, 4170
RAX values: 0x2d8b57b0 -> 0x7fff0079870c -> 0x2d8b57b0 -> 0x2d8b57b0 -> 0x2d8b57b0 -> 0x2d8b55d0 -> 0x2d8b57b0 -> 0x2d8b57b0 -> 0x2d8b57b0 -> 0x2d8b57b0 -> 0x2d8b57b0 -> 0x2d8b57b0 -> 0x2d8b6b48 -> 0x2d8b57b0 -> 0x2d8b57b0 -> 0x7fff0079870c -> 0x2d8b57b0 -> 0x2d8b57b0 -> 0x7fff0079870c -> 0x2d8b57b0   Has an Average delta: Yes   Average delta: 0x286b6b07db52
RBX values:    Has an Average delta: No
RCX values: 0x2d8b57b0 -> 0x2d8b55d0 -> 0x2d8b57b0 -> 0x2d8b55d0 -> 0x2d8b57b0 -> 0x2d8b55d0 -> 0x2d8b57b0 -> 0x2d8b55d0 -> 0x2d8b57b0 -> 0x2d8b55d0 -> 0x2d8b57b0 -> 0x2d8b55d0 -> 0x2d8b57b0 -> 0x2d8b55d0 -> 0x2d8b57b0 -> 0x2d8b55d0 -> 0x2d8b57b0 -> 0x2d8b55d0 -> 0x2d8b57b0 -> 0x2d8b55d0   Has an Average delta: Yes   Average delta: 0x1e0
RDX values: 0x7fff00798720 -> 0x2d8b57b8 -> 0x7fff00798720 -> 0x2d8b57b8 -> 0x7fff00798720 -> 0x2d8b57b8 -> 0x7fff00798720 -> 0x2d8b57b8 -> 0x7fff00798720 -> 0x2d8b57b8 -> 0x7fff00798720 -> 0x2d8b57b8 -> 0x7fff00798720 -> 0x2d8b57b8 -> 0x7fff00798720 -> 0x2d8b57b8 -> 0x7fff00798720 -> 0x2d8b57b8 -> 0x7fff00798720 -> 0x2d8b57b8   Has an Average delta: Yes   Average delta: 0x7ffed2ee2f68
RSI values:    Has an Average delta: No
RDI values: 0x2d8b55d0 -> 0x2d8b6b48 -> 0x2d8b55d0 -> 0x2d8b6b48 -> 0x2d8b55d0 -> 0x2d8b6b48 -> 0x2d8b55d0 -> 0x2d8b6b48 -> 0x2d8b55d0 -> 0x2d8b6b48 -> 0x2d8b55d0 -> 0x2d8b6b48 -> 0x2d8b55d0 -> 0x2d8b6b48 -> 0x2d8b55d0 -> 0x2d8b6b48 -> 0x2d8b55d0 -> 0x2d8b6b48 -> 0x2d8b55d0 -> 0x2d8b6b48   Has an Average delta: Yes   Average delta: 0x1578
/lib/x86_64-linux-gnu/libc.so.6, 0x7b9125000000, _IO_file_xsgetn, 0x7b9125093d20, 314041, 4170
RAX values: 0x1388 -> 0x1388 -> 0x1388 -> 0x1388 -> 0x1388 -> 0x1388 -> 0x1388 -> 0x1388 -> 0x1388 -> 0x11a8 -> 0x1 -> 0x7b9125202030 -> 0x150 -> 0x1388 -> 0x1388 -> 0x1388 -> 0x1388 -> 0x1388 -> 0x1388 -> 0x1388   Has an Average delta: Yes   Average delta: 0xd01ce03639f
RBX values: 0x2d8b53f0 -> 0x2d8b53f0 -> 0x2d8b53f0 -> 0x2d8b53f0 -> 0x2d8b53f0 -> 0x2d8b53f0 -> 0x2d8b53f0 -> 0x2d8b53f0 -> 0x2d8b53f0 -> 0x2d8b53f0 -> 0x2d8b53f0 -> 0x2d8b53f0 -> 0x2d8b53f0 -> 0x2d8b53f0 -> 0x2d8b53f0 -> 0x2d8b53f0 -> 0x2d8b53f0 -> 0x2d8b53f0 -> 0x2d8b53f0 -> 0x2d8b53f0   Has an Average delta: Yes   Average delta: 0x0
RCX values: 0x2d8c4590 -> 0x2d8c4590 -> 0x2d8c4590 -> 0x2d8c4590 -> 0x2d8c4590 -> 0x2d8c4590 -> 0x2d8c4590 -> 0x2d8c4590 -> 0x2d8c4590 -> 0x2d8c4590 -> 0x2d8c4590 -> 0x2d8c4590 -> 0x2d8c4590 -> 0x2d8c4590 -> 0x2d8c4590 -> 0x2d8c4590 -> 0x2d8c4590 -> 0x2d8c4590 -> 0x2d8c4590 -> 0x2d8c4590   Has an Average delta: Yes   Average delta: 0x0
RDX values: 0x1000 -> 0x388 -> 0xc78 -> 0x710 -> 0x8f0 -> 0xa98 -> 0x568 -> 0xe20 -> 0x1e0 -> 0x1a8 -> 0x11a8 -> 0x1000 -> 0xffffffffffffffff -> 0x1a8 -> 0xe58 -> 0x530 -> 0xad0 -> 0x8b8 -> 0x748 -> 0xc40   Has an Average delta: Yes   Average delta: 0x6bc
RSI values: 0x2d8c4590 -> 0x2d8c5590 -> 0x1000 -> 0x2d8c4590 -> 0x2d8c4918 -> 0x2d8c5590 -> 0x1000 -> 0x2d8c4590 -> 0x2d8c4ca0 -> 0x2d8c5590 -> 0x1000 -> 0x2d8c4590 -> 0x2d8c5028 -> 0x2d8c5590 -> 0x1000 -> 0x2d8c4590 -> 0x2d8c53b0 -> 0x2d8c5590 -> 0x1000 -> 0x7fff00798900   Has an Average delta: Yes   Average delta: 0x6bca9cf93f3
RDI values: 0x7fff00798720 -> 0x2d8b53f0 -> 0x7fff00799720 -> 0x7fff00798720 -> 0x2d8b53f0 -> 0x7fff00799398 -> 0x7fff00798720 -> 0x2d8b53f0 -> 0x7fff00799010 -> 0x7fff00798720 -> 0x2d8b53f0 -> 0x7fff00798c88 -> 0x7fff00798720 -> 0x1a8 -> 0x2d8b53f0 -> 0x2d8b53f0 -> 0x7fff00799900 -> 0x7fff00798720 -> 0x2d8b53f0 -> 0x7fff00799578   Has an Average delta: Yes   Average delta: 0x50d6dadb07b6
/lib/x86_64-linux-gnu/libc.so.6, 0x7b9125000000, fread, 0x7b9125086400, 246031, 4170
RAX values: 0x7b912593ac00 -> 0x0 -> 0x7b912593ac00 -> 0x1388 -> 0x7b912593ac00 -> 0x0 -> 0x7b912593ac00 -> 0x1388 -> 0x7b912593ac00 -> 0x0 -> 0x7b912593ac00 -> 0x1388 -> 0x7b912593ac00 -> 0x0 -> 0x7b912593ac00 -> 0x1388 -> 0x7b912593ac00 -> 0x0 -> 0x7b912593ac00 -> 0x1388   Has an Average delta: Yes   Average delta: 0x7b912593a2bf
RBX values: 0x2d8b53f0 -> 0x7fff00799d18 -> 0x2d8b53f0 -> 0x7fff00799d18 -> 0x2d8b53f0 -> 0x7fff00799d18 -> 0x2d8b53f0 -> 0x7fff00799d18 -> 0x2d8b53f0 -> 0x7fff00799d18 -> 0x2d8b53f0 -> 0x7fff00799d18 -> 0x2d8b53f0 -> 0x7fff00799d18 -> 0x2d8b53f0 -> 0x7fff00799d18 -> 0x2d8b53f0 -> 0x7fff00799d18 -> 0x2d8b53f0 -> 0x7fff00799d18   Has an Average delta: Yes   Average delta: 0x7ffed2ee4928
RCX values:    Has an Average delta: No
RDX values: 0x1388 -> 0x1388 -> 0x1388 -> 0x1388 -> 0x1388 -> 0x1388 -> 0x1388 -> 0x1388 -> 0x1388 -> 0x1388 -> 0x1388 -> 0x1388 -> 0x1388 -> 0x1388 -> 0x1388 -> 0x1388 -> 0x1388 -> 0x1388 -> 0x1388 -> 0x1388   Has an Average delta: Yes   Average delta: 0x0
RSI values: 0x7fff00798720 -> 0x7fff00798720 -> 0x7fff00798720 -> 0x7fff00798720 -> 0x7fff00798720 -> 0x7fff00798720 -> 0x7fff00798720 -> 0x7fff00798720 -> 0x7fff00798720 -> 0x7fff00798720 -> 0x7fff00798720 -> 0x7fff00798720 -> 0x7fff00798720 -> 0x7fff00798720 -> 0x7fff00798720 -> 0x7fff00798720 -> 0x7fff00798720 -> 0x7fff00798720 -> 0x7fff00798720 -> 0x7fff00798720   Has an Average delta: Yes   Average delta: 0x0
RDI values: 0x2d8b54d0 -> 0x2d8b53f0 -> 0x2d8b54d0 -> 0x2d8b54d0 -> 0x2d8b53f0 -> 0x2d8b54d0 -> 0x2d8b54d0 -> 0x2d8b53f0 -> 0x2d8b54d0 -> 0x2d8b54d0 -> 0x2d8b53f0 -> 0x2d8b54d0 -> 0x2d8b54d0 -> 0x2d8b53f0 -> 0x2d8b54d0 -> 0x2d8b54d0 -> 0x2d8b53f0 -> 0x2d8b54d0 -> 0x2d8b54d0 -> 0x2d8b53f0   Has an Average delta: Yes   Average delta: 0x99
/lib/x86_64-linux-gnu/libc.so.6, 0x7b9125000000, _IO_file_underflow, 0x7b9125092640, 237764, 4172
RAX values: 0x7b9125202030 -> 0x150 -> 0x2d8c4590 -> 0x7b9125202030 -> 0x150 -> 0x2d8c4590 -> 0x7b9125202030 -> 0x150 -> 0x2d8c4590 -> 0x7b9125202030 -> 0x150 -> 0x2d8c4590 -> 0x7b9125202030 -> 0x150 -> 0x2d8c4590 -> 0x7b9125202030 -> 0x150 -> 0x2d8c4590 -> 0x7b9125202030 -> 0x150   Has an Average delta: Yes   Average delta: 0x548bbb15fa2d
RBX values: 0x2d8b53f0 -> 0x2d8b53f0 -> 0x2d8b53f0 -> 0x2d8b53f0 -> 0x2d8b53f0 -> 0x2d8b53f0 -> 0x2d8b53f0 -> 0x2d8b53f0 -> 0x2d8b53f0 -> 0x2d8b53f0 -> 0x2d8b53f0 -> 0x2d8b53f0 -> 0x2d8b53f0 -> 0x2d8b53f0 -> 0x2d8b53f0 -> 0x2d8b53f0 -> 0x2d8b53f0 -> 0x2d8b53f0 -> 0x2d8b53f0 -> 0x2d8b53f0   Has an Average delta: Yes   Average delta: 0x0
RCX values:    Has an Average delta: No
RDX values: 0x0 -> 0x2d8c5590 -> 0x1000 -> 0xffffffffffffffff -> 0x2d8c5590 -> 0x2d8c5590 -> 0x1000 -> 0xffffffffffffffff -> 0x2d8c5590 -> 0x2d8c5590 -> 0x1000 -> 0xffffffffffffffff -> 0x2d8c5590 -> 0x2d8c5590 -> 0x1000 -> 0xffffffffffffffff -> 0x2d8c5590 -> 0x2d8c5590 -> 0x1000 -> 0xffffffffffffffff   Has an Average delta: Yes   Average delta: 0x17f9049d
RSI values: 0x2d8c4590 -> 0x2d8c4590 -> 0x2d8c4590 -> 0x2d8c4590 -> 0x2d8c4590 -> 0x2d8c4590 -> 0x2d8c4590 -> 0x2d8c4590 -> 0x2d8c4590 -> 0x2d8c4590 -> 0x2d8c4590 -> 0x2d8c4590 -> 0x2d8c4590 -> 0x2d8c4590 -> 0x2d8c4590 -> 0x2d8c4590 -> 0x2d8c4590 -> 0x2d8c4590 -> 0x2d8c4590 -> 0x2d8c4590   Has an Average delta: Yes   Average delta: 0x0
RDI values: 0x0 -> 0x2d8b53f0 -> 0x2d8b53f0 -> 0x2d8b53f0 -> 0x2d8b53f0 -> 0x2d8b53f0 -> 0x2d8b53f0 -> 0x2d8b53f0 -> 0x2d8b53f0 -> 0x2d8b53f0 -> 0x2d8b53f0 -> 0x2d8b53f0 -> 0x2d8b53f0 -> 0x2d8b53f0 -> 0x2d8b53f0 -> 0x2d8b53f0 -> 0x2d8b53f0 -> 0x2d8b53f0 -> 0x2d8b53f0 -> 0x2d8b53f0   Has an Average delta: Yes   Average delta: 0x265a61a
/home/noam/binary_translation/ex4/ex2ref/bzip2, 0x400000, handle_compress, 0x405ac7, 187218, 4250
RAX values: 0x2d8b6b48 -> 0x2d8b6bb0 -> 0x2d8b6bb0 -> 0x2d8b6bb0 -> 0x2d8b6bb0 -> 0x2d8b6bb0 -> 0x2d8b6bb0 -> 0x2d8b6bb0 -> 0x2d8b6bb0 -> 0x2d8b6b48 -> 0x2d8b6b48 -> 0x2d8b6bb0 -> 0x2d8b6bb0 -> 0x2d8b6bb0 -> 0x2d8b6bb0 -> 0x2d8b6bb0 -> 0x2d8b6bb0 -> 0x2d8b6bb0 -> 0x2d8b6bb0 -> 0x2d8b6b48   Has an Average delta: Yes   Average delta: 0x15
RBX values:    Has an Average delta: No
RCX values:    Has an Average delta: No
RDX values:    Has an Average delta: No
RSI values:    Has an Average delta: No
RDI values: 0x2d8b6bb0 -> 0x2d8b6bb0 -> 0x2d8b6bb0 -> 0x2d8b6bb0 -> 0x2d8b6bb0 -> 0x2d8b6bb0 -> 0x2d8b6bb0 -> 0x2d8b6bb0 -> 0x2d8b6bb0 -> 0x2d8b6bb0 -> 0x2d8b6bb0 -> 0x2d8b6bb0 -> 0x2d8b6bb0 -> 0x2d8b6bb0 -> 0x2d8b6bb0 -> 0x2d8b6bb0 -> 0x2d8b6bb0 -> 0x2d8b6bb0 -> 0x2d8b6bb0 -> 0x2d8b6bb0   Has an Average delta: Yes   Average delta: 0x0
/lib/x86_64-linux-gnu/libc.so.6, 0x7b9125000000, __underflow, 0x7b91250950b0, 153994, 4162
RAX values: 0x7b9125202030 -> 0x150 -> 0x7b9125092640 -> 0x7b9125202030 -> 0x150 -> 0x7b9125092640 -> 0x7b9125202030 -> 0x150 -> 0x7b9125092640 -> 0x7b9125202030 -> 0x150 -> 0x7b9125092640 -> 0x7b9125202030 -> 0x150 -> 0x7b9125092640 -> 0x7b9125202030 -> 0x150 -> 0x7b9125092640 -> 0x7b9125202030 -> 0x150   Has an Average delta: Yes   Average delta: 0x548bbb15fa2d
RBX values: 0x2d8b53f0 -> 0x2d8b53f0 -> 0x2d8b53f0 -> 0x2d8b53f0 -> 0x2d8b53f0 -> 0x2d8b53f0 -> 0x2d8b53f0 -> 0x2d8b53f0 -> 0x2d8b53f0 -> 0x2d8b53f0 -> 0x2d8b53f0 -> 0x2d8b53f0 -> 0x2d8b53f0 -> 0x2d8b53f0 -> 0x2d8b53f0 -> 0x2d8b53f0 -> 0x2d8b53f0 -> 0x2d8b53f0 -> 0x2d8b53f0 -> 0x2d8b53f0   Has an Average delta: Yes   Average delta: 0x0
RCX values:    Has an Average delta: No
RDX values: 0x2d8c5590 -> 0x7b9125201ee0 -> 0x2d8c5590 -> 0x7b9125201ee0 -> 0x2d8c5590 -> 0x7b9125201ee0 -> 0x2d8c5590 -> 0x7b9125201ee0 -> 0x2d8c4590 -> 0x7b9125201ee0 -> 0x2d8c5590 -> 0x7b9125201ee0 -> 0x2d8c5590 -> 0x7b9125201ee0 -> 0x2d8c5590 -> 0x7b9125201ee0 -> 0x2d8c5590 -> 0x7b9125201ee0 -> 0x2d8c4590 -> 0x7b9125201ee0   Has an Average delta: Yes   Average delta: 0x7b90f793ccae
RSI values: 0x2d8c5590 -> 0x2d8c5590 -> 0x2d8c5590 -> 0x2d8c5590 -> 0x2d8c4590 -> 0x2d8c5590 -> 0x2d8c5590 -> 0x2d8c5590 -> 0x2d8c5590 -> 0x2d8c4590 -> 0x2d8c5590 -> 0x2d8c5590 -> 0x2d8c5590 -> 0x2d8c4590 -> 0x2d8c5590 -> 0x2d8c5590 -> 0x2d8c5590 -> 0x2d8c5590 -> 0x2d8c4590 -> 0x2d8c5590   Has an Average delta: Yes   Average delta: 0x6bc
RDI values: 0x0 -> 0x2d8b53f0 -> 0x0 -> 0x2d8b53f0 -> 0x0 -> 0x2d8b53f0 -> 0x0 -> 0x2d8b53f0 -> 0x0 -> 0x2d8b53f0 -> 0x0 -> 0x2d8b53f0 -> 0x0 -> 0x2d8b53f0 -> 0x0 -> 0x2d8b53f0 -> 0x0 -> 0x2d8b53f0 -> 0x0 -> 0x2d8b53f0   Has an Average delta: Yes   Average delta: 0x2d8b53f0
/home/noam/binary_translation/ex4/ex2ref/bzip2, 0x400000, BZ2_bzCompress, 0x405c64, 140377, 4250
RAX values: 0x2d8b6b48 -> 0x2d8b6bb0 -> 0x2d8b6bb0 -> 0x2d8b6b48 -> 0x2d8b6bb0 -> 0x2d8b6b48 -> 0x2d8b6b48 -> 0x2d8b6bb0 -> 0x2d8b6bb0 -> 0x2d8b6b48 -> 0x2d8b6bb0 -> 0x2d8b6b48 -> 0x2d8b6b48 -> 0x2d8b6bb0 -> 0x2d8b6bb0 -> 0x2d8b6b48 -> 0x2d8b6bb0 -> 0x2d8b6b48 -> 0x2d8b6b48 -> 0x2d8b6bb0   Has an Average delta: Yes   Average delta: 0x47
RBX values:    Has an Average delta: No
RCX values:    Has an Average delta: No
RDX values:    Has an Average delta: No
RSI values:    Has an Average delta: No
RDI values: 0x2d8b6b48 -> 0x2d8b6b48 -> 0x2d8b6b48 -> 0x2d8b6b48 -> 0x2d8b6b48 -> 0x2d8b6b48 -> 0x2d8b6b48 -> 0x2d8b6b48 -> 0x2d8b6b48 -> 0x2d8b6b48 -> 0x2d8b6b48 -> 0x2d8b6b48 -> 0x2d8b6b48 -> 0x2d8b6b48 -> 0x2d8b6b48 -> 0x2d8b6b48 -> 0x2d8b6b48 -> 0x2d8b6b48 -> 0x2d8b6b48 -> 0x2d8b6b48   Has an Average delta: Yes   Average delta: 0x0
/home/noam/binary_translation/ex4/ex2ref/bzip2, 0x400000, compressStream, 0x4016ce, 125191, 1
RAX values: 0x2d8b53f0 -> 0x2d8b55d0 -> 0x7fff0079870c -> 0x2d8b53f0 -> 0x7fff00798720 -> 0x2d8b53f0 -> 0x7fff0079870c -> 0x2d8b53f0 -> 0x7fff00798720 -> 0x2d8b53f0 -> 0x7fff0079870c -> 0x2d8b53f0 -> 0x7fff00798720 -> 0x2d8b53f0 -> 0x7fff0079870c -> 0x2d8b53f0 -> 0x7fff00798720 -> 0x2d8b53f0 -> 0x7fff0079870c -> 0x2d8b53f0   Has an Average delta: Yes   Average delta: 0x794241178ec4
RBX values:    Has an Average delta: No
RCX values: 0x2d8b53f0 -> 0x2d8b53f0 -> 0x2d8b53f0 -> 0x2d8b53f0 -> 0x2d8b53f0 -> 0x2d8b53f0 -> 0x2d8b53f0 -> 0x2d8b53f0 -> 0x2d8b53f0 -> 0x2d8b53f0 -> 0x2d8b53f0 -> 0x2d8b53f0 -> 0x2d8b53f0 -> 0x2d8b53f0 -> 0x2d8b53f0 -> 0x2d8b53f0 -> 0x2d8b53f0 -> 0x2d8b53f0 -> 0x2d8b53f0 -> 0x2d8b53f0   Has an Average delta: Yes   Average delta: 0x0
RDX values: 0x2d8b53f0 -> 0x7fff00798720 -> 0x2d8b53f0 -> 0x7fff00798720 -> 0x2d8b53f0 -> 0x7fff00798720 -> 0x2d8b53f0 -> 0x7fff00798720 -> 0x2d8b53f0 -> 0x7fff00798720 -> 0x2d8b53f0 -> 0x7fff00798720 -> 0x2d8b53f0 -> 0x7fff00798720 -> 0x2d8b53f0 -> 0x7fff00798720 -> 0x2d8b53f0 -> 0x7fff00798720 -> 0x2d8b53f0 -> 0x7fff00798720   Has an Average delta: Yes   Average delta: 0x7ffed2ee3330
RSI values: 0x2d8b55d0 -> 0x2d8b57b0 -> 0x2d8b57b0 -> 0x2d8b57b0 -> 0x2d8b57b0 -> 0x2d8b57b0 -> 0x2d8b57b0 -> 0x2d8b57b0 -> 0x2d8b57b0 -> 0x2d8b57b0 -> 0x2d8b57b0 -> 0x2d8b57b0 -> 0x2d8b57b0 -> 0x2d8b57b0 -> 0x2d8b57b0 -> 0x2d8b57b0 -> 0x2d8b57b0 -> 0x2d8b57b0 -> 0x2d8b57b0 -> 0x2d8b57b0   Has an Average delta: Yes   Average delta: 0x19
RDI values: 0x2d8b53f0 -> 0x2d8b55d0 -> 0x7fff0079870c -> 0x2d8b53f0 -> 0x7fff00798720 -> 0x2d8b53f0 -> 0x7fff0079870c -> 0x2d8b53f0 -> 0x7fff00798720 -> 0x2d8b53f0 -> 0x7fff0079870c -> 0x2d8b53f0 -> 0x7fff00798720 -> 0x2d8b53f0 -> 0x7fff0079870c -> 0x2d8b53f0 -> 0x7fff00798720 -> 0x2d8b53f0 -> 0x7fff0079870c -> 0x2d8b53f0   Has an Average delta: Yes   Average delta: 0x794241178ec4
/lib/x86_64-linux-gnu/libc.so.6, 0x7b9125000000, _IO_switch_to_get_mode, 0x7b9125094f50, 108446, 4171
RAX values: 0x0 -> 0x2d8c4590 -> 0x2d8c4590 -> 0x2d8c4590 -> 0x2d8c4590 -> 0x2d8c4590 -> 0x2d8c4590 -> 0x2d8c4590 -> 0x2d8c4590 -> 0x2d8c4590 -> 0x2d8c4590 -> 0x2d8c4590 -> 0x2d8c4590 -> 0x2d8c4590 -> 0x2d8c4590 -> 0x2d8c4590 -> 0x2d8c4590 -> 0x2d8c4590 -> 0x2d8c4590 -> 0x2d8c4590   Has an Average delta: Yes   Average delta: 0x265b2d1
RBX values: 0x2d8b53f0 -> 0x2d8b53f0 -> 0x2d8b53f0 -> 0x2d8b53f0 -> 0x2d8b53f0 -> 0x2d8b53f0 -> 0x2d8b53f0 -> 0x2d8b53f0 -> 0x2d8b53f0 -> 0x2d8b53f0 -> 0x2d8b53f0 -> 0x2d8b53f0 -> 0x2d8b53f0 -> 0x2d8b53f0 -> 0x2d8b53f0 -> 0x2d8b53f0 -> 0x2d8b53f0 -> 0x2d8b53f0 -> 0x2d8b53f0 -> 0x2d8b53f0   Has an Average delta: Yes   Average delta: 0x0
RCX values: 0x2d8c4590 -> 0x2d8c4590 -> 0x2d8c4590 -> 0x2d8c4590 -> 0x2d8c4590 -> 0x2d8c4590 -> 0x2d8c4590 -> 0x2d8c4590 -> 0x2d8c4590 -> 0x2d8c4590 -> 0x2d8c4590 -> 0x2d8c4590 -> 0x2d8c4590 -> 0x2d8c4590 -> 0x2d8c4590 -> 0x2d8c4590 -> 0x2d8c4590 -> 0x2d8c4590 -> 0x2d8c4590 -> 0x2d8c4590   Has an Average delta: Yes   Average delta: 0x0
RDX values:    Has an Average delta: No
RSI values:    Has an Average delta: No
RDI values:    Has an Average delta: No
/lib/x86_64-linux-gnu/libc.so.6, 0x7b9125000000, _IO_sputbackc, 0x7b9125095fe0, 91740, 4170
RAX values: 0x2d8c4591 -> 0x2d8c4590 -> 0x2d8c4919 -> 0x2d8c4918 -> 0x2d8c4ca1 -> 0x2d8c4ca0 -> 0x2d8c5029 -> 0x2d8c5028 -> 0x2d8c53b1 -> 0x2d8c53b0 -> 0x2d8c4739 -> 0x2d8c4738 -> 0x2d8c4ac1 -> 0x2d8c4ac0 -> 0x2d8c4e49 -> 0x2d8c4e48 -> 0x2d8c51d1 -> 0x2d8c51d0 -> 0x2d8c5559 -> 0x2d8c5558   Has an Average delta: Yes   Average delta: 0x225
RBX values: 0x2d8b53f0 -> 0x7fff00799d18 -> 0x2d8b53f0 -> 0x7fff00799d18 -> 0x2d8b53f0 -> 0x7fff00799d18 -> 0x2d8b53f0 -> 0x7fff00799d18 -> 0x2d8b53f0 -> 0x7fff00799d18 -> 0x2d8b53f0 -> 0x7fff00799d18 -> 0x2d8b53f0 -> 0x7fff00799d18 -> 0x2d8b53f0 -> 0x7fff00799d18 -> 0x2d8b53f0 -> 0x7fff00799d18 -> 0x2d8b53f0 -> 0x7fff00799d18   Has an Average delta: Yes   Average delta: 0x7ffed2ee4928
RCX values:    Has an Average delta: No
RDX values:    Has an Average delta: No
RSI values:    Has an Average delta: No
RDI values:    Has an Average delta: No
/lib/x86_64-linux-gnu/libc.so.6, 0x7b9125000000, ungetc, 0x7b91250887d0, 87570, 4170
RAX values:    Has an Average delta: No
RBX values: 0x2d8b53f0 -> 0x7fff00799d18 -> 0x2d8b53f0 -> 0x7fff00799d18 -> 0x2d8b53f0 -> 0x7fff00799d18 -> 0x2d8b53f0 -> 0x7fff00799d18 -> 0x2d8b53f0 -> 0x7fff00799d18 -> 0x2d8b53f0 -> 0x7fff00799d18 -> 0x2d8b53f0 -> 0x7fff00799d18 -> 0x2d8b53f0 -> 0x7fff00799d18 -> 0x2d8b53f0 -> 0x7fff00799d18 -> 0x2d8b53f0 -> 0x7fff00799d18   Has an Average delta: Yes   Average delta: 0x7ffed2ee4928
RCX values:    Has an Average delta: No
RDX values:    Has an Average delta: No
RSI values:    Has an Average delta: No
RDI values: 0x2d8b53f0 -> 0x2d8b53f0 -> 0x2d8b53f0 -> 0x2d8b53f0 -> 0x2d8b53f0 -> 0x2d8b53f0 -> 0x2d8b53f0 -> 0x2d8b53f0 -> 0x2d8b53f0 -> 0x2d8b53f0 -> 0x2d8b53f0 -> 0x2d8b53f0 -> 0x2d8b53f0 -> 0x2d8b53f0 -> 0x2d8b53f0 -> 0x2d8b53f0 -> 0x2d8b53f0 -> 0x2d8b53f0 -> 0x2d8b53f0 -> 0x2d8b53f0   Has an Average delta: Yes   Average delta: 0x0
/lib/x86_64-linux-gnu/libc.so.6, 0x7b9125000000, getc, 0x7b912508ef70, 83390, 4171
RAX values: 0x0 -> 0x2d8c4918 -> 0x2d8c4ca0 -> 0x2d8c5028 -> 0x2d8c53b0 -> 0x2d8c4738 -> 0x2d8c4ac0 -> 0x2d8c4e48 -> 0x2d8c51d0 -> 0x2d8c5558 -> 0x2d8c48e0 -> 0x2d8c4c68 -> 0x2d8c4ff0 -> 0x2d8c5378 -> 0x2d8c4700 -> 0x2d8c4a88 -> 0x2d8c4e10 -> 0x2d8c5198 -> 0x2d8c5520 -> 0x2d8c48a8   Has an Average delta: Yes   Average delta: 0x265b83b
RBX values: 0x2d8b53f0 -> 0x7fff00799d18 -> 0x2d8b53f0 -> 0x7fff00799d18 -> 0x2d8b53f0 -> 0x7fff00799d18 -> 0x2d8b53f0 -> 0x7fff00799d18 -> 0x2d8b53f0 -> 0x7fff00799d18 -> 0x2d8b53f0 -> 0x7fff00799d18 -> 0x2d8b53f0 -> 0x7fff00799d18 -> 0x2d8b53f0 -> 0x7fff00799d18 -> 0x2d8b53f0 -> 0x7fff00799d18 -> 0x2d8b53f0 -> 0x7fff00799d18   Has an Average delta: Yes   Average delta: 0x7ffed2ee4928
RCX values:    Has an Average delta: No
RDX values: 0x2d8c4919 -> 0x2d8c4ca1 -> 0x2d8c5029 -> 0x2d8c53b1 -> 0x2d8c4739 -> 0x2d8c4ac1 -> 0x2d8c4e49 -> 0x2d8c51d1 -> 0x2d8c5559 -> 0x2d8c48e1 -> 0x2d8c4c69 -> 0x2d8c4ff1 -> 0x2d8c5379 -> 0x2d8c4701 -> 0x2d8c4a89 -> 0x2d8c4e11 -> 0x2d8c5199 -> 0x2d8c5521 -> 0x2d8c48a9 -> 0x2d8c4c31   Has an Average delta: Yes   Average delta: 0x569
RSI values:    Has an Average delta: No
RDI values:    Has an Average delta: No
/home/noam/binary_translation/ex4/ex2ref/bzip2, 0x400000, myfeof, 0x40168e, 75074, 4171
RAX values: 0x2d8b53f0 -> 0x2d8b53f0 -> 0x2d8b53f0 -> 0x2d8b53f0 -> 0x2d8b53f0 -> 0x2d8b53f0 -> 0x2d8b53f0 -> 0x2d8b53f0 -> 0x2d8b53f0 -> 0x2d8b53f0 -> 0x2d8b53f0 -> 0x2d8b53f0 -> 0x2d8b53f0 -> 0x2d8b53f0 -> 0x2d8b53f0 -> 0x2d8b53f0 -> 0x2d8b53f0 -> 0x2d8b53f0 -> 0x2d8b53f0 -> 0x2d8b53f0   Has an Average delta: Yes   Average delta: 0x0
RBX values:    Has an Average delta: No
RCX values:    Has an Average delta: No
RDX values: 0x2d8b53f0 -> 0x2d8b53f0 -> 0x2d8b53f0 -> 0x2d8b53f0 -> 0x2d8b53f0 -> 0x2d8b53f0 -> 0x2d8b53f0 -> 0x2d8b53f0 -> 0x2d8b53f0 -> 0x2d8b53f0 -> 0x2d8b53f0 -> 0x2d8b53f0 -> 0x2d8b53f0 -> 0x2d8b53f0 -> 0x2d8b53f0 -> 0x2d8b53f0 -> 0x2d8b53f0 -> 0x2d8b53f0 -> 0x2d8b53f0 -> 0x2d8b53f0   Has an Average delta: Yes   Average delta: 0x0
RSI values: 0x2d8b53f0 -> 0x2d8b53f0 -> 0x2d8b53f0 -> 0x2d8b53f0 -> 0x2d8b53f0 -> 0x2d8b53f0 -> 0x2d8b53f0 -> 0x2d8b53f0 -> 0x2d8b53f0 -> 0x2d8b53f0 -> 0x2d8b53f0 -> 0x2d8b53f0 -> 0x2d8b53f0 -> 0x2d8b53f0 -> 0x2d8b53f0 -> 0x2d8b53f0 -> 0x2d8b53f0 -> 0x2d8b53f0 -> 0x2d8b53f0 -> 0x2d8b53f0   Has an Average delta: Yes   Average delta: 0x0
RDI values: 0x2d8b53f0 -> 0x2d8b53f0 -> 0x2d8b53f0 -> 0x2d8b53f0 -> 0x2d8b53f0 -> 0x2d8b53f0 -> 0x2d8b53f0 -> 0x2d8b53f0 -> 0x2d8b53f0 -> 0x2d8b53f0 -> 0x2d8b53f0 -> 0x2d8b53f0 -> 0x2d8b53f0 -> 0x2d8b53f0 -> 0x2d8b53f0 -> 0x2d8b53f0 -> 0x2d8b53f0 -> 0x2d8b53f0 -> 0x2d8b53f0 -> 0x2d8b53f0   Has an Average delta: Yes   Average delta: 0x0
/home/noam/binary_translation/ex4/ex2ref/bzip2, 0x400000, makeMaps_e, 0x40cac2, 67660, 20
RAX values: 0x2d8b6bb0 -> 0x0 -> 0x2d8b6bb0 -> 0x0 -> 0x2d8b6bb0 -> 0x2d8b6bb0 -> 0x1 -> 0x2d8b6bb0 -> 0x1 -> 0x2d8b6bb0 -> 0x2d8b6bb0 -> 0x2 -> 0x2d8b6bb0 -> 0x2 -> 0x2d8b6bb0 -> 0x2d8b6bb0 -> 0x3 -> 0x2d8b6bb0 -> 0x3 -> 0x2d8b6bb0   Has an Average delta: Yes   Average delta: 0x265a75a0
RBX values:    Has an Average delta: No
RCX values:    Has an Average delta: No
RDX values: 0x2d8b6bb0 -> 0x2d8b6bb0 -> 0x2d8b6bb0 -> 0x2d8b6bb0 -> 0x2d8b6bb0 -> 0x2d8b6bb0 -> 0x2d8b6bb0 -> 0x2d8b6bb0 -> 0x2d8b6bb0 -> 0x2d8b6bb0 -> 0x2d8b6bb0 -> 0x2d8b6bb0 -> 0x2d8b6bb0 -> 0x2d8b6bb0 -> 0x2d8b6bb0 -> 0x2d8b6bb0 -> 0x2d8b6bb0 -> 0x2d8b6bb0 -> 0x2d8b6bb0 -> 0x2d8b6bb0   Has an Average delta: Yes   Average delta: 0x0
RSI values:    Has an Average delta: No
RDI values:    Has an Average delta: No
/lib64/ld-linux-x86-64.so.2, 0x7b91398fc000, do_lookup_x, 0x7b9139906530, 64517, 145
RAX values: 0x7b91399358c0 -> 0x7fff007fe430 -> 0x7fff007fe000 -> 0x7fff007fe300 -> 0x2004111b024c1 -> 0x2004111 -> 0x7fff007fe188 -> 0x7fff007997f4 -> 0x7fff007fe1b4 -> 0x24 -> 0x9 -> 0x7fff007998d0 -> 0x7b91399358c0 -> 0x7fff007fe430 -> 0x7fff007fe000 -> 0x7fff007fe300 -> 0x2004111b024c1 -> 0x2004111b024c1 -> 0x7fff007fe188 -> 0x7fff007997f4   Has an Average delta: Yes   Average delta: 0x6c8ad214d7f9
RBX values: 0x7b91399358c0 -> 0x7b9139932370 -> 0x7b91399358c0 -> 0x7b9139932370 -> 0x7b91399358c0 -> 0x7b9139932370 -> 0x7b91399358c0 -> 0x7b9139932370 -> 0x7b91399358c0 -> 0x7b9139932370 -> 0x7b91399352e0 -> 0x7b913933c2d0 -> 0x7b913933c820 -> 0x7b913933cd60 -> 0x7b913933dab0 -> 0x7b91399352e0 -> 0x7b913933c2d0 -> 0x7b913933c820 -> 0x7b913933cd60 -> 0x7b913933dab0   Has an Average delta: Yes   Average delta: 0xf33c0
RCX values: 0x7fff007997f8 -> 0x7fff007fe2a0 -> 0x7fff007997f8 -> 0x7fff007fe1f8 -> 0x7fff007997f8 -> 0x7fff007fe258 -> 0x7fff007997f8 -> 0x7fff007fe2d0 -> 0x7fff007997f8 -> 0x7fff007fe228 -> 0x5f0 -> 0x662 -> 0x6620 -> 0x6685 -> 0x66850 -> 0x668c3 -> 0x7fff007996c8 -> 0x7b9125019570 -> 0x730 -> 0x7a6   Has an Average delta: Yes   Average delta: 0x1435bcb83094
RDX values: 0x7fff007fe420 -> 0x7fff007fe178 -> 0x2004111b024c1 -> 0x8010446c093 -> 0x4011 -> 0x7fff007fe190 -> 0x1b -> 0x7b9139932370 -> 0x7fff007fe420 -> 0x7fff007fe178 -> 0x2004111b024c1 -> 0x2004111b -> 0x1 -> 0x7fff007fe190 -> 0x6 -> 0x7b9139932370 -> 0x7fff007fe420 -> 0x7fff007fe178 -> 0x2004111b024c1 -> 0x200411   Has an Average delta: Yes   Average delta: 0xb5f971728745
RSI values: 0x1c8 -> 0x7fff007fe1c8 -> 0x7fff007999e0 -> 0x1c8 -> 0x7fff007fe1c8 -> 0x7fff007999e0 -> 0x1c8 -> 0x7fff007fe1c8 -> 0x7fff007999e0 -> 0x1c8 -> 0x7fff007fe1c8 -> 0x7fff007999e0 -> 0x1c8 -> 0x7fff007fe1c8 -> 0x7fff007999e0 -> 0x4003c0 -> 0x7b9125019570 -> 0x7b9125287dc8 -> 0x7b912593c4f8 -> 0x7b91250095e0   Has an Average delta: Yes   Average delta: 0x49deb167092d
RDI values: 0x7b913992aec5 -> 0x7b913992aeda -> 0x7b913992aeee -> 0x7b913992aefa -> 0x7b913992af08 -> 0x7fff007996c4 -> 0x7b9125022b97 -> 0x7b9125022b97 -> 0x7fff007996c4 -> 0x7b912501dd10 -> 0x7b912501dd10 -> 0x7fff007996c4 -> 0x7b912501be47 -> 0x7b912501be47 -> 0x7fff007996c4 -> 0x7b912501c2bb -> 0x7b912501c2bb -> 0x7b912501c2bb -> 0x7b912501c2bb -> 0x7fff007996c4   Has an Average delta: Yes   Average delta: 0x2191608a8fd
/lib/x86_64-linux-gnu/libc.so.6, 0x7b9125000000, _IO_sgetn, 0x7b9125095800, 62550, 4170
RAX values: 0x7b9125202030 -> 0x150 -> 0x7b9125093d20 -> 0x7b9125202030 -> 0x150 -> 0x7b9125093d20 -> 0x7b9125202030 -> 0x150 -> 0x7b9125093d20 -> 0x7b9125202030 -> 0x150 -> 0x7b9125093d20 -> 0x7b9125202030 -> 0x150 -> 0x7b9125093d20 -> 0x7b9125202030 -> 0x150 -> 0x7b9125093d20 -> 0x7b9125202030 -> 0x150   Has an Average delta: Yes   Average delta: 0x548bbb15fa2d
RBX values: 0x7b9125202030 -> 0x2d8b53f0 -> 0x7b9125202030 -> 0x2d8b53f0 -> 0x7b9125202030 -> 0x2d8b53f0 -> 0x7b9125202030 -> 0x2d8b53f0 -> 0x7b9125202030 -> 0x2d8b53f0 -> 0x7b9125202030 -> 0x2d8b53f0 -> 0x7b9125202030 -> 0x2d8b53f0 -> 0x7b9125202030 -> 0x2d8b53f0 -> 0x7b9125202030 -> 0x2d8b53f0 -> 0x7b9125202030 -> 0x2d8b53f0   Has an Average delta: Yes   Average delta: 0x7b90f794cc40
RCX values: 0x7b9125201ee0 -> 0x7b9125201ee0 -> 0x7b9125201ee0 -> 0x7b9125201ee0 -> 0x7b9125201ee0 -> 0x7b9125201ee0 -> 0x7b9125201ee0 -> 0x7b9125201ee0 -> 0x7b9125201ee0 -> 0x7b9125201ee0 -> 0x7b9125201ee0 -> 0x7b9125201ee0 -> 0x7b9125201ee0 -> 0x7b9125201ee0 -> 0x7b9125201ee0 -> 0x7b9125201ee0 -> 0x7b9125201ee0 -> 0x7b9125201ee0 -> 0x7b9125201ee0 -> 0x7b9125201ee0   Has an Average delta: Yes   Average delta: 0x0
RDX values:    Has an Average delta: No
RSI values:    Has an Average delta: No
RDI values:    Has an Average delta: No
/lib/x86_64-linux-gnu/libc.so.6, 0x7b9125000000, _IO_ferror, 0x7b912508e860, 59129, 8447
RAX values:    Has an Average delta: No
RBX values:    Has an Average delta: No
RCX values:    Has an Average delta: No
RDX values:    Has an Average delta: No
RSI values:    Has an Average delta: No
RDI values:    Has an Average delta: No
/lib/x86_64-linux-gnu/libc.so.6, 0x7b9125000000, __read, 0x7b912511ba80, 40728, 5091
RAX values:    Has an Average delta: No
RBX values:    Has an Average delta: No
RCX values:    Has an Average delta: No
RDX values:    Has an Average delta: No
RSI values:    Has an Average delta: No
RDI values:    Has an Average delta: No
/home/noam/binary_translation/ex4/ex2ref/bzip2, 0x400000, prepare_new_block, 0x404f65, 36280, 20
RAX values: 0x2d8b6bb0 -> 0x2d8b6bb0 -> 0x2d8b6bb0 -> 0x2d8b6bb0 -> 0x0 -> 0x1 -> 0x2 -> 0x3 -> 0x4 -> 0x5 -> 0x6 -> 0x7 -> 0x8 -> 0x9 -> 0xa -> 0xb -> 0xc -> 0xd -> 0xe -> 0xf   Has an Average delta: Yes   Average delta: 0x265a75a
RBX values:    Has an Average delta: No
RCX values:    Has an Average delta: No
RDX values: 0x2d8b6bb0 -> 0x2d8b6bb0 -> 0x2d8b6bb0 -> 0x2d8b6bb0 -> 0x2d8b6bb0 -> 0x2d8b6bb0 -> 0x2d8b6bb0 -> 0x2d8b6bb0 -> 0x2d8b6bb0 -> 0x2d8b6bb0 -> 0x2d8b6bb0 -> 0x2d8b6bb0 -> 0x2d8b6bb0 -> 0x2d8b6bb0 -> 0x2d8b6bb0 -> 0x2d8b6bb0 -> 0x2d8b6bb0 -> 0x2d8b6bb0 -> 0x2d8b6bb0 -> 0x2d8b6bb0   Has an Average delta: Yes   Average delta: 0x0
RSI values:    Has an Average delta: No
RDI values:    Has an Average delta: No
/lib64/ld-linux-x86-64.so.2, 0x7b91398fc000, _dl_relocate_object, 0x7b913990b240, 30205, 6
RAX values: 0x0 -> 0x7b9139934ab0 -> 0x7b9125202af0 -> 0x7b9125027290 -> 0x7b9125202b00 -> 0x1ffc60 -> 0x7b91251ffc60 -> 0x913800001fdf811d -> 0x489c00000fefc08e -> 0x244e000007f7e047 -> 0x1227000003fbf023 -> 0x913800001fdf811 -> 0x489c00000fefc08 -> 0x244e000007f7e04 -> 0x1227000003fbf02 -> 0x913800001fdf81 -> 0x489c00000fefc0 -> 0x244e000007f7e0 -> 0x1227000003fbf0 -> 0x913800001fdf8   Has an Average delta: Yes   Average delta: 0xd78e317d412872c
RBX values: 0x7b91250264c8 -> 0x7b91250264e0 -> 0x7b91250264f8 -> 0x7b9125026510 -> 0x7b9125026528 -> 0x7b9125026540 -> 0x7b9125026558 -> 0x7b9125026570 -> 0x7b9125026588 -> 0x7b91250265a0 -> 0x7b91250265b8 -> 0x7b91250265d0 -> 0x7b91250265e8 -> 0x7b9125026600 -> 0x7b9125026618 -> 0x7b9125026630 -> 0x7b9125026648 -> 0x7b9125026660 -> 0x7b9125026678 -> 0x7b9125026690   Has an Average delta: Yes   Average delta: 0x18
RCX values: 0x7b91251ffc68 -> 0x7b91251ffc70 -> 0x7b91251ffc78 -> 0x7b91251ffc80 -> 0x7b91251ffc88 -> 0x7b91251ffc90 -> 0x7b91251ffc98 -> 0x7b91251ffca0 -> 0x7b91251ffca8 -> 0x7b91251ffcb0 -> 0x7b91251ffcb8 -> 0x7b91251ffcc0 -> 0x7b91251ffcc8 -> 0x7b91251ffcd0 -> 0x7b91251ffcd8 -> 0x7b91251ffce0 -> 0x7b91251ffce8 -> 0x7b91251ffcf0 -> 0x7b91251ffcf8 -> 0x7b91251ffd00   Has an Average delta: Yes   Average delta: 0x8
RDX values: 0xf7224a027290 -> 0x7b9125027290 -> 0x7b9125027298 -> 0x7b91250272a0 -> 0x7b91250272a8 -> 0x7b91250272b0 -> 0x7b91250272b8 -> 0x7b91250272c0 -> 0x7b91250272c8 -> 0x7b91250272d0 -> 0x7b91250272d8 -> 0x7b91250272e0 -> 0x7b91250272e8 -> 0x7b91250272f0 -> 0x7b91250272f8 -> 0x7b9125027300 -> 0x7b9125027308 -> 0x7b9125027310 -> 0x7b9125027318 -> 0x7b9125027320   Has an Average delta: Yes   Average delta: 0x680e7000007
RSI values: 0x100 -> 0x7b9125027390 -> 0x810 -> 0xf7224a0095e0 -> 0x7b9125024630 -> 0x7fff007998c0 -> 0x7b9125000000 -> 0x7b91251ffc68 -> 0x7b913933cd60 -> 0x7b9125000000 -> 0x7b9125202d80 -> 0x7b9125202d80 -> 0x7b9125000000 -> 0x7b9125202d88 -> 0x7b9125202d88 -> 0x7b9125000000 -> 0x7b9125202d90 -> 0x7b9125202d90 -> 0x7b9125000000 -> 0x7b9125202d98   Has an Average delta: Yes   Average delta: 0x20fbdfa4ebcf
RDI values: 0x7b91251ffc68 -> 0x7b91251ffe60 -> 0x7b9125200058 -> 0x7b9125200250 -> 0x7b9125200448 -> 0x7b9125200640 -> 0x7b9125200838 -> 0x7b9125200a30 -> 0x7b9125200c28 -> 0x7b9125200e20 -> 0x7b9125201018 -> 0x7b9125201210 -> 0x7b9125201408 -> 0x7b9125201600 -> 0x7b91252017f8 -> 0x7b91252019f0 -> 0x7b9125201be8 -> 0x7b9125201de0 -> 0x7b9125201fd8 -> 0x7b91252021d0   Has an Average delta: Yes   Average delta: 0x1f8
/lib64/ld-linux-x86-64.so.2, 0x7b91398fc000, _dl_lookup_symbol_x, 0x7b91399070d0, 26150, 145
RAX values: 0x7b9139935c90 -> 0x0 -> 0x7fff007999e0 -> 0x7b9139932370 -> 0x7b91399358c0 -> 0x7b9139935c90 -> 0x0 -> 0x7fff007999e0 -> 0x7b9139932370 -> 0x7b91399358c0 -> 0x7b9139935c90 -> 0x0 -> 0x7fff007999e0 -> 0x7b9139932370 -> 0x7b91399358c0 -> 0x7b9139935c90 -> 0x0 -> 0x7fff007999e0 -> 0x7b9139932370 -> 0x7b91399358c0   Has an Average delta: Yes   Average delta: 0x35e4a1e27396
RBX values: 0x7b9139932370 -> 0x7b913992aec5 -> 0x7fff007999e0 -> 0x7b9139932370 -> 0x7b913992aeda -> 0x7fff007999e0 -> 0x7b9139932370 -> 0x7b913992aeee -> 0x7fff007999e0 -> 0x7b9139932370 -> 0x7b913992aefa -> 0x7fff007999e0 -> 0x7b9139932370 -> 0x7b913992af08 -> 0x7fff007999e0 -> 0x7b913933dab0 -> 0x7b9125022b97 -> 0x7b91250264c8 -> 0x7b913933dab0 -> 0x7b912501dd10   Has an Average delta: Yes   Average delta: 0x254bcbc4e6e
RCX values: 0x7b913992aec5 -> 0x7b913992aec7 -> 0x7b913992aec9 -> 0x7b913992aecb -> 0x7b913992aecd -> 0x7b913992aecf -> 0x7b913992aed1 -> 0x7b913992aed3 -> 0x7b913992aed5 -> 0x7b913992aed7 -> 0x7b913992aed9 -> 0x7fff007999e0 -> 0x7fff007999e0 -> 0x7b913992aeda -> 0x7b913992aedc -> 0x7b913992aede -> 0x7b913992aee0 -> 0x7b913992aee2 -> 0x7b913992aee4 -> 0x7b913992aee6   Has an Average delta: Yes   Average delta: 0x77584e33b1
RDX values: 0x7fff007998c8 -> 0x0 -> 0x7fff007998c8 -> 0x0 -> 0x7fff007998c8 -> 0x0 -> 0x7fff007998c8 -> 0x0 -> 0x7fff007998c8 -> 0x0 -> 0x7fff00799798 -> 0x0 -> 0x7fff00799798 -> 0x0 -> 0x7fff00799798 -> 0x0 -> 0x7fff00799798 -> 0x0 -> 0x7fff00799798 -> 0x0   Has an Average delta: Yes   Average delta: 0x7fff00799828
RSI values: 0x7fff007998d0 -> 0x7fff007999d0 -> 0x7fff007998d0 -> 0x7fff007999d0 -> 0x7fff007998d0 -> 0x7fff007999d0 -> 0x7fff007998d0 -> 0x7fff007999d0 -> 0x7fff007998d0 -> 0x7fff007999d0 -> 0x7fff007997a0 -> 0x7fff007998c8 -> 0x7fff007997a0 -> 0x7fff007998c8 -> 0x7fff007997a0 -> 0x7fff007998c8 -> 0x7fff007997a0 -> 0x7fff007998c8 -> 0x7fff007997a0 -> 0x7fff007998c8   Has an Average delta: Yes   Average delta: 0x122
RDI values: 0x7fff007998c8 -> 0x7b913992aec5 -> 0x7fff007fe2a0 -> 0x7fff007998c8 -> 0x7b913992aeda -> 0x7fff007fe1f8 -> 0x7fff007998c8 -> 0x7b913992aeee -> 0x7fff007fe258 -> 0x7fff007998c8 -> 0x7b913992aefa -> 0x7fff007fe2d0 -> 0x7fff007998c8 -> 0x7b913992af08 -> 0x7fff007fe228 -> 0x7fff00799798 -> 0x7b9125022b97 -> 0x7b9125019570 -> 0x7fff00799798 -> 0x7b912501dd10   Has an Average delta: Yes   Average delta: 0x307c13eef4d
/lib/x86_64-linux-gnu/libc.so.6, 0x7b9125000000, __GI__IO_file_read, 0x7b91250938b0, 25455, 5091
RAX values:    Has an Average delta: No
RBX values:    Has an Average delta: No
RCX values:    Has an Average delta: No
RDX values:    Has an Average delta: No
RSI values:    Has an Average delta: No
RDI values:    Has an Average delta: No
/lib/x86_64-linux-gnu/libc.so.6, 0x7b9125000000, __mempcpy_avx_unaligned_erms, 0x7b9125188a40, 17432, 4358
RAX values: 0x7fff00798720 -> 0x7fff00799720 -> 0x7fff00798720 -> 0x7fff00799398 -> 0x7fff00798720 -> 0x7fff00799010 -> 0x7fff00798720 -> 0x7fff00798c88 -> 0x7fff00798720 -> 0x7fff00798900 -> 0x7fff00798720 -> 0x7fff00799578 -> 0x7fff00798720 -> 0x7fff007991f0 -> 0x7fff00798720 -> 0x7fff00798e68 -> 0x7fff00798720 -> 0x7fff00798ae0 -> 0x7fff00798720 -> 0x7fff00798758   Has an Average delta: Yes   Average delta: 0x886
RBX values:    Has an Average delta: No
RCX values:    Has an Average delta: No
RDX values:    Has an Average delta: No
RSI values:    Has an Average delta: No
RDI values:    Has an Average delta: No
/lib/x86_64-linux-gnu/libc.so.6, 0x7b9125000000, .plt.sec, 0x7b9125028400, 17114, 0
RAX values:    Has an Average delta: No
RBX values:    Has an Average delta: No
RCX values:    Has an Average delta: No
RDX values:    Has an Average delta: No
RSI values:    Has an Average delta: No
RDI values:    Has an Average delta: No
/lib64/ld-linux-x86-64.so.2, 0x7b91398fc000, check_match, 0x7b9139906390, 16137, 362
RAX values: 0x0 -> 0x7fff007fe2a0 -> 0x0 -> 0x7fff007fe1f8 -> 0x0 -> 0x7fff007fe258 -> 0x0 -> 0x7fff007fe2d0 -> 0x0 -> 0x7fff007fe228 -> 0x7b9125024630 -> 0x8002 -> 0x7b913933da80 -> 0x7b913933dab0 -> 0x7b9125019570 -> 0x7b9125024630 -> 0x8002 -> 0x7b913933da80 -> 0x7b913933dab0 -> 0x7b912501b058   Has an Average delta: Yes   Average delta: 0x56e0839ef1e0
RBX values: 0x7fff007fe2a0 -> 0x7b91399358c0 -> 0x7fff007fe1f8 -> 0x7b91399358c0 -> 0x7fff007fe258 -> 0x7b91399358c0 -> 0x7fff007fe2d0 -> 0x7b91399358c0 -> 0x7fff007fe228 -> 0x7b91399358c0 -> 0x400828 -> 0x7b91399352e0 -> 0x7b9125019570 -> 0x7b913933cd60 -> 0x400708 -> 0x7b91399352e0 -> 0x7b912501b058 -> 0x7b913933cd60 -> 0x4003d8 -> 0x7b91399352e0   Has an Average delta: Yes   Average delta: 0x291e820e2cb5
RCX values:    Has an Average delta: No
RDX values: 0x6 -> 0x6 -> 0x6 -> 0x6 -> 0x6 -> 0x15 -> 0x63 -> 0x6 -> 0x6 -> 0x6 -> 0x6 -> 0x6 -> 0x6 -> 0x6 -> 0x6 -> 0x6 -> 0x6 -> 0x6 -> 0x15 -> 0x6   Has an Average delta: Yes   Average delta: 0xb
RSI values: 0x7b913992aec5 -> 0x7b913992aeda -> 0x7b913992aeee -> 0x7b913992aefa -> 0x7b913992af08 -> 0x7b9125024470 -> 0x7b9125024470 -> 0x7b9125024470 -> 0x7b9125024470 -> 0x7b9125024470 -> 0x7b912501db9e -> 0x7b9125024622 -> 0x7b91250245c3 -> 0x7b9125024470 -> 0x7b912501d80a -> 0x7b9125024470 -> 0x7b912501da21 -> 0x7b9125024470 -> 0x7b912501dd35 -> 0x7b9125024470   Has an Average delta: Yes   Average delta: 0x1153fc6
RDI values: 0x7fff007fe321 -> 0x0 -> 0x7fff007fe301 -> 0x0 -> 0x7fff007fe315 -> 0x0 -> 0x7fff007fe34a -> 0x0 -> 0x7fff007fe336 -> 0x0 -> 0x7b9125024470 -> 0x7b9125024470 -> 0x7b9125024470 -> 0x7b9125024470 -> 0x7b9125024470 -> 0x7b91398fcaa9 -> 0x7b91398fcc0c -> 0x7b91250245c3 -> 0x7b9125024470 -> 0x40099e   Has an Average delta: Yes   Average delta: 0x49a306485825
/lib64/ld-linux-x86-64.so.2, 0x7b91398fc000, strcmp, 0x7b91399234e0, 14496, 388
RAX values: 0x0 -> 0x21 -> 0x1 -> 0x15 -> 0xa -> 0x10 -> 0x36 -> 0xe -> 0x9 -> 0x9 -> 0x9 -> 0x9 -> 0x9 -> 0x9 -> 0x9 -> 0x9 -> 0x9 -> 0x5 -> 0x22 -> 0x3c   Has an Average delta: Yes   Average delta: 0xc
RBX values:    Has an Average delta: No
RCX values: 0x1 -> 0x5 -> 0x1a -> 0x2e -> 0x3a -> 0x10 -> 0x8 -> 0x10 -> 0x38 -> 0x38 -> 0x0 -> 0x0 -> 0x1 -> 0x1 -> 0x31 -> 0x31 -> 0x31 -> 0x5 -> 0x2b -> 0x38   Has an Average delta: Yes   Average delta: 0x12
RDX values: 0x0 -> 0x4 -> 0x3 -> 0xb -> 0x7 -> 0xb -> 0x0 -> 0x0 -> 0x0 -> 0x0 -> 0x1 -> 0x1 -> 0x2 -> 0x2 -> 0x2 -> 0x7 -> 0x3 -> 0x0 -> 0x0 -> 0x0   Has an Average delta: Yes   Average delta: 0x2
RSI values: 0x7b913992aed5 -> 0x7b913992aed0 -> 0x7b913992aed5 -> 0x7b913992aeea -> 0x7b913992aee0 -> 0x7b913992aeea -> 0x7b913992aef0 -> 0x7b913992af00 -> 0x7b913992af00 -> 0x7b913992af10 -> 0x7b91399358b0 -> 0x400880 -> 0x400889 -> 0x7b91399358b8 -> 0x7b91399358b0 -> 0x400880 -> 0x400889 -> 0x7b91399358b8 -> 0x7fff007fe370 -> 0x400880   Has an Average delta: Yes   Average delta: 0x20fbe0a81f2e
RDI values: 0x7fff007fe331 -> 0x7fff007fe330 -> 0x7fff007fe331 -> 0x7fff007fe311 -> 0x7fff007fe310 -> 0x7fff007fe311 -> 0x7fff007fe340 -> 0x7fff007fe350 -> 0x7fff007fe330 -> 0x7fff007fe33e -> 0x400880 -> 0x7b91399358b0 -> 0x7b91399358b8 -> 0x400889 -> 0x400880 -> 0x7b91399358b0 -> 0x7b91399358b8 -> 0x400889 -> 0x400880 -> 0x7fff007fe370   Has an Average delta: Yes   Average delta: 0x277cc8b9f20f
/lib64/ld-linux-x86-64.so.2, 0x7b91398fc000, __GI___tunables_init, 0x7b91399118b0, 12739, 1
RAX values: 0x2 -> 0x3 -> 0x4 -> 0x5 -> 0x6 -> 0x7fff0079aa0e -> 0x2 -> 0x3 -> 0x4 -> 0x5 -> 0x6 -> 0x7 -> 0x8 -> 0x9 -> 0xa -> 0xb -> 0xc -> 0xd -> 0xe -> 0xf   Has an Average delta: Yes   Average delta: 0xd79287898a3
RBX values: 0x7b9139932440 -> 0x7b913991caf0   Has an Average delta: Yes   Average delta: 0x15950
RCX values: 0x1 -> 0x2 -> 0x3 -> 0x4 -> 0x5 -> 0x7fff0079aa0e -> 0x7fff0079aa0e -> 0x7fff0079aa0e -> 0x7fff0079aa0e -> 0x7fff0079aa0e -> 0x7fff0079aa0e -> 0x7fff0079aa0e -> 0x7fff0079aa0e -> 0x7fff0079aa0e -> 0x7fff0079aa0e -> 0x7fff0079aa0e -> 0x7fff0079aa0e -> 0x7fff0079aa0e -> 0x7fff0079aa0e -> 0x7fff0079aa0e   Has an Average delta: Yes   Average delta: 0x6bc943c4c51
RDX values: 0x7b91399324a9 -> 0x7b9139932531 -> 0x7b91399325b9 -> 0x7b9139932641 -> 0x7b91399326c9 -> 0x7b9139932751 -> 0x7b91399327d9 -> 0x7b9139932861 -> 0x7b91399328e9 -> 0x7b9139932971 -> 0x7b91399329f9 -> 0x7b9139932a81 -> 0x7b9139932b09 -> 0x7b9139932b91 -> 0x7b9139932c19 -> 0x7b9139932ca1 -> 0x7b9139932d29 -> 0x7b9139932db1 -> 0x7b9139932e39 -> 0x7b9139932ec1   Has an Average delta: Yes   Average delta: 0x88
RSI values: 0x7b913992a302 -> 0x7b913992a302 -> 0x7b913992a302 -> 0x7b913992a302 -> 0x7b913992a302 -> 0x7b913992a302 -> 0x7b913992a302 -> 0x7b913992a302 -> 0x7b913992a302 -> 0x7b913992a302 -> 0x7b913992a302 -> 0x7b913992a302 -> 0x7b913992a302 -> 0x7b913992a302 -> 0x7b913992a302 -> 0x7b913992a302 -> 0x7b913992a302 -> 0x7b913992a302 -> 0x7b913992a302 -> 0x7b913992a302   Has an Average delta: Yes   Average delta: 0x0
RDI values:    Has an Average delta: No
/home/noam/binary_translation/ex4/ex2ref/bzip2, 0x400000, ferror@plt, 0x4010f0, 8449, 8447
RAX values:    Has an Average delta: No
RBX values:    Has an Average delta: No
RCX values:    Has an Average delta: No
RDX values:    Has an Average delta: No
RSI values:    Has an Average delta: No
RDI values:    Has an Average delta: No
/lib/x86_64-linux-gnu/libc.so.6, 0x7b9125000000, _IO_file_xsputn, 0x7b91250939e0, 8071, 99
RAX values: 0x7b9125202030 -> 0x1388 -> 0x1 -> 0x7b9125202030 -> 0x0 -> 0x1388 -> 0x7b9125202030 -> 0x710 -> 0x0 -> 0x0 -> 0x1388 -> 0x7b9125202030 -> 0xa98 -> 0x0 -> 0x0 -> 0x1388 -> 0x7b9125202030 -> 0xe20 -> 0x0 -> 0x0   Has an Average delta: Yes   Average delta: 0x3a881f0f37aa
RBX values: 0x2d8b55d0 -> 0x2d8b55d0 -> 0x2d8b55d0 -> 0x2d8b55d0 -> 0x2d8b55d0 -> 0x2d8b55d0 -> 0x2d8b55d0 -> 0x2d8b55d0 -> 0x2d8b55d0 -> 0x2d8b55d0 -> 0x2d8b55d0 -> 0x2d8b55d0 -> 0x2d8b55d0 -> 0x2d8b55d0 -> 0x2d8b55d0 -> 0x2d8b55d0 -> 0x2d8b55d0 -> 0x2d8b55d0 -> 0x2d8b55d0 -> 0x2d8b55d0   Has an Average delta: Yes   Average delta: 0x0
RCX values: 0x2d8c65a0 -> 0x1000 -> 0x1388 -> 0x1000 -> 0x1000 -> 0x0 -> 0x710 -> 0x2d8c65a0 -> 0x1000 -> 0x710 -> 0x0 -> 0x0 -> 0xa98 -> 0x2d8c65a0 -> 0x1000 -> 0xa98 -> 0x0 -> 0x0 -> 0xe20 -> 0x2d8c65a0   Has an Average delta: Yes   Average delta: 0xe623b69
RDX values: 0x7b9125202030 -> 0x150 -> 0x388 -> 0x2d8c55a0 -> 0x7b9125202030 -> 0x150 -> 0x1000 -> 0x388 -> 0xc78 -> 0x7b9125202030 -> 0x150 -> 0x710 -> 0x710 -> 0x8f0 -> 0x7b9125202030 -> 0x150 -> 0xa98 -> 0xa98 -> 0x568 -> 0x7b9125202030   Has an Average delta: Yes   Average delta: 0x3407380d881f
RSI values: 0x2d8c55a0 -> 0x2d8b57b8 -> 0x2d8b67b8 -> 0x2d8b57b8 -> 0x2d8b6430 -> 0x2d8b57b8 -> 0x2d8b60a8 -> 0x2d8b57b8 -> 0x2d8b5d20 -> 0x2d8b57b8 -> 0x2d8b5998 -> 0x2d8b57b8 -> 0x2d8b5f84 -> 0x2d8b57b8 -> 0x2d8b5bfc -> 0x2d8b57b8 -> 0x2d8c55a0 -> 0x2d8b5874 -> 0x2d8b6874 -> 0x2d8b57b8   Has an Average delta: Yes   Average delta: 0x2fbf
RDI values: 0x0 -> 0x2d8b55d0 -> 0x2d8b55d0 -> 0x2d8b55d0 -> 0x2d8c5928 -> 0x2d8b55d0 -> 0x2d8b55d0 -> 0x2d8c5cb0 -> 0x2d8b55d0 -> 0x2d8b55d0 -> 0x2d8c6038 -> 0x2d8b55d0 -> 0x2d8b55d0 -> 0x2d8c63c0 -> 0x2d8b55d0 -> 0x2d8b55d0 -> 0x2d8c5dd4 -> 0x2d8b55d0 -> 0x2d8b55d0 -> 0x2d8c615c   Has an Average delta: Yes   Average delta: 0x2663f80
/lib64/ld-linux-x86-64.so.2, 0x7b91398fc000, _dl_check_map_versions, 0x7b9139911c90, 7405, 6
RAX values: 0x400888 -> 0x0 -> 0x0 -> 0x0 -> 0x400ac5 -> 0x7b913933c2d0 -> 0x7fff00799d18 -> 0x7b9139929cb5 -> 0x7b91252dae08 -> 0x7b9139933aa0 -> 0x7b91252daeb8 -> 0x400ac4 -> 0x7b913933c2d0 -> 0x7fff00799d18 -> 0x7b9139929cb5 -> 0x7b91252dae08 -> 0x7b9139933aa0 -> 0x7b91252daeb8 -> 0x400888 -> 0x0   Has an Average delta: Yes   Average delta: 0x1af255391590
RBX values: 0x0 -> 0x400889 -> 0x400b60 -> 0x400b70 -> 0x40093c -> 0x400b90 -> 0x40095d -> 0x400bb0 -> 0x400bc0 -> 0x0 -> 0x7b91399352e0 -> 0x7fff007fe460 -> 0x7b91399358c0 -> 0x7b91252daeb8 -> 0x7b912528e318 -> 0x7b912528ee88 -> 0x7b912528ee98 -> 0x7b912528eea8 -> 0x7b912528eeb8 -> 0x7b912528eec8   Has an Average delta: Yes   Average delta: 0x6f8417dd882
RCX values: 0x400888 -> 0x7b9139934000 -> 0x400888 -> 0x400888 -> 0x7b9139934000 -> 0x400888 -> 0x7b9139934000 -> 0x400888 -> 0x400888 -> 0x400888 -> 0x400888 -> 0x300 -> 0x7fff007fe300 -> 0x7fff007fe300 -> 0x7b912528b698 -> 0x7b9139934000 -> 0x7b912528b698 -> 0x7b912528b698 -> 0x7b912528b698 -> 0x7b912528b698   Has an Average delta: Yes   Average delta: 0x2dfdb40bc29b
RDX values: 0x61c2a0 -> 0x400b50 -> 0x400b50 -> 0x8970 -> 0x7b912528e970 -> 0x8970 -> 0x7b912528e970 -> 0x920 -> 0x7b912593c920 -> 0x25ed8 -> 0x7b9125025ed8 -> 0x25ed8 -> 0x7b9125025ed8 -> 0x0 -> 0x7fff007fe420 -> 0x3a8 -> 0x7fff007fe3a8 -> 0x7fff007fe3c4 -> 0x7fff007fe000 -> 0x7fff007fe3a8   Has an Average delta: Yes   Average delta: 0x553ec2d3134d
RSI values: 0x7b91399352e0 -> 0x7b91399352e0 -> 0x7b91399358c0 -> 0x7b913933c2d0 -> 0x7b913933c2d0 -> 0x7b912528e34a -> 0x7b912528e349 -> 0x7b91399352e0 -> 0x7b91399352e0 -> 0x7b91399358c0 -> 0x7b913933c2d0 -> 0x7b913933c820 -> 0x7b913933c820 -> 0x7b912593c840 -> 0x7b91399352e0 -> 0x7b91399352e0 -> 0x7b91399358c0 -> 0x7b913933c2d0 -> 0x7b913933c820 -> 0x7b913933cd60   Has an Average delta: Yes   Average delta: 0x446176a
RDI values: 0x400889 -> 0x400889 -> 0x400889 -> 0x400ac5 -> 0x400ac4 -> 0x40093c -> 0x40093c -> 0x40093c -> 0x40093c -> 0x400acd -> 0x40095d -> 0x40095d -> 0x40095d -> 0x40095d -> 0x40095d -> 0x400ad9 -> 0x400acd -> 0x7b913933d360 -> 0x7b913933d410 -> 0x7b912528e318   Has an Average delta: Yes   Average delta: 0x680e91ae1d1
/lib/x86_64-linux-gnu/libc.so.6, 0x7b9125000000, fwrite, 0x7b9125086940, 7127, 99
RAX values: 0x7b912593ac00 -> 0x0 -> 0x7b912593ac00 -> 0x7b9125202030 -> 0x150 -> 0x7b9125202030 -> 0x1388 -> 0x7b912593ac00 -> 0x0 -> 0x7b912593ac00 -> 0x7b9125202030 -> 0x150 -> 0x7b9125202030 -> 0x1388 -> 0x7b912593ac00 -> 0x0 -> 0x7b912593ac00 -> 0x7b9125202030 -> 0x150 -> 0x7b9125202030   Has an Average delta: Yes   Average delta: 0x680e705dee42
RBX values: 0x2d8b55d0 -> 0x7fff00799d18 -> 0x2d8b55d0 -> 0x7fff00799d18 -> 0x2d8b55d0 -> 0x7fff00799d18 -> 0x2d8b55d0 -> 0x7fff00799d18 -> 0x2d8b55d0 -> 0x7fff00799d18 -> 0x2d8b55d0 -> 0x7fff00799d18 -> 0x2d8b55d0 -> 0x7fff00799d18 -> 0x2d8b55d0 -> 0x7fff00799d18 -> 0x2d8b55d0 -> 0x7fff00799d18 -> 0x2d8b55d0 -> 0x7fff00799d18   Has an Average delta: Yes   Average delta: 0x7ffed2ee4748
RCX values:    Has an Average delta: No
RDX values: 0x7b9125201ee0 -> 0x1388 -> 0x7b9125201ee0 -> 0x1388 -> 0x7b9125201ee0 -> 0x1388 -> 0x7b9125201ee0 -> 0x1388 -> 0x7b9125201ee0 -> 0xa14 -> 0x7b9125201ee0 -> 0x1388 -> 0x7b9125201ee0 -> 0x1388 -> 0x7b9125201ee0 -> 0x1388 -> 0x7b9125201ee0 -> 0x1388 -> 0x7b9125201ee0 -> 0x8a7   Has an Average delta: Yes   Average delta: 0x7b9125200ce9
RSI values: 0x2d8b57b8 -> 0x2d8b57b8 -> 0x2d8b57b8 -> 0x2d8b57b8 -> 0x2d8b57b8 -> 0x2d8b57b8 -> 0x2d8b57b8 -> 0x2d8b57b8 -> 0x2d8b57b8 -> 0x2d8b57b8 -> 0x2d8b57b8 -> 0x2d8b57b8 -> 0x2d8b57b8 -> 0x2d8b57b8 -> 0x2d8b57b8 -> 0x2d8b57b8 -> 0x2d8b57b8 -> 0x2d8b57b8 -> 0x2d8b57b8 -> 0x2d8b57b8   Has an Average delta: Yes   Average delta: 0x0
RDI values: 0x2d8b56b0 -> 0x2d8b55d0 -> 0x2d8b56b0 -> 0x2d8b56b0 -> 0x2d8b55d0 -> 0x2d8b56b0 -> 0x2d8b56b0 -> 0x2d8b55d0 -> 0x2d8b56b0 -> 0x2d8b56b0 -> 0x2d8b55d0 -> 0x2d8b56b0 -> 0x2d8b56b0 -> 0x2d8b55d0 -> 0x2d8b56b0 -> 0x2d8b56b0 -> 0x2d8b55d0 -> 0x2d8b56b0 -> 0x2d8b56b0 -> 0x2d8b55d0   Has an Average delta: Yes   Average delta: 0x99
/lib/x86_64-linux-gnu/libc.so.6, 0x7b9125000000, _IO_do_write, 0x7b91250924c0, 5561, 93
RAX values: 0x2d8c55a0 -> 0x7b9125202030 -> 0x150 -> 0x2d8c55a0 -> 0x7b9125202030 -> 0x150 -> 0x2d8c55a0 -> 0x7b9125202030 -> 0x150 -> 0x2d8c55a0 -> 0x7b9125202030 -> 0x150 -> 0x2d8c55a0 -> 0x7b9125202030 -> 0x150 -> 0x2d8c55a0 -> 0x7b9125202030 -> 0x150 -> 0x2d8c55a0 -> 0x7b9125202030   Has an Average delta: Yes   Average delta: 0x548bb8b04695
RBX values: 0x2d8b55d0 -> 0x2d8b55d0 -> 0x2d8b55d0 -> 0x2d8b55d0 -> 0x2d8b55d0 -> 0x2d8b55d0 -> 0x2d8b55d0 -> 0x2d8b55d0 -> 0x2d8b55d0 -> 0x2d8b55d0 -> 0x2d8b55d0 -> 0x2d8b55d0 -> 0x2d8b55d0 -> 0x2d8b55d0 -> 0x2d8b55d0 -> 0x2d8b55d0 -> 0x2d8b55d0 -> 0x2d8b55d0 -> 0x2d8b55d0 -> 0x2d8b55d0   Has an Average delta: Yes   Average delta: 0x0
RCX values:    Has an Average delta: No
RDX values: 0x1000 -> 0x1000 -> 0x1000 -> 0x1000 -> 0x1000 -> 0x1000 -> 0x1000 -> 0x1000 -> 0x1000 -> 0x1000 -> 0x1000 -> 0x1000 -> 0x1000 -> 0x1000 -> 0x1000 -> 0x1000 -> 0x1000 -> 0x1000 -> 0x1000 -> 0x1000   Has an Average delta: Yes   Average delta: 0x0
RSI values: 0x2d8c55a0 -> 0x2d8c55a0 -> 0x2d8c55a0 -> 0x2d8c55a0 -> 0x2d8c55a0 -> 0x2d8c55a0 -> 0x2d8c55a0 -> 0x2d8c55a0 -> 0x2d8c55a0 -> 0x2d8c55a0 -> 0x2d8c55a0 -> 0x2d8c55a0 -> 0x2d8c55a0 -> 0x2d8c55a0 -> 0x2d8c55a0 -> 0x2d8c55a0 -> 0x2d8c55a0 -> 0x2d8c55a0 -> 0x2d8c55a0 -> 0x2d8c55a0   Has an Average delta: Yes   Average delta: 0x0
RDI values: 0x2d8b55d0 -> 0x2d8b55d0 -> 0x2d8b55d0 -> 0x2d8b55d0 -> 0x2d8b55d0 -> 0x2d8b55d0 -> 0x2d8b55d0 -> 0x2d8b55d0 -> 0x2d8b55d0 -> 0x2d8b55d0 -> 0x2d8b55d0 -> 0x2d8b55d0 -> 0x2d8b55d0 -> 0x2d8b55d0 -> 0x2d8b55d0 -> 0x2d8b55d0 -> 0x2d8b55d0 -> 0x2d8b55d0 -> 0x2d8b55d0 -> 0x2d8b55d0   Has an Average delta: Yes   Average delta: 0x0
/home/noam/binary_translation/ex4/ex2ref/bzip2, 0x400000, fgetc@plt, 0x401180, 4173, 4171
RAX values:    Has an Average delta: No
RBX values:    Has an Average delta: No
RCX values:    Has an Average delta: No
RDX values:    Has an Average delta: No
RSI values:    Has an Average delta: No
RDI values:    Has an Average delta: No
/home/noam/binary_translation/ex4/ex2ref/bzip2, 0x400000, ungetc@plt, 0x401240, 4172, 4170
RAX values:    Has an Average delta: No
RBX values:    Has an Average delta: No
RCX values:    Has an Average delta: No
RDX values:    Has an Average delta: No
RSI values:    Has an Average delta: No
RDI values:    Has an Average delta: No
/home/noam/binary_translation/ex4/ex2ref/bzip2, 0x400000, fread@plt, 0x401110, 4172, 4170
RAX values:    Has an Average delta: No
RBX values:    Has an Average delta: No
RCX values:    Has an Average delta: No
RDX values:    Has an Average delta: No
RSI values:    Has an Average delta: No
RDI values:    Has an Average delta: No
/lib/x86_64-linux-gnu/libc.so.6, 0x7b9125000000, _IO_file_write, 0x7b9125093940, 4142, 109
RAX values: 0x1000 -> 0x1000 -> 0x1000 -> 0x1000 -> 0x1000 -> 0x1000 -> 0x1000 -> 0x1000 -> 0x1000 -> 0x1000 -> 0x1000 -> 0x1000 -> 0x1000 -> 0x1000 -> 0x1000 -> 0x1000 -> 0x1000 -> 0x1000 -> 0x1000 -> 0x1000   Has an Average delta: Yes   Average delta: 0x0
RBX values: 0x1000 -> 0x0 -> 0x2d8b55d0 -> 0x1000 -> 0x0 -> 0x2d8b55d0 -> 0x1000 -> 0x0 -> 0x2d8b55d0 -> 0x1000 -> 0x0 -> 0x2d8b55d0 -> 0x1000 -> 0x0 -> 0x2d8b55d0 -> 0x1000 -> 0x0 -> 0x2d8b55d0 -> 0x1000 -> 0x0   Has an Average delta: Yes   Average delta: 0x1cc3cb40
RCX values:    Has an Average delta: No
RDX values: 0x1000 -> 0xffffffffffffffff -> 0x1000 -> 0xffffffffffffffff -> 0x1000 -> 0xffffffffffffffff -> 0x1000 -> 0xffffffffffffffff -> 0x1000 -> 0xffffffffffffffff -> 0x1000 -> 0xffffffffffffffff -> 0x1000 -> 0xffffffffffffffff -> 0x1000 -> 0xffffffffffffffff -> 0x1000 -> 0xffffffffffffffff -> 0x1000 -> 0xffffffffffffffff   Has an Average delta: Yes   Average delta: 0x1001
RSI values: 0x2d8b57b8 -> 0x2d8c55a0 -> 0x2d8c55a0 -> 0x2d8c55a0 -> 0x2d8c55a0 -> 0x2d8c55a0 -> 0x2d8c55a0 -> 0x2d8c55a0 -> 0x2d8b5874 -> 0x2d8c55a0 -> 0x2d8c55a0 -> 0x2d8b58bd -> 0x2d8c55a0 -> 0x2d8c55a0 -> 0x2d8c55a0 -> 0x2d8c55a0 -> 0x2d8c55a0 -> 0x2d8c55a0 -> 0x2d8c55a0 -> 0x2d8b5aa9   Has an Average delta: Yes   Average delta: 0x4fd7
RDI values:    Has an Average delta: No
/lib/x86_64-linux-gnu/libc.so.6, 0x7b9125000000, _IO_default_xsputn, 0x7b9125095600, 4125, 91
RAX values: 0x388 -> 0x710 -> 0xa98 -> 0xe20 -> 0x834 -> 0xbbc -> 0xf44 -> 0x2cc -> 0x654 -> 0x283 -> 0x60b -> 0x993 -> 0xd1b -> 0x5ff -> 0x987 -> 0xd0f -> 0x97 -> 0x41f -> 0x1aa -> 0x532   Has an Average delta: Yes   Average delta: 0x4be
RBX values: 0x2d8c65a0 -> 0x1000 -> 0x388 -> 0x2d8b55d0 -> 0x2d8c65a0 -> 0x1000 -> 0x710 -> 0x2d8b55d0 -> 0x2d8c65a0 -> 0x1000 -> 0xa98 -> 0x2d8b55d0 -> 0x2d8c65a0 -> 0x1000 -> 0xe20 -> 0x2d8b55d0 -> 0x2d8c65a0 -> 0x1000 -> 0x834 -> 0x2d8b55d0   Has an Average delta: Yes   Average delta: 0x17f8fa2d
RCX values:    Has an Average delta: No
RDX values: 0x388 -> 0x710 -> 0xa98 -> 0xe20 -> 0x834 -> 0xbbc -> 0xf44 -> 0x2cc -> 0x654 -> 0x283 -> 0x60b -> 0x993 -> 0xd1b -> 0x5ff -> 0x987 -> 0xd0f -> 0x97 -> 0x41f -> 0x1aa -> 0x532   Has an Average delta: Yes   Average delta: 0x4be
RSI values: 0x2d8b67b8 -> 0x2d8b6430 -> 0x2d8b60a8 -> 0x2d8b5d20 -> 0x2d8b5998 -> 0x2d8b5f84 -> 0x2d8b5bfc -> 0x2d8b6874 -> 0x2d8b64ec -> 0x2d8b68bd -> 0x2d8b6535 -> 0x2d8b61ad -> 0x2d8b5e25 -> 0x2d8b5a9d -> 0x2d8b61b9 -> 0x2d8b5e31 -> 0x2d8b6aa9 -> 0x2d8b6721 -> 0x2d8b6996 -> 0x2d8b660e   Has an Average delta: Yes   Average delta: 0x4be
RDI values: 0x2d8c55a0 -> 0x2d8c55a0 -> 0x2d8c55a0 -> 0x2d8c55a0 -> 0x2d8c55a0 -> 0x2d8c55a0 -> 0x2d8c55a0 -> 0x2d8c55a0 -> 0x2d8c55a0 -> 0x2d8c55a0 -> 0x2d8c55a0 -> 0x2d8c55a0 -> 0x2d8c55a0 -> 0x2d8c55a0 -> 0x2d8c55a0 -> 0x2d8c55a0 -> 0x2d8c55a0 -> 0x2d8c55a0 -> 0x2d8c55a0 -> 0x2d8c55a0   Has an Average delta: Yes   Average delta: 0x0
/lib64/ld-linux-x86-64.so.2, 0x7b91398fc000, _dl_map_object_from_fd, 0x7b9139903a20, 4052, 3
RAX values: 0x850 -> 0x0 -> 0x2e0 -> 0x7fff00798f68 -> 0x2af -> 0x0 -> 0x7fff00798a97 -> 0x7fff00798a90 -> 0x7fff00798f68 -> 0xfff -> 0x7fff00798f68 -> 0x7fff00798fa0 -> 0x7fff00798fd8 -> 0x7fff00799010 -> 0x7fff00799048 -> 0x7fff00799080 -> 0x7fff007990b8 -> 0x7fff007990f0 -> 0x7fff00799128 -> 0x7fff00799160   Has an Average delta: Yes   Average delta: 0x21aee52d7570
RBX values: 0x7b91399352e0 -> 0x60 -> 0x54 -> 0x2a0 -> 0x1000 -> 0xfffffffffffff000 -> 0x1 -> 0x2 -> 0x3 -> 0x4 -> 0x70000029 -> 0x2d -> 0x70000029 -> 0x2c -> 0x70000029 -> 0x2b -> 0x70000029 -> 0x2a -> 0x70000029 -> 0x39   Has an Average delta: Yes   Average delta: 0x6812307c454
RCX values: 0xab80 -> 0x7b91399352e0 -> 0x40 -> 0x2af -> 0x2a0 -> 0x1 -> 0x2 -> 0x3 -> 0x4 -> 0x7fff00798a90 -> 0xb000 -> 0xb000 -> 0xb000 -> 0xa398 -> 0x7fff00798a90 -> 0x46cf1 -> 0x7fff00798a90 -> 0x53c40 -> 0x7fff00798a90 -> 0x55a10   Has an Average delta: Yes   Average delta: 0x42e6720b635e
RDX values: 0x0 -> 0x0 -> 0x0 -> 0x60 -> 0x54 -> 0x2a0 -> 0x7fff00799208 -> 0x0 -> 0x1 -> 0x2 -> 0x3 -> 0x0 -> 0x7b91252dba10 -> 0x348 -> 0x7b91252dad78 -> 0x7b91252dad88 -> 0x7b91252dad98 -> 0x7b91252dada8 -> 0x7b91252dadb8 -> 0x7b91252dadc8   Has an Average delta: Yes   Average delta: 0x20fbdd7fcd72
RSI values: 0x7fff00798dc0 -> 0x7b9139934000 -> 0x400889 -> 0x7fff00798d30 -> 0x7fff00798d30 -> 0x1000 -> 0x0 -> 0xa398 -> 0x1000 -> 0xb000 -> 0x46cf1 -> 0x1000 -> 0x47000 -> 0x53c40 -> 0x1000 -> 0x54a00 -> 0x55a10 -> 0x1000 -> 0x54d78 -> 0x200   Has an Average delta: Yes   Average delta: 0x1435bcb050b8
RDI values: 0x7b913933c2a0 -> 0x0 -> 0x0 -> 0x0 -> 0x0 -> 0x7fff00798a90 -> 0x7fff00798a90 -> 0xb000 -> 0x0 -> 0x8 -> 0x7 -> 0x7fff00798ac8 -> 0x7fff00798a90 -> 0x47000 -> 0x0 -> 0x10 -> 0xe -> 0x7fff00798b00 -> 0x7fff00798a90 -> 0x54a00   Has an Average delta: Yes   Average delta: 0x2eec6179ab70
/lib64/ld-linux-x86-64.so.2, 0x7b91398fc000, _dl_fixup, 0x7b913990eaf0, 3758, 37
RAX values: 0x7b91252dae18 -> 0x7b9125286000 -> 0x7b91252daf08 -> 0x7b913933d460 -> 0x7b9125000000 -> 0x7b9125110050 -> 0x7b91252dae18 -> 0x7b9125286000 -> 0x7b91252daf08 -> 0x7b913933d460 -> 0x7b9125000000 -> 0x7b91250ad670 -> 0x7b91252dae18 -> 0x7b9125286000 -> 0x7b91252daf08 -> 0x7b913933d460 -> 0x7b9125000000 -> 0x7b91250a36d0 -> 0x7b91252dae18 -> 0x7b9125286000   Has an Average delta: Yes   Average delta: 0x66329f1
RBX values: 0x7b913933c2d0 -> 0x7fff00799b30 -> 0x7b913933c2d0 -> 0x7fff00799b10 -> 0x7b913933c2d0 -> 0x7fff00799b30 -> 0x7b913933c2d0 -> 0x7fff00799b30 -> 0x7b913933c2d0 -> 0x7fff00799b30 -> 0x7b913933c2d0 -> 0x7fff00799b10 -> 0x7b913933c2d0 -> 0x7fff00799b60 -> 0x7b913933c2d0 -> 0x7fff00799b60 -> 0x7b913933c2d0 -> 0x7fff00799b60 -> 0x7b913933c2d0 -> 0x7fff00799b60   Has an Average delta: Yes   Average delta: 0x46dc745d86a
RCX values: 0x105 -> 0x74 -> 0x74 -> 0x7b912528e524 -> 0x72 -> 0x7b913933c670 -> 0xbd -> 0x5e -> 0x5e -> 0x7b912528e50e -> 0x72 -> 0x7b913933c670 -> 0xf3 -> 0x70 -> 0x70 -> 0x7b912528e520 -> 0x72 -> 0x7b913933c670 -> 0x12c -> 0x8c   Has an Average delta: Yes   Average delta: 0x4e0ada6e1af9
RDX values: 0x7b91252dae08 -> 0x7b91252dae78 -> 0x7b912528f8b8 -> 0x3a00000007 -> 0x3a -> 0xae -> 0x7b9125288338 -> 0x7fff00799730 -> 0x7b912500b650 -> 0x0 -> 0x7b91252dae08 -> 0x7b91252dae78 -> 0x7b912528f8b8 -> 0x2f00000007 -> 0x2f -> 0x8d -> 0x7b9125288230 -> 0x7fff00799730 -> 0x7b9125013f30 -> 0x0   Has an Average delta: Yes   Average delta: 0x2e7505f863c7
RSI values: 0x3a00000007 -> 0x7fff00799730 -> 0x7b913933c2d0 -> 0x2f00000007 -> 0x7fff00799730 -> 0x7b913933c2d0 -> 0x3800000007 -> 0x7fff00799730 -> 0x7b913933c2d0 -> 0x4600000007 -> 0x7fff00799730 -> 0x7b913933c2d0 -> 0x1400000007 -> 0x7fff00799730 -> 0x7b913933c2d0 -> 0x2300000007 -> 0x7fff00799730 -> 0x7b913933c2d0 -> 0xc00000007 -> 0x7fff00799770   Has an Average delta: Yes   Average delta: 0x577736383f04
RDI values: 0x7b912528b698 -> 0x7b912528b698 -> 0x7b912528b8e9 -> 0x7b912528b698 -> 0x7b912528b698 -> 0x7b912528d54e -> 0x7b912528b698 -> 0x7b912528b698 -> 0x7b912528c978 -> 0x7b912528b698 -> 0x7b912528b698 -> 0x7b912528cad6 -> 0x7b912528b698 -> 0x7b912528b698 -> 0x7b912528cac5 -> 0x7b912528b698 -> 0x7b912528b698 -> 0x7b912528dc6b -> 0x7b912528b698 -> 0x7b912528b698   Has an Average delta: Yes   Average delta: 0xdb3
/lib/x86_64-linux-gnu/libc.so.6, 0x7b9125000000, _int_malloc, 0x7b91250ab570, 2601, 18
RAX values: 0xc82b96c5a01a5200 -> 0x7b9125203da0 -> 0x27f -> 0x27 -> 0x0 -> 0x0 -> 0x7b9139933aa0 -> 0x1000 -> 0x0 -> 0x20000 -> 0x202b0 -> 0x202b0 -> 0x0 -> 0x1000 -> 0xfffffffffffff000 -> 0x0 -> 0xffffffffffffffff -> 0x21000 -> 0x21000 -> 0x2d8d6000   Has an Average delta: Yes   Average delta: 0x2f055727d341e85
RBX values: 0x297 -> 0x290 -> 0x7b9125203ac0 -> 0x1f -> 0x7b9125203ac0 -> 0x77 -> 0x70 -> 0x60 -> 0x27 -> 0x20 -> 0x7b9125203ac0 -> 0x1e -> 0x7b9125203ac0 -> 0x27 -> 0x20 -> 0x7b9125203ac0 -> 0x1e -> 0x7b9125203ac0 -> 0x27 -> 0x20   Has an Average delta: Yes   Average delta: 0x4e0ad4145acb
RCX values: 0x2b0 -> 0x0 -> 0x0 -> 0x0 -> 0x202b0 -> 0x2d8b5000 -> 0x1000 -> 0xfffffffffffff000 -> 0x2d8b5000 -> 0x2b0 -> 0x0 -> 0x290 -> 0x291 -> 0x40 -> 0x2d8b52b0 -> 0x38 -> 0x90 -> 0x2d8b5320 -> 0x10 -> 0x40   Has an Average delta: Yes   Average delta: 0x132d31d2
RDX values: 0x2f0 -> 0x7b9125203db0 -> 0x7b9125203b20 -> 0x7b9125203db0 -> 0x7b9125203b20 -> 0x0 -> 0x21000 -> 0x0 -> 0xffffffffd272a000 -> 0x21001 -> 0x21000 -> 0x20d70 -> 0x20d71 -> 0x0 -> 0x80 -> 0x7b9125203b40 -> 0x7b9125203b20 -> 0x7b9125203b40 -> 0x2d8b5290 -> 0x7b9125203ac0   Has an Average delta: Yes   Average delta: 0x208483092235
RSI values: 0x7b9125203da0 -> 0xffffffffffffff30 -> 0x7b9125203b20 -> 0x21000 -> 0x2d8b5000 -> 0x0 -> 0x2d8d6fff -> 0x2d8d6000 -> 0x0 -> 0x0 -> 0x2d8b5290 -> 0x280 -> 0x7b9125203b30 -> 0xffffffffffffff30 -> 0x8 -> 0x7b9125203b80 -> 0xffffffffffffff30 -> 0x60 -> 0x7b9125203b30 -> 0xffffffffffffff30   Has an Average delta: Yes   Average delta: 0x3a882d7129f8
RDI values: 0x21000 -> 0x0 -> 0x2d8b5010 -> 0x2d8b52a0 -> 0x2d8b52c0 -> 0x2d8b5330 -> 0x2d8b5350 -> 0x2d8b5370 -> 0x2d8b5390 -> 0x2d8b53b0 -> 0x2d8b53d0 -> 0x2d8b53f0 -> 0x2d8b55d0 -> 0x7b9125204160 -> 0x2d8b57b0 -> 0x7b9125204290 -> 0x2d8b6bb0 -> 0x7b91252042f0 -> 0x36ee90 -> 0x7b9124a11010   Has an Average delta: Yes   Average delta: 0x2d864768e8f1
/lib/x86_64-linux-gnu/libc.so.6, 0x7b9125000000, _IO_file_overflow, 0x7b9125092df0, 2576, 91
RAX values:    Has an Average delta: No
RBX values: 0x2d8b55d0 -> 0x2d8b55d0 -> 0x2d8b55d0 -> 0x2d8b55d0 -> 0x2d8b55d0 -> 0x2d8b55d0 -> 0x2d8b55d0 -> 0x2d8b55d0 -> 0x2d8b55d0 -> 0x2d8b55d0 -> 0x2d8b55d0 -> 0x2d8b55d0 -> 0x2d8b55d0 -> 0x2d8b55d0 -> 0x2d8b55d0 -> 0x2d8b55d0 -> 0x2d8b55d0 -> 0x2d8b55d0 -> 0x2d8b55d0 -> 0x2d8b55d0   Has an Average delta: Yes   Average delta: 0x0
RCX values: 0x2d8c55a0   Has an Average delta: No
RDX values: 0x2d8c55a0 -> 0x0 -> 0x2d8c65a0 -> 0x1000 -> 0x2d8c65a0 -> 0x1000 -> 0x2d8c65a0 -> 0x1000 -> 0x2d8c65a0 -> 0x1000 -> 0x2d8c65a0 -> 0x1000 -> 0x2d8c65a0 -> 0x1000 -> 0x2d8c65a0 -> 0x1000 -> 0x2d8c65a0 -> 0x1000 -> 0x2d8c65a0 -> 0x1000   Has an Average delta: Yes   Average delta: 0x2d8c5677
RSI values: 0x0 -> 0x2d8c65a0 -> 0x2d8c55a0 -> 0x2d8c55a0 -> 0x2d8c55a0 -> 0x2d8c55a0 -> 0x2d8c55a0 -> 0x2d8c55a0 -> 0x2d8c55a0 -> 0x2d8c55a0 -> 0x2d8c55a0 -> 0x2d8c55a0 -> 0x2d8c55a0 -> 0x2d8c55a0 -> 0x2d8c55a0 -> 0x2d8c55a0 -> 0x2d8c55a0 -> 0x2d8c55a0 -> 0x2d8c55a0 -> 0x2d8c55a0   Has an Average delta: Yes   Average delta: 0x265b559
RDI values: 0x2d8b55d0 -> 0x2d8b55d0 -> 0x2d8b55d0 -> 0x2d8b55d0 -> 0x2d8b55d0 -> 0x2d8b55d0 -> 0x2d8b55d0 -> 0x2d8b55d0 -> 0x2d8b55d0 -> 0x2d8b55d0 -> 0x2d8b55d0 -> 0x2d8b55d0 -> 0x2d8b55d0 -> 0x2d8b55d0 -> 0x2d8b55d0 -> 0x2d8b55d0 -> 0x2d8b55d0 -> 0x2d8b55d0 -> 0x2d8b55d0 -> 0x2d8b55d0   Has an Average delta: Yes   Average delta: 0x0
/lib/x86_64-linux-gnu/libc.so.6, 0x7b9125000000, __GI_getenv, 0x7b91250487b0, 2306, 14
RAX values: 0x7b912520ad58 -> 0x0 -> 0x7b912520ad58 -> 0x0 -> 0x7b912520ad58 -> 0x0 -> 0x7b912520ad58 -> 0x0 -> 0x7b912520ad58 -> 0x0 -> 0x7b912520ad58 -> 0x0 -> 0x7b912520ad58 -> 0x0 -> 0x7b912520ad58 -> 0x0 -> 0x7b912520ad58 -> 0x0 -> 0x7b912520ad58 -> 0x0   Has an Average delta: Yes   Average delta: 0x7b912520ad58
RBX values: 0x7fff0079aa0e -> 0x7fff0079aa1e -> 0x7fff0079aa36 -> 0x7fff0079aa4d -> 0x7fff0079aa5e -> 0x7fff0079aa8b -> 0x7fff0079aa98 -> 0x7fff0079aaa8 -> 0x7fff0079aab5 -> 0x7fff0079aad9 -> 0x7fff0079aaf3 -> 0x7fff0079ab07 -> 0x7fff0079ab11 -> 0x7fff0079ab1c -> 0x7fff0079ab24 -> 0x7fff0079ab44 -> 0x7fff0079ab4c -> 0x7fff0079af20 -> 0x7fff0079af56 -> 0x7fff0079af66   Has an Average delta: Yes   Average delta: 0x48
RCX values:    Has an Average delta: No
RDX values: 0xa -> 0xa -> 0x13 -> 0xf   Has an Average delta: Yes   Average delta: 0x4
RSI values: 0x7fff0079af8e -> 0x7fff0079af8e -> 0x7fff0079af8e -> 0x7fff0079af8e   Has an Average delta: Yes   Average delta: 0x0
RDI values: 0x7b91252cfbf3 -> 0x7b91252cfc09 -> 0x7b91252cfc70 -> 0x7b91252cfcd1   Has an Average delta: Yes   Average delta: 0x4a
/home/noam/binary_translation/ex4/ex2ref/bzip2, 0x400000, BZ2_compressBlock, 0x41216d, 2258, 20
RAX values: 0x2d8b6bb0 -> 0x2d8b6bb0 -> 0x2d8b6bb0 -> 0x2d8b6bb0 -> 0x2d8b6bb0 -> 0x2d8b6bb0 -> 0x2d8b6bb0 -> 0x2d8b6bb0 -> 0x2d8b6bb0 -> 0x2d8b6bb0 -> 0x2d8b6bb0 -> 0x2d8b6bb0 -> 0x2d8b6bb0 -> 0xdbb8d -> 0x2d8b6bb0 -> 0x2d8b6bb0 -> 0x2d8b6bb0 -> 0x2d8b6bb0 -> 0x2d8b6bb0 -> 0x2d8b6bb0   Has an Average delta: Yes   Average delta: 0x4c9dca5
RBX values:    Has an Average delta: No
RCX values:    Has an Average delta: No
RDX values: 0x7b9123291010 -> 0x7b912336cb9d -> 0x7b9123291010 -> 0x7b912336cb9d -> 0x7b9123291010 -> 0x7b912336cb9f -> 0x7b9123291010 -> 0x7b912336cb9d -> 0x7b9123291010 -> 0x7b912336cb9d -> 0x7b9123291010 -> 0x7b912336cb9d -> 0x7b9123291010 -> 0x7b912336cb9d -> 0x7b9123291010 -> 0x7b912336cb9d -> 0x7b9123291010 -> 0x7b912336cb9e -> 0x7b9123291010 -> 0x7b912336cb9d   Has an Average delta: Yes   Average delta: 0xdbb8d
RSI values:    Has an Average delta: No
RDI values: 0x2d8b6bb0 -> 0x2d8b6bb0 -> 0x2d8b6bb0 -> 0x2d8b6bb0 -> 0x2d8b6bb0 -> 0x2d8b6bb0 -> 0x2d8b6bb0 -> 0x2d8b6bb0 -> 0x2d8b6bb0 -> 0x2d8b6bb0 -> 0x2d8b6bb0 -> 0x2d8b6bb0 -> 0x2d8b6bb0 -> 0x2d8b6bb0 -> 0x2d8b6bb0 -> 0x2d8b6bb0 -> 0x2d8b6bb0 -> 0x2d8b6bb0 -> 0x2d8b6bb0 -> 0x2d8b6bb0   Has an Average delta: Yes   Average delta: 0x0
/lib64/ld-linux-x86-64.so.2, 0x7b91398fc000, intel_check_word.constprop.0, 0x7b9139914b30, 2208, 12
RAX values: 0x200000001 -> 0x1 -> 0x44 -> 0x22 -> 0x22 -> 0x11 -> 0x11 -> 0x8 -> 0x8 -> 0x4 -> 0x4 -> 0x2 -> 0x2 -> 0x1 -> 0x1 -> 0x0 -> 0x400000002 -> 0x2 -> 0x44 -> 0x22   Has an Average delta: Yes   Average delta: 0x86bca1bb
RBX values: 0x7fff00799ace -> 0xf0 -> 0x7fff00799ace -> 0xf0 -> 0x7fff00799ace -> 0xf0 -> 0x7fff00799ace -> 0xf0 -> 0x7fff00799ace -> 0xf0 -> 0x7fff00799ace -> 0xf0 -> 0x7fff00799ace -> 0xf0 -> 0x7fff00799ace -> 0xf0 -> 0x7fff00799ace -> 0xf0 -> 0x7fff00799ace -> 0xf0   Has an Average delta: Yes   Average delta: 0x7fff007999de
RCX values: 0x22 -> 0x11 -> 0x8 -> 0x4 -> 0x2 -> 0x1 -> 0x0 -> 0x22 -> 0x11 -> 0x8 -> 0x4 -> 0x2 -> 0x1 -> 0x0 -> 0x22 -> 0x11 -> 0x8 -> 0x4 -> 0x2 -> 0x1   Has an Average delta: Yes   Average delta: 0x8
RDX values:    Has an Average delta: No
RSI values: 0x7b9139928730 -> 0x7b91399286a8 -> 0x7b9139928660 -> 0x7b9139928640 -> 0x7b9139928630 -> 0x7b9139928628 -> 0x7b9139928620 -> 0x7b9139928730 -> 0x7b91399286a8 -> 0x7b9139928660 -> 0x7b9139928640 -> 0x7b9139928630 -> 0x7b9139928628 -> 0x7b9139928620 -> 0x7b9139928730 -> 0x7b91399286a8 -> 0x7b9139928660 -> 0x7b9139928640 -> 0x7b9139928630 -> 0x7b9139928628   Has an Average delta: Yes   Average delta: 0x47
RDI values:    Has an Average delta: No
/lib64/ld-linux-x86-64.so.2, 0x7b91398fc000, _dl_cache_libcmp, 0x7b9139912630, 2044, 25
RAX values:    Has an Average delta: No
RBX values:    Has an Average delta: No
RCX values:    Has an Average delta: No
RDX values:    Has an Average delta: No
RSI values: 0x400895 -> 0x40094b -> 0x400966   Has an Average delta: Yes   Average delta: 0x68
RDI values: 0x40088a -> 0x40088b -> 0x40088c -> 0x40088a -> 0x40088b -> 0x40088c -> 0x40088a -> 0x40088b -> 0x40088c -> 0x40088a -> 0x40088b -> 0x40088c -> 0x40088d -> 0x40088a -> 0x40088b -> 0x40088c -> 0x40088d -> 0x40088a -> 0x40088b -> 0x40088c   Has an Average delta: Yes   Average delta: 0x1
/lib64/ld-linux-x86-64.so.2, 0x7b91398fc000, _dl_map_object_deps, 0x7b91398fea40, 1727, 1
RAX values: 0x6 -> 0x47 -> 0x4 -> 0x40 -> 0x7fff00799400 -> 0x61c2a0 -> 0x1 -> 0x400889 -> 0x7b913933c2d0 -> 0x1 -> 0x40093c -> 0x7b913933c820 -> 0x1 -> 0x40095d -> 0x7b913933cd60 -> 0xf -> 0xd -> 0xc -> 0xc -> 0xd   Has an Average delta: Yes   Average delta: 0x347e98d9c80e
RBX values: 0x61c1f0 -> 0x61c200 -> 0x61c210 -> 0x61c220 -> 0x61c230 -> 0x61c240 -> 0x61c250 -> 0x61c260 -> 0x61c270 -> 0x61c280 -> 0x61c290 -> 0x61c2a0 -> 0x61c2b0 -> 0x61c2c0 -> 0x61c2d0 -> 0x61c2e0 -> 0x61c2f0 -> 0x61c300 -> 0x61c310 -> 0x61c320   Has an Average delta: Yes   Average delta: 0x10
RCX values: 0x40 -> 0x0 -> 0x7fff00799400 -> 0x0 -> 0x0 -> 0x0 -> 0x7fff00799400 -> 0x7fff007993e0 -> 0x7fff007993e0 -> 0x7fff00799510 -> 0x7fff007993e0 -> 0x7fff007993e0 -> 0x7fff007993e0 -> 0x7fff007993c0 -> 0x7fff007993c0 -> 0x7fff00799510 -> 0x7fff007993c0 -> 0x7fff007993c0 -> 0x7fff007993c0 -> 0x7fff007993a0   Has an Average delta: Yes   Average delta: 0x1435bcb4e1c5
RDX values: 0x7fff00799440 -> 0x7fff00799440 -> 0x7fff00799418 -> 0x7fff007994d0 -> 0x7fff00799400 -> 0x7fff007993ef -> 0x7fff007993e0 -> 0x7fff007994d0 -> 0x7fff007993e0 -> 0x7fff007993cf -> 0x7fff007993c0 -> 0x7fff007994d0 -> 0x7fff007993c0 -> 0x7fff007993af -> 0x7fff007993a0 -> 0x7fff007994d0 -> 0x10 -> 0x10 -> 0x7fff007994d0 -> 0x10   Has an Average delta: Yes   Average delta: 0x1435bcb4e1f9
RSI values: 0x0 -> 0x7b91398fe9f0 -> 0x7fff00799400 -> 0x7b91398fe9f0 -> 0x7fff007993e0 -> 0x7b91398fe9f0 -> 0x7fff007993c0 -> 0x0 -> 0x0 -> 0x7fff00799510 -> 0x7b91398fe9f0 -> 0x7fff00799510 -> 0x7fff00799510 -> 0x7b913933d270 -> 0x0 -> 0x7fff00799510 -> 0x7b91398fe9f0 -> 0x7fff00799510 -> 0x7fff00799510 -> 0x7b913933d2a0   Has an Average delta: Yes   Average delta: 0x23c7f293869c
RDI values: 0x7fff0079940f -> 0x7fff00799400 -> 0x400889 -> 0x7fff007994b0 -> 0x40093c -> 0x7fff007994b0 -> 0x40095d -> 0x7fff007994b0 -> 0x7fff00799500 -> 0x7b912528e318 -> 0x7fff007994b0 -> 0x28 -> 0x7b913933d278 -> 0x7b913933d288 -> 0x7fff00799500 -> 0x7b912593c826 -> 0x7fff007994b0 -> 0x28 -> 0x7b913933d2a8 -> 0x7b913933d2b8   Has an Average delta: Yes   Average delta: 0x4410d2f7f027
/home/noam/binary_translation/ex4/ex2ref/bzip2, 0x400000, bsPutUChar, 0x40ca9a, 1690, 130
RAX values: 0x2d8b6bb0 -> 0x2d8b6bb0 -> 0x2d8b6bb0 -> 0x2d8b6bb0 -> 0x2d8b6bb0 -> 0x2d8b6bb0 -> 0x2d8b6bb0 -> 0x2d8b6bb0 -> 0x2d8b6bb0 -> 0x2d8b6bb0 -> 0x2d8b6bb0 -> 0x2d8b6bb0 -> 0x2d8b6bb0 -> 0x2d8b6bb0 -> 0x2d8b6bb0 -> 0x2d8b6bb0 -> 0x2d8b6bb0 -> 0x2d8b6bb0 -> 0x2d8b6bb0 -> 0x2d8b6bb0   Has an Average delta: Yes   Average delta: 0x0
RBX values:    Has an Average delta: No
RCX values:    Has an Average delta: No
RDX values:    Has an Average delta: No
RSI values:    Has an Average delta: No
RDI values: 0x2d8b6bb0 -> 0x2d8b6bb0 -> 0x2d8b6bb0 -> 0x2d8b6bb0 -> 0x2d8b6bb0 -> 0x2d8b6bb0 -> 0x2d8b6bb0 -> 0x2d8b6bb0 -> 0x2d8b6bb0 -> 0x2d8b6bb0 -> 0x2d8b6bb0 -> 0x2d8b6bb0 -> 0x2d8b6bb0 -> 0x2d8b6bb0 -> 0x2d8b6bb0 -> 0x2d8b6bb0 -> 0x2d8b6bb0 -> 0x2d8b6bb0 -> 0x2d8b6bb0 -> 0x2d8b6bb0   Has an Average delta: Yes   Average delta: 0x0
/lib64/ld-linux-x86-64.so.2, 0x7b91398fc000, dl_main, 0x7b913991caf0, 1624, 1
RAX values: 0x7fff00799d40 -> 0x7b913991b540 -> 0x7b913992afa7 -> 0x7fff00799c20 -> 0x401310 -> 0x40 -> 0x38 -> 0x400040 -> 0x400078 -> 0x4000b0 -> 0x4000e8 -> 0x400120 -> 0x400158 -> 0x400190 -> 0x4001c8 -> 0x400200 -> 0x0 -> 0x7b91399352e0 -> 0x0 -> 0x7b91399352e0   Has an Average delta: Yes   Average delta: 0x1ab6a4d1056e
RBX values: 0x7fff007999e0 -> 0x7b91399352e0 -> 0x400200 -> 0x4001c8 -> 0x400190 -> 0x400158 -> 0x400120 -> 0x4000e8 -> 0x4000b0 -> 0x400078 -> 0x400040 -> 0x0 -> 0x271 -> 0x7b91398fcbc1 -> 0x70000029 -> 0x2b -> 0x70000029 -> 0x2a -> 0x70000029 -> 0x39   Has an Average delta: Yes   Average delta: 0x13be7bfa96cb
RCX values: 0x0 -> 0x7fff0079a9f1 -> 0x41d1d3 -> 0x41d000 -> 0x61f3ff -> 0x61f000 -> 0x7b9139935320 -> 0x61c310 -> 0x7b91399352e0 -> 0x7b91399352e0 -> 0x7fff007fe000 -> 0x7b9139935900 -> 0x300 -> 0x7b9139935c90 -> 0x7b9139935c90 -> 0x7b9139935c90 -> 0x0 -> 0x7b9139935c90 -> 0x7b9139935c90 -> 0x0   Has an Average delta: Yes   Average delta: 0x41f7c160006f
RDX values: 0xffffffffffff4224 -> 0x7b913991d3c8 -> 0x400040 -> 0x0 -> 0xffffffffffff4240 -> 0x7b913991d3e4 -> 0x0 -> 0x400200 -> 0xffffffffffff3f72 -> 0x7b913991d116 -> 0x400000 -> 0x41c1d4 -> 0x41c1d4 -> 0x41d1d3 -> 0xffffffffffff3f72 -> 0x7b913991d116 -> 0x61c1d8 -> 0x61e400 -> 0x61e400 -> 0x61f3ff   Has an Average delta: Yes   Average delta: 0x340740ab4210
RSI values: 0x7b913992afa7 -> 0x7b91399291a4 -> 0x7b91398fcbc1 -> 0xfffffffffffffffe -> 0x6fffffff -> 0x1 -> 0xffffffffffffffff -> 0x6fffffff -> 0x0 -> 0xfffffffffffffff0 -> 0x6fffffff -> 0xf -> 0x7b913992afa7 -> 0x7fff007fe120 -> 0x7fff007fe000 -> 0x7fff007fe000 -> 0x7b91399358c0 -> 0x7b91399358c0 -> 0x0 -> 0x7b91399358c0   Has an Average delta: Yes   Average delta: 0x1a7b1c01fd31
RDI values: 0x7fff007999e0 -> 0x7fff00799c20 -> 0x7b913992afa7 -> 0x7b91399352e0 -> 0x7b91399352e0 -> 0x400200 -> 0x7b91399352e0 -> 0x7b91399352e0 -> 0x7b91399352e0 -> 0x7b913992afa7 -> 0xfffffffffffffef5 -> 0x6fffffff -> 0x10a -> 0xffffffffffffff0a -> 0xa -> 0x53 -> 0xfffffffffffffffc -> 0x6fffffff -> 0x3 -> 0x70000029   Has an Average delta: Yes   Average delta: 0x13be81d9582d
/lib64/ld-linux-x86-64.so.2, 0x7b91398fc000, _dl_name_match_p, 0x7b9139908380, 1487, 54
RAX values:    Has an Average delta: No
RBX values: 0x7b91399352e0 -> 0x7b91399358a0 -> 0x0 -> 0x400889 -> 0x7b9139934ab0 -> 0x7b9139935280 -> 0x7b9139935240 -> 0x0 -> 0x400889 -> 0x7b91399358c0 -> 0x7b9139935e80 -> 0x0 -> 0x400889 -> 0x7b91399352e0 -> 0x7b91399358a0 -> 0x0 -> 0x40093c -> 0x7b9139934ab0 -> 0x7b9139935280 -> 0x7b9139935240   Has an Average delta: Yes   Average delta: 0x340740a9d470
RCX values:    Has an Average delta: No
RDX values:    Has an Average delta: No
RSI values: 0x7b91399358b8 -> 0x7b91399358b8 -> 0x400200 -> 0x400200 -> 0x7b91398fcbc1 -> 0x7fff007fe371 -> 0x7fff007fe371 -> 0x7b91399358b8 -> 0x7b91399358b8 -> 0x400200 -> 0x400200 -> 0x7b91398fcbc1 -> 0x7fff007fe371 -> 0x7fff007fe371 -> 0x7b913933c2a0 -> 0x7b913933c7a8 -> 0x7b91399358b8 -> 0x7b91399358b8 -> 0x400200 -> 0x400200   Has an Average delta: Yes   Average delta: 0x21733900f2fb
RDI values: 0x400889 -> 0x400889 -> 0x400889 -> 0x400889 -> 0x40093c -> 0x40093c -> 0x40093c -> 0x40093c -> 0x40093c -> 0x40095d -> 0x40095d -> 0x40095d -> 0x40095d -> 0x40095d -> 0x40095d -> 0x7b912528e318 -> 0x7b912528e318 -> 0x7b912528e318 -> 0x7b912528e318 -> 0x7b912528e318   Has an Average delta: Yes   Average delta: 0x680e6fec822
/lib64/ld-linux-x86-64.so.2, 0x7b91398fc000, _dl_runtime_resolve_xsavec, 0x7b91399112f0, 1443, 37
RAX values: 0x0 -> 0x16 -> 0x2d8b52a0 -> 0x7b912593ac00 -> 0x0 -> 0x16 -> 0x7b912520ad58 -> 0x0 -> 0x2d8b52c0 -> 0x493e0 -> 0x0 -> 0x38 -> 0x0 -> 0x4198ba -> 0x61dfe0 -> 0x41a011 -> 0x10 -> 0x2d8b5350 -> 0x2d8b5350 -> 0x61d362   Has an Average delta: Yes   Average delta: 0x1a03a5aebb8d
RBX values: 0x7fff00799b30 -> 0x7b91252daa10 -> 0x7fff00799b10 -> 0x8 -> 0x7fff00799b30 -> 0x7b91252daa10 -> 0x7fff00799b30 -> 0x7b912593ac00 -> 0x7fff00799b30 -> 0x7b912593ac00 -> 0x7fff00799b10 -> 0x60 -> 0x7fff00799b60 -> 0x7b91252daa10 -> 0x7fff00799b60 -> 0x7b91252cfbf3 -> 0x7fff00799b60 -> 0x7b91252cfbfe -> 0x7fff00799b60 -> 0x7b91252db7c0   Has an Average delta: Yes   Average delta: 0x1e7177403875
RCX values: 0x7b91252dadb8 -> 0x7b912511c63b -> 0x2d8b52b0 -> 0x2d8b52b0 -> 0x7b912509dd50 -> 0x15 -> 0x0 -> 0xc -> 0x7fff00799bf8 -> 0x184007a4 -> 0x0 -> 0x418580 -> 0x418580 -> 0x7b912504541a -> 0x4198ba -> 0x7 -> 0x7 -> 0x2d8b5360 -> 0x7478742e676e6f -> 0x2d   Has an Average delta: Yes   Average delta: 0xc70909e1a650a
RDX values: 0x7fff00799d40 -> 0x0 -> 0x0 -> 0x2d8b52a0 -> 0x0 -> 0x0 -> 0x4 -> 0x4 -> 0x0 -> 0xbc100010 -> 0x7b91252cfd08 -> 0x7fff00799d18 -> 0x7fff00799d40 -> 0x0 -> 0x400 -> 0x61d6e0 -> 0x7fff0079a9f9 -> 0x7fff0079a9f9 -> 0x2d8b5370 -> 0x2d8b53d0   Has an Average delta: Yes   Average delta: 0x21aee7932193
RSI values: 0x57 -> 0x7fff00799d18 -> 0x3f -> 0x15 -> 0x51 -> 0x8 -> 0x64 -> 0x8 -> 0x1b -> 0x2d8b52a0 -> 0x33 -> 0x60 -> 0xb -> 0x7b91252cfbc0 -> 0x0 -> 0xd -> 0x10 -> 0x0 -> 0x30 -> 0x0   Has an Average delta: Yes   Average delta: 0x1a7afb489f9a
RDI values: 0x7b913933c2d0 -> 0x53 -> 0x7b913933c2d0 -> 0x8 -> 0x7b913933c2d0 -> 0x2d8b52a0 -> 0x7b913933c2d0 -> 0x7b912593ac00 -> 0x7b913933c2d0 -> 0x8 -> 0x7b913933c2d0 -> 0x1 -> 0x7b913933c2d0 -> 0x7fff0079aa0e -> 0x7b913933c2d0 -> 0x7b91252cfbf3 -> 0x7b913933c2d0 -> 0x7b91252cfbfe -> 0x7b913933c2d0 -> 0x7b91252db7c0   Has an Average delta: Yes   Average delta: 0x41806b84d8e0
/home/noam/binary_translation/ex4/ex2ref/bzip2, 0x400000, main, 0x4040af, 1432, 1
RAX values: 0x7fff00799d18 -> 0x7fff0079a9f1 -> 0x61d360 -> 0x61d360 -> 0x61d361 -> 0x61d361 -> 0x61d361 -> 0x61d362 -> 0x61d362 -> 0x61d362 -> 0x61d363 -> 0x61d363 -> 0x61d364 -> 0x61d364 -> 0x61d365 -> 0x61d365 -> 0x61d366 -> 0x61d366 -> 0x61d367 -> 0x7fff00799bc0   Has an Average delta: Yes   Average delta: 0xd79286e4c68
RBX values:    Has an Average delta: No
RCX values:    Has an Average delta: No
RDX values: 0x8 -> 0x7fff0079a9f9 -> 0x10 -> 0x7fff0079a9fc -> 0x18 -> 0x7fff0079a9ff -> 0x2d8b5350 -> 0x2d8b5350 -> 0x2d8b5350 -> 0x2d8b5390 -> 0x2d8b5390 -> 0x2d8b5390   Has an Average delta: Yes   Average delta: 0x45d0e4d89af4
RSI values: 0x7fff0079a9f1 -> 0x7fff0079a9f9 -> 0x7fff0079a9fc -> 0x7fff0079a9ff   Has an Average delta: Yes   Average delta: 0x4
RDI values: 0x7fff00799bc0 -> 0x7fff00799bc0 -> 0x0 -> 0x2d8b5330 -> 0x2d8b5330 -> 0x2d8b5350 -> 0x2d8b5390 -> 0x2d8b53d0 -> 0x2d8b53d0 -> 0x2d8b53d0 -> 0x61d362 -> 0x61d362 -> 0x61d362 -> 0x61d362 -> 0x61d362 -> 0x61d362 -> 0x2d8b5350 -> 0x2d8b5390 -> 0x2d8b53d0 -> 0x2d8b5350   Has an Average delta: Yes   Average delta: 0x6bc9b62f1bb
/lib/x86_64-linux-gnu/libc.so.6, 0x7b9125000000, __strcmp_avx2, 0x7b912518b010, 1416, 67
RAX values:    Has an Average delta: No
RBX values:    Has an Average delta: No
RCX values:    Has an Average delta: No
RDX values:    Has an Average delta: No
RSI values:    Has an Average delta: No
RDI values:    Has an Average delta: No
/lib64/ld-linux-x86-64.so.2, 0x7b91398fc000, _dl_map_object, 0x7b91399052f0, 1319, 6
RAX values: 0x0 -> 0x0 -> 0x0 -> 0x0 -> 0x7b9139933e58 -> 0x7b9139933e88 -> 0x7fff007fe3e0 -> 0x7fff007fe420 -> 0x7fff007fe000 -> 0xd -> 0x7b913933c180 -> 0x7fff00798f07 -> 0x7b91399352e0 -> 0xffffffffffffffff -> 0x7fff00799d10 -> 0x7fff00798f10 -> 0x7b913933c2d0 -> 0x0 -> 0x0 -> 0x0   Has an Average delta: Yes   Average delta: 0x286b796a6d7d
RBX values: 0x400889 -> 0x7fff00798f20 -> 0x400889 -> 0x7fff007994d0 -> 0x40093c -> 0x40093c -> 0x7fff007994d0 -> 0x40095d -> 0x40095d -> 0x7fff007994d0 -> 0x7b912528e318 -> 0x7fff007994d0 -> 0x7b912593c826 -> 0x7fff007994d0 -> 0x7b9125024451 -> 0x7fff007994d0   Has an Average delta: Yes   Average delta: 0x3d80cf4317d1
RCX values: 0x7b9139935648 -> 0x7fff00798f20 -> 0x7fff00798f00 -> 0x7fff00798ee0   Has an Average delta: Yes   Average delta: 0x179ecf7685d
RDX values: 0x7b91398fc950 -> 0x300 -> 0x7b91399352e0 -> 0x7b91398fc950 -> 0x300 -> 0x7b912528b698 -> 0x7b91399352e0 -> 0x7b91398fc950 -> 0x300 -> 0x7b912528b698 -> 0x7b912593c7b0 -> 0x7b91399352e0 -> 0x7b91398fc950 -> 0x300 -> 0x7b912528b698 -> 0x7b912593c7b0 -> 0x7b91398fc950 -> 0x300 -> 0x7b912528b698 -> 0x7b912593c7b0   Has an Average delta: Yes   Average delta: 0x41090fc642e3
RSI values: 0x7b91399352e0 -> 0x7b9139934ab0 -> 0x271 -> 0x7b91398fcbc1 -> 0x7b91398fcbc1 -> 0x7b91399358c0 -> 0x71 -> 0x371 -> 0x7fff007fe371 -> 0xd -> 0x7fff00798f20 -> 0x0 -> 0x7b91399352e0 -> 0x7b9139934ab0 -> 0x271 -> 0x7b91398fcbc1 -> 0x7b91398fcbc1 -> 0x7b91399358c0 -> 0x71 -> 0x371   Has an Average delta: Yes   Average delta: 0x4878a9866ec4
RDI values: 0x400889 -> 0x400889 -> 0x400889 -> 0x400889 -> 0x400889 -> 0x400889 -> 0x400889 -> 0x400889 -> 0x7b91399356d0 -> 0x400889 -> 0x7b913933c2a0 -> 0x7b913933c2a0 -> 0x7b913933c2a0 -> 0x400889 -> 0x40093c -> 0x40093c -> 0x40093c -> 0x40093c -> 0x40093c -> 0x40093c   Has an Average delta: Yes   Average delta: 0x1a03a03d5f3b
/lib64/ld-linux-x86-64.so.2, 0x7b91398fc000, __minimal_malloc, 0x7b9139908070, 1104, 35
RAX values: 0x7b91399352d8 -> 0x7b91399352e7 -> 0x7b91399352e0 -> 0x7b91399358b9 -> 0x7b91399358c8 -> 0x7b91399358c0 -> 0x7b9139935e99 -> 0x7b9139935ea8 -> 0x7b9139935ea0 -> 0x7b9139935ec0 -> 0x7b9139935ecf -> 0x7b9139935ec0 -> 0x7b9139935f1e -> 0x7b9139935f2d -> 0x7b9139935f20 -> 0x7b9139935f48 -> 0x7b9139935f57 -> 0x7b9139935f50 -> 0x113f -> 0x1000   Has an Average delta: Yes   Average delta: 0x680e8153abf
RBX values: 0x5d9 -> 0x10 -> 0x5d9 -> 0x10 -> 0x20 -> 0x9 -> 0x5e -> 0x7b9139935ea0 -> 0x28 -> 0x0 -> 0x140 -> 0xa -> 0x3e -> 0x400a86 -> 0x18 -> 0x7b9139935648 -> 0x20 -> 0x7b913933c140 -> 0x56 -> 0x0   Has an Average delta: Yes   Average delta: 0x2705707c0e91
RCX values: 0x1000 -> 0xfffffffffffff000 -> 0x7b91399358b9 -> 0x7b9139935e99 -> 0x7b9139935ec0 -> 0x7b9139935f1e -> 0x7b9139935f48 -> 0x7b9139936090 -> 0x1000 -> 0xfffffffffffff000 -> 0x7b913933c140 -> 0x7b913933c17e -> 0x7b913933c198 -> 0x7b913933c1c0 -> 0x7b913933c216 -> 0x7b913933c23e -> 0x7b913933c294 -> 0x7b913933c2c3 -> 0x7b913933c7b5 -> 0x7b913933c7e3   Has an Average delta: Yes   Average delta: 0x1382b83aad1b
RDX values: 0x0 -> 0x7b91399362d7 -> 0x7b9139936000 -> 0x7b91399352e0 -> 0xffff846ec66cad20 -> 0x7b9139936000 -> 0x7b91399358c0 -> 0xffff846ec66ca740 -> 0x7b9139936000 -> 0x7b9139935ea0 -> 0xffff846ec66ca160 -> 0x7b9139936000 -> 0x7b9139935ec0 -> 0xffff846ec66ca140 -> 0x7b9139936000 -> 0x7b9139935f20 -> 0xffff846ec66ca0e0 -> 0x7b9139936000 -> 0x1000 -> 0x7b913992a06d   Has an Average delta: Yes   Average delta: 0x9594d9e83dce
RSI values: 0x2000 -> 0x2000 -> 0x2000 -> 0x2000   Has an Average delta: Yes   Average delta: 0x0
RDI values: 0x7b913933c000 -> 0x7b912593a000   Has an Average delta: Yes   Average delta: 0x13a02000
/lib64/ld-linux-x86-64.so.2, 0x7b91398fc000, _dl_load_cache_lookup, 0x7b9139912710, 937, 3
RAX values: 0x646c2d6362696c67 -> 0x0 -> 0x0 -> 0xaaaaaaaaaaaaaaab -> 0x5555555555557005 -> 0x7fff00798e40 -> 0x6 -> 0xa3 -> 0x1e9 -> 0xf5 -> 0x2df -> 0xcc -> 0x264 -> 0xb7 -> 0x225 -> 0xad -> 0x207 -> 0xb2 -> 0x216 -> 0xb4   Has an Average delta: Yes   Average delta: 0x5490fdccf48ebba
RBX values: 0x7b913992a445 -> 0x2 -> 0x7b9138666000 -> 0x2 -> 0x7b91386670e4 -> 0x7b91386670cc -> 0x2 -> 0x400889 -> 0x7b913992a445 -> 0x2 -> 0x7b9138666000 -> 0x2 -> 0x7b913866682c -> 0x7b9138666814 -> 0x2 -> 0x40093c -> 0x7b913992a445 -> 0x2 -> 0x7b9138666000 -> 0x2   Has an Average delta: Yes   Average delta: 0x618d989fd9a6
RCX values: 0x503f -> 0x4000000000000 -> 0x7b91386670f8 -> 0x7fff00798db0 -> 0x7fff00798db0 -> 0x503f -> 0x4000000000000 -> 0x7b9138666840 -> 0x7fff00798d90 -> 0x7fff00798d90 -> 0x503f -> 0x4000000000000 -> 0x7b9138667860 -> 0x7fff00798d70 -> 0x7fff00798d70   Has an Average delta: Yes   Average delta: 0x1af9cd5b6411b
RDX values: 0x686361632e6f732e -> 0x0 -> 0x500f -> 0x355f -> 0x355 -> 0x6 -> 0x2 -> 0xfffffc0000000000 -> 0x0 -> 0xf000000000000 -> 0x3a -> 0x30 -> 0x23 -> 0x6 -> 0x2 -> 0xfffffc0000000000 -> 0x0 -> 0xf000000000000 -> 0x3d -> 0x30   Has an Average delta: Yes   Average delta: 0x581a7a6e77f296d
RSI values: 0x7b91399351c0 -> 0x7b9139933d45 -> 0x7fff00798e40 -> 0x7b913866894c -> 0x7b9138669846 -> 0x7b9138668cda -> 0x7b913866ad2c -> 0x7b913866aeff -> 0x7b913866a56e -> 0x7b913866acaf -> 0x7b9138669a24 -> 0x7b913866a56e -> 0x23 -> 0x7b9138669a0e -> 0x7b9139933d45 -> 0x7fff00798e20 -> 0x7b913866894c -> 0x7b91386685da -> 0x7b913866875b -> 0x7b913866ae59   Has an Average delta: Yes   Average delta: 0xdf080d6973e
RDI values: 0x7b913992a38f -> 0x7b913992a445 -> 0x400889 -> 0x400889 -> 0x400889 -> 0x400889 -> 0x400889 -> 0x400889 -> 0x400889 -> 0x400889 -> 0x400889 -> 0x7b9138669a0e -> 0x7fff00798d8f -> 0x7fff00798d80 -> 0x7fff00798d80 -> 0x7b913992a445 -> 0x40093c -> 0x40093c -> 0x40093c -> 0x40093c   Has an Average delta: Yes   Average delta: 0x13fa1083aa69
/lib64/ld-linux-x86-64.so.2, 0x7b91398fc000, __tunable_get_val, 0x7b9139911c10, 909, 39
RAX values: 0xb -> 0xb0 -> 0xbb -> 0x5d8 -> 0x2 -> 0xb -> 0xb0 -> 0xbb -> 0x8 -> 0x80 -> 0x88 -> 0x440 -> 0x0 -> 0x8 -> 0x80 -> 0x88 -> 0x9 -> 0x90 -> 0x99 -> 0x4c8   Has an Average delta: Yes   Average delta: 0x16f
RBX values:    Has an Average delta: No
RCX values: 0x7fff00799bfc -> 0x5d8 -> 0x7fff00799bc0 -> 0x440 -> 0x7fff00799bc0 -> 0x4c8 -> 0x7fff00799bc0 -> 0x3b8 -> 0x7fff00799bc0 -> 0x220 -> 0x7fff00799bc0 -> 0xd48 -> 0x7fff00799bc0 -> 0x1320 -> 0x7fff00799bc0 -> 0x6e8 -> 0x7fff00799bc0 -> 0xaa0 -> 0x7fff00799bc0 -> 0xf68   Has an Average delta: Yes   Average delta: 0x7fff00799383
RDX values:    Has an Average delta: No
RSI values: 0x7b9139932a18 -> 0x7b9139932880 -> 0x7b9139932908 -> 0x7b91399327f8 -> 0x7b9139932660 -> 0x7b9139933188 -> 0x7b9139933760 -> 0x7b9139932b28 -> 0x7b9139932ee0 -> 0x7b91399333a8 -> 0x7b9139932cc0 -> 0x7b9139932dd0 -> 0x7b9139932e58 -> 0x7b9139932e58 -> 0x7b9139932e58 -> 0x7b9139932ff0 -> 0x7b9139932d48 -> 0x7b9139933980 -> 0x7b91399325d8 -> 0x7b9139932f68   Has an Average delta: Yes   Average delta: 0x516
RDI values:    Has an Average delta: No
/lib/x86_64-linux-gnu/libc.so.6, 0x7b9125000000, write, 0x7b912511c590, 872, 109
RAX values:    Has an Average delta: No
RBX values:    Has an Average delta: No
RCX values:    Has an Average delta: No
RDX values:    Has an Average delta: No
RSI values:    Has an Average delta: No
RDI values:    Has an Average delta: No
/lib64/ld-linux-x86-64.so.2, 0x7b91398fc000, _dl_new_object, 0x7b91399086c0, 866, 5
RAX values: 0x7b913992afa7 -> 0x7b91399358a0 -> 0x7b9139934ab0 -> 0x7b91399352e0 -> 0x7b9139935300 -> 0x7b9139935320 -> 0x7b9139935340 -> 0x7b9139935360 -> 0x7b9139935380 -> 0x7b91399353a0 -> 0x7b91399353c0 -> 0x7b91399353e0 -> 0x0 -> 0x0 -> 0x0 -> 0x7b91399355d8 -> 0x7b91399352e0 -> 0x1 -> 0x7b9139935e80 -> 0x7b9139934ab0   Has an Average delta: Yes   Average delta: 0x1a03a054f527
RBX values: 0x100 -> 0x0 -> 0x100 -> 0x39 -> 0x23 -> 0x7b91399352e0 -> 0x26 -> 0x7b91399352e0 -> 0x20 -> 0x7b91399352e0   Has an Average delta: Yes   Average delta: 0x44a6038abc81
RCX values: 0x7b913992afa7 -> 0x7b913992afa7 -> 0x7b913933c2a0 -> 0x7b913933c7f0 -> 0x7b913933cd40   Has an Average delta: Yes   Average delta: 0x17bde9
RDX values: 0x100 -> 0x1 -> 0x7b91399358b8 -> 0x7b91399353e0 -> 0x7b9139934000 -> 0x100 -> 0x1 -> 0x7b9139935e98 -> 0x7b91399359c0 -> 0x7b9139934000 -> 0x7b91399355d8 -> 0x0 -> 0x0 -> 0xd -> 0x7b913933c2a0 -> 0x7b9139934000 -> 0x7b91399355d8 -> 0x7b91399355d8 -> 0x23 -> 0x7b913933c7e3   Has an Average delta: Yes   Average delta: 0x2d86588f94fa
RSI values: 0x7b913992afa7 -> 0x7b9139935680 -> 0x7b913992afa7 -> 0x7b9139935c60 -> 0x7b9139935c68 -> 0x400889 -> 0x7b913933c670 -> 0x7b913933c2a0 -> 0x40093c -> 0x7b913933cbc0 -> 0x7b913933c7f0 -> 0x40095d -> 0x7b913933d100 -> 0x7b913933cd40   Has an Average delta: Yes   Average delta: 0x3907f2ee295c
RDI values: 0x7b91399358b8 -> 0x7b91399355d8 -> 0x7b913992afa7 -> 0x7b913992afa7 -> 0x5d9 -> 0x7b9139935e98 -> 0x7b9139935bb8 -> 0x7b913992afa7 -> 0x400889 -> 0x4e5 -> 0x7b913933c7a8 -> 0x7b91399355d8 -> 0x7b91399355d8 -> 0x7b913933c2a0 -> 0x23 -> 0x7b913933c7c0 -> 0x40093c -> 0x4e8 -> 0x7b913933ccf8 -> 0x7b91399355d8   Has an Average delta: Yes   Average delta: 0x3407409fc3c1
/lib/x86_64-linux-gnu/libc.so.6, 0x7b9125000000, __strncmp_avx2, 0x7b912518c8a0, 856, 29
RAX values:    Has an Average delta: No
RBX values:    Has an Average delta: No
RCX values: 0x7b91252cfbf3 -> 0x7b91252cfc09 -> 0x7b91252cfc70 -> 0x7b91252cfcd1   Has an Average delta: Yes   Average delta: 0x4a
RDX values:    Has an Average delta: No
RSI values: 0x7b91252cfbf3 -> 0x7b91252cfc09 -> 0x7b91252cfc70 -> 0x7b91252cfcd1   Has an Average delta: Yes   Average delta: 0x4a
RDI values: 0x7fff0079af8e -> 0x7fff0079af8e -> 0x7fff0079af8e -> 0x7fff0079af8e   Has an Average delta: Yes   Average delta: 0x0
/lib/x86_64-linux-gnu/libc.so.6, 0x7b9125000000, ptmalloc_init.part.0, 0x7b91250a9d70, 849, 1
RAX values: 0xc82b96c5a01a5200 -> 0xffffffffffffff40 -> 0x7b9125203b20 -> 0x7b9125203b30 -> 0x7b9125203b40 -> 0x7b9125203b50 -> 0x7b9125203b60 -> 0x7b9125203b70 -> 0x7b9125203b80 -> 0x7b9125203b90 -> 0x7b9125203ba0 -> 0x7b9125203bb0 -> 0x7b9125203bc0 -> 0x7b9125203bd0 -> 0x7b9125203be0 -> 0x7b9125203bf0 -> 0x7b9125203c00 -> 0x7b9125203c10 -> 0x7b9125203c20 -> 0x7b9125203c30   Has an Average delta: Yes   Average delta: 0x2f041efc3a1feda
RBX values: 0x7fff00799ab0 -> 0x8   Has an Average delta: Yes   Average delta: 0x7fff00799aa8
RCX values: 0x7b9125203ac0 -> 0x7b9125203b20   Has an Average delta: Yes   Average delta: 0x60
RDX values: 0x7b9125204310 -> 0x7b91250a9180 -> 0x7b91250a91e0 -> 0x7b91250a91a0 -> 0x7b91250a9160 -> 0x7b91250a91c0 -> 0x7b91250a8f50 -> 0x7b91250a8f60 -> 0x7b91250a8f70 -> 0x7b91250a8fb0 -> 0x7b91250a8fd0 -> 0x7b91250a9120 -> 0x7b91250a9210   Has an Average delta: Yes   Average delta: 0x1cf55
RSI values: 0x7fff00799ab0 -> 0x7fff00799ab0 -> 0x7fff00799ab0 -> 0x7fff00799ab0 -> 0x7fff00799ab0 -> 0x7fff00799ab0 -> 0x7fff00799ab0 -> 0x7fff00799ab0 -> 0x7fff00799ab0 -> 0x7fff00799ab0 -> 0x7fff00799ab0 -> 0x7fff00799ab0   Has an Average delta: Yes   Average delta: 0x0
RDI values: 0x7b912520a178   Has an Average delta: No
/lib/x86_64-linux-gnu/libc.so.6, 0x7b9125000000, __libc_malloc, 0x7b91250ad670, 815, 18
RAX values: 0x1f -> 0xffffffffffffff38 -> 0x27 -> 0x20 -> 0x1e -> 0x27 -> 0x20 -> 0x1e -> 0x27 -> 0x20 -> 0x2a -> 0x20 -> 0x1ef -> 0x1e0 -> 0x1ef -> 0x1e0 -> 0x2d8b53f0 -> 0x1ef -> 0x1e0 -> 0x2d8b53f0   Has an Average delta: Yes   Average delta: 0x730f239
RBX values: 0x8 -> 0x7b9125203ac0 -> 0x8 -> 0x10 -> 0x7b9125203ac0 -> 0x7fff00799d18 -> 0x7 -> 0x7b9125203ac0 -> 0x7fff00799d18 -> 0x10 -> 0x7b9125203ac0 -> 0x7fff00799d18 -> 0x7 -> 0x7b9125203ac0 -> 0x7fff00799d18 -> 0x10 -> 0x7b9125203ac0 -> 0x7fff00799d18 -> 0x13 -> 0x7b9125203ac0   Has an Average delta: Yes   Average delta: 0x56e07f600b15
RCX values:    Has an Average delta: No
RDX values: 0x0 -> 0x2d8b5010 -> 0x21 -> 0x2d8b5010 -> 0x21 -> 0x2d8b5010 -> 0x21 -> 0x2d8b5010 -> 0x21 -> 0x2d8b5010 -> 0x21 -> 0x2d8b5010 -> 0x21 -> 0x2d8b5010 -> 0x21 -> 0x2d8b5010 -> 0x1e1 -> 0x2d8b5010 -> 0x2d8b5010 -> 0x2d8b5010   Has an Average delta: Yes   Average delta: 0x28c003f9
RSI values: 0x8 -> 0x10 -> 0x7 -> 0x10 -> 0x7 -> 0x10 -> 0x13 -> 0x1d8 -> 0x2d8b53f0 -> 0x2d8b5 -> 0x0 -> 0x2d8b53f0 -> 0x2d8b5 -> 0x0 -> 0x1d8 -> 0x13f0 -> 0xd9d8 -> 0x36ee80 -> 0x36ef08 -> 0x40004   Has an Average delta: Yes   Average delta: 0x99c2ad6
RDI values: 0x7b9125203ac0 -> 0x7b9125203ac0 -> 0x7b9125203ac0 -> 0x7b9125203ac0 -> 0x7b9125203ac0 -> 0x7b9125203ac0 -> 0x7b9125203ac0 -> 0x7b9125203ac0 -> 0x2c -> 0x2c -> 0x7b9125203ac0 -> 0x7b9125203ac0 -> 0x7b9125203ac0 -> 0x7b9125203ac0 -> 0x7b9125203ac0 -> 0x7b9125203ac0 -> 0x7b9125203ac0 -> 0x7b9125203ac0   Has an Average delta: Yes   Average delta: 0xe898be5ac89
/lib64/ld-linux-x86-64.so.2, 0x7b91398fc000, strlen, 0x7b9139924b00, 737, 27
RAX values: 0x7b913992a445 -> 0x7b913992afa7 -> 0x7b913992b464 -> 0x7b913992b464 -> 0x7b913992b464 -> 0x400a86 -> 0x400a80 -> 0x400a80 -> 0x400ac0 -> 0x400ac3 -> 0x3d -> 0x7b913933c140 -> 0x7b913933c140 -> 0x7b913933c140 -> 0x1f -> 0x7b913933c1a0 -> 0x7b913933c1a0 -> 0x7b913933c180 -> 0x1f -> 0x7b91399358b8   Has an Average delta: Yes   Average delta: 0x2705706b37b6
RBX values:    Has an Average delta: No
RCX values: 0x7b913992a445 -> 0x445 -> 0x7b913992afa7 -> 0xfa7 -> 0x7b913992b464 -> 0x464 -> 0x7b913992b464 -> 0x464 -> 0x7b913992b464 -> 0x464 -> 0x400a86 -> 0xa86 -> 0x0 -> 0x0 -> 0x0 -> 0x400a86 -> 0x6 -> 0xaaba0000 -> 0xaabaaabc -> 0xaabaaabc00000000   Has an Average delta: Yes   Average delta: 0x47d24128b9c7fbf
RDX values: 0x0 -> 0x0 -> 0x0 -> 0x1000000 -> 0x1001008 -> 0xaabaaabc01001008 -> 0x3 -> 0x80000000 -> 0xe000000080000000 -> 0xe000000080000000 -> 0x80000000 -> 0xffffffff80000000 -> 0xffffffff80000000 -> 0xe0000000 -> 0xffffffc0e0000000 -> 0xffffffc0e0000000 -> 0xe0000000 -> 0xffffffffe0000000 -> 0xffffffffe0000000 -> 0x0   Has an Average delta: Yes   Average delta: 0xc5823f3286bca1a
RSI values:    Has an Average delta: No
RDI values:    Has an Average delta: No
/home/noam/binary_translation/ex4/ex2ref/bzip2, 0x400000, bsPutUInt32, 0x40ca25, 714, 21
RAX values: 0x2d8b6bb0 -> 0x2d8b6bb0 -> 0x2d8b6bb0 -> 0x2d8b6bb0 -> 0x2d8b6bb0 -> 0x2d8b6bb0 -> 0x2d8b6bb0 -> 0x2d8b6bb0 -> 0x2d8b6bb0 -> 0x2d8b6bb0 -> 0x2d8b6bb0 -> 0x2d8b6bb0 -> 0x2d8b6bb0 -> 0x2d8b6bb0 -> 0x2d8b6bb0 -> 0x2d8b6bb0 -> 0x2d8b6bb0 -> 0x2d8b6bb0 -> 0x2d8b6bb0 -> 0x2d8b6bb0   Has an Average delta: Yes   Average delta: 0x0
RBX values:    Has an Average delta: No
RCX values:    Has an Average delta: No
RDX values:    Has an Average delta: No
RSI values:    Has an Average delta: No
RDI values: 0x2d8b6bb0 -> 0x2d8b6bb0 -> 0x2d8b6bb0 -> 0x2d8b6bb0 -> 0x2d8b6bb0 -> 0x2d8b6bb0 -> 0x2d8b6bb0 -> 0x2d8b6bb0 -> 0x2d8b6bb0 -> 0x2d8b6bb0 -> 0x2d8b6bb0 -> 0x2d8b6bb0 -> 0x2d8b6bb0 -> 0x2d8b6bb0 -> 0x2d8b6bb0 -> 0x2d8b6bb0 -> 0x2d8b6bb0 -> 0x2d8b6bb0 -> 0x2d8b6bb0 -> 0x2d8b6bb0   Has an Average delta: Yes   Average delta: 0x0
/lib/x86_64-linux-gnu/libc.so.6, 0x7b9125000000, _int_free, 0x7b91250ab170, 712, 14
RAX values: 0x1e0 -> 0xfffffffffffffe20 -> 0x1cf -> 0x1c -> 0x1e0 -> 0xfffffffffffffe20 -> 0x1cf -> 0x1c -> 0xd9e0 -> 0xffffffffffff2620 -> 0xd9cf -> 0xd9c -> 0x1400 -> 0xffffffffffffec00 -> 0x13ef -> 0x13e -> 0x1010 -> 0xffffffffffffeff0 -> 0xfff -> 0xff   Has an Average delta: Yes   Average delta: 0x4f9a
RBX values: 0x7b9125203ac0 -> 0xfffffffffffffef8 -> 0x7b9125203ac0 -> 0xfffffffffffffef8 -> 0x7b9125203ac0 -> 0xfffffffffffffef8 -> 0x7b9125203ac0 -> 0xfffffffffffffef8 -> 0x7b9125203ac0 -> 0xfffffffffffffef8 -> 0x7b9125203ac0 -> 0xfffffffffffffef8 -> 0x7b9125203ac0 -> 0xfffffffffffffef8 -> 0x7b9125203ac0 -> 0xfffffffffffffef8 -> 0x7b9125203ac0 -> 0xfffffffffffffef8 -> 0x7b9125203ac0 -> 0xfffffffffffffef8   Has an Average delta: Yes   Average delta: 0x7b9125203bc8
RCX values: 0x1e1 -> 0x0 -> 0x1e1 -> 0x0 -> 0xd9e1 -> 0x1401 -> 0x1011 -> 0x1e1 -> 0x0 -> 0x1010 -> 0x1e1 -> 0x1 -> 0x21 -> 0x0 -> 0x21 -> 0x1 -> 0x21 -> 0x2 -> 0x21 -> 0x3   Has an Average delta: Yes   Average delta: 0x18f9
RDX values: 0x1e1 -> 0x1e0 -> 0x5f6e583eb8e91d14 -> 0x2d8b53f0 -> 0x2d8b5 -> 0x2d8b5 -> 0x1e1 -> 0x1e0 -> 0x5f6e583eb8e91d14 -> 0x2d8b53f0 -> 0x2d8b5 -> 0x2d8b5 -> 0xd9e1 -> 0xd9e0 -> 0x1401 -> 0x1400 -> 0x1011 -> 0x1010 -> 0x1e1 -> 0x1e0   Has an Average delta: Yes   Average delta: 0x69df7a16a4c05ba
RSI values:    Has an Average delta: No
RDI values: 0xffffffffffffff30 -> 0xffffffffffffff30 -> 0xffffffffffffff30 -> 0x7b9125203ac0 -> 0xffffffffffffff30 -> 0x7b9125203ac0 -> 0xffffffffffffff30 -> 0x7b9125203ac0 -> 0xffffffffffffff30 -> 0xffffffffffffff30 -> 0x7b9125203ac0 -> 0xffffffffffffff30 -> 0xffffffffffffff30 -> 0xffffffffffffff30 -> 0xffffffffffffff30 -> 0xffffffffffffff30 -> 0xffffffffffffff30 -> 0xffffffffffffff30   Has an Average delta: Yes   Average delta: 0x3a262f96b29e
/lib64/ld-linux-x86-64.so.2, 0x7b91398fc000, __strsep, 0x7b9139919680, 704, 3
RAX values: 0x7b913992ac98 -> 0x7b913992ac99 -> 0x7b913992ac98 -> 0x7b913992ac99 -> 0x7b913992ac98 -> 0x7b913992ac99 -> 0x7b913992ac98 -> 0x7b913992ac99 -> 0x7b913992ac98 -> 0x7b913992ac99 -> 0x7b913992ac98 -> 0x7b913992ac99 -> 0x7b913992ac98 -> 0x7b913992ac99 -> 0x7b913992ac98 -> 0x7b913992ac99 -> 0x7b913992ac98 -> 0x7b913992ac99 -> 0x7b913992ac98 -> 0x7b913992ac99   Has an Average delta: Yes   Average delta: 0x1
RBX values:    Has an Average delta: No
RCX values: 0x7b913933c140 -> 0x7b913933c141 -> 0x7b913933c142 -> 0x7b913933c143 -> 0x7b913933c144 -> 0x7b913933c145 -> 0x7b913933c146 -> 0x7b913933c147 -> 0x7b913933c148 -> 0x7b913933c149 -> 0x7b913933c14a -> 0x7b913933c14b -> 0x7b913933c14c -> 0x7b913933c14d -> 0x7b913933c14e -> 0x7b913933c14f -> 0x7b913933c150 -> 0x7b913933c151 -> 0x7b913933c152 -> 0x7b913933c153   Has an Average delta: Yes   Average delta: 0x1
RDX values:    Has an Average delta: No
RSI values:    Has an Average delta: No
RDI values:    Has an Average delta: No
/lib/x86_64-linux-gnu/libgomp.so.1, 0x7b9125286000, omp_test_nest_lock, 0x7b91252aae80, 692, 0
RAX values: 0x16 -> 0x8 -> 0x40 -> 0x3f -> 0x3e -> 0x3d -> 0x3c -> 0x3b -> 0x3a -> 0x39 -> 0x38 -> 0x37 -> 0x36 -> 0x35 -> 0x34 -> 0x33 -> 0x32 -> 0x31 -> 0x30 -> 0x2f   Has an Average delta: Yes   Average delta: 0x4
RBX values: 0x7b912593ac00 -> 0x7b91252daa10   Has an Average delta: Yes   Average delta: 0x6601f0
RCX values: 0x3f -> 0x7 -> 0x3e -> 0x7 -> 0x3d -> 0x7 -> 0x3c -> 0x7 -> 0x3b -> 0x7 -> 0x3a -> 0x7 -> 0x39 -> 0x7 -> 0x38 -> 0x7 -> 0x37 -> 0x6 -> 0x36 -> 0x6   Has an Average delta: Yes   Average delta: 0x33
RDX values: 0x2d8b52a0 -> 0x3f -> 0x3e -> 0x3d -> 0x3c -> 0x3b -> 0x3a -> 0x39 -> 0x38 -> 0x37 -> 0x36 -> 0x35 -> 0x34 -> 0x33 -> 0x32 -> 0x31 -> 0x30 -> 0x2f -> 0x2e -> 0x2d   Has an Average delta: Yes   Average delta: 0x265a606
RSI values: 0x8 -> 0x2d8b52a0 -> 0x8   Has an Average delta: Yes   Average delta: 0x2d8b5298
RDI values: 0x55 -> 0x1 -> 0x8 -> 0x7b912593ac00 -> 0x2d8b52a0 -> 0x8 -> 0x2d8b52a0   Has an Average delta: Yes   Average delta: 0x293069731c7b
/lib/x86_64-linux-gnu/libgomp.so.1, 0x7b9125286000, GOMP_target_map_indirect_ptr, 0x7b91252921ca, 680, 0
RAX values: 0x0 -> 0x0 -> 0xc82b96c5a01a5200 -> 0x16 -> 0x2d8b52c4 -> 0x2d8b52c0 -> 0x7b912520ad58 -> 0x0 -> 0x0 -> 0x2d8b52c0 -> 0x2d8b52c0 -> 0x493e0 -> 0x2d8b52c0 -> 0x2d8b52c0 -> 0xc82b96c5a01a5200 -> 0x0 -> 0x7b91252db728 -> 0x7b91252db6c8   Has an Average delta: Yes   Average delta: 0xd230163a04dc2ad
RBX values: 0x8 -> 0x7b91252daa10 -> 0x0 -> 0x60 -> 0x0 -> 0x2d8b52c0 -> 0x7b91252daa10 -> 0x7b91252daba8 -> 0x7b91252cfbf3 -> 0x7b91252cfbfe -> 0x7b91252cfc09 -> 0x0 -> 0x7b91252cfc84 -> 0x7b91252db7c0 -> 0x0 -> 0x7b91252cfce9 -> 0x0 -> 0x7b91252daa10   Has an Average delta: Yes   Average delta: 0x416af59092ce
RCX values: 0x0 -> 0x7fff00799bf8   Has an Average delta: Yes   Average delta: 0x7fff00799bf8
RDX values: 0x0 -> 0x7fff00799c20 -> 0x7b91252db720 -> 0x7b91252db6fc   Has an Average delta: Yes   Average delta: 0x2c244941d5c1
RSI values: 0x7b91252db6c8 -> 0x0 -> 0x0 -> 0x0 -> 0x0 -> 0x60 -> 0x7b91252cfbc0 -> 0x7b91252cfbc0 -> 0x7b91252cfbc0 -> 0x7b91252cfbc0 -> 0x7b91252cfbc0 -> 0x7b91252cfbc0 -> 0x7b91252cfbc0 -> 0x7b91252cfbc0 -> 0x7b91252cfbc0 -> 0x7b91252cfbc0 -> 0x7b91252cfbc0 -> 0x7b91252cfbc0 -> 0x7b91252cfbc0 -> 0x7b91252cfbc0   Has an Average delta: Yes   Average delta: 0xd01ce04c607
RDI values: 0x7b91252db6c8 -> 0x7fff0079aa0e -> 0x7fff0079aa1e -> 0x7fff0079aa36 -> 0x7fff0079aa4d -> 0x7fff0079aa5e -> 0x7fff0079aa8b -> 0x7fff0079aa98 -> 0x7fff0079aaa8 -> 0x7fff0079aab5 -> 0x7fff0079aad9 -> 0x7fff0079aaf3 -> 0x7fff0079ab07 -> 0x7fff0079ab11 -> 0x7fff0079ab1c -> 0x7fff0079ab24 -> 0x7fff0079ab44 -> 0x7fff0079ab4c -> 0x7fff0079af20 -> 0x7fff0079af56   Has an Average delta: Yes   Average delta: 0x3bad39e4a9
/lib64/ld-linux-x86-64.so.2, 0x7b91398fc000, _dl_start, 0x7b913991c1d0, 636, 1
RAX values: 0x7b91399352d8 -> 0x31aebdeac9cd -> 0xe -> 0x4 -> 0x6ffffef5 -> 0x53 -> 0x5 -> 0x6 -> 0xa -> 0xb -> 0x7 -> 0x8 -> 0x9 -> 0x6ffffffc -> 0x2d -> 0x6ffffffd -> 0x2c -> 0x1e -> 0x6ffffffb -> 0x2e   Has an Average delta: Yes   Average delta: 0x681173da5e3
RBX values: 0x7b91398fcd60 -> 0x7b91398fcd78 -> 0x7b91398fcd90 -> 0x7b91398fcda8 -> 0x0 -> 0x7b9139934ab0 -> 0x401310 -> 0x0   Has an Average delta: Yes   Average delta: 0x34f518ac5754
RCX values: 0x7b91398fc000 -> 0xf722731f8da8 -> 0x7b91398fcda8 -> 0x7b91398fcdb0 -> 0x7b91398fcdb8 -> 0x7b91398fcdc0 -> 0xf722731f8d60 -> 0x7b9139933ed8 -> 0x0 -> 0x0 -> 0x0 -> 0x7b9139933e98 -> 0xf722731f8590 -> 0x7b91398fc7e8 -> 0x7b91398fc860 -> 0x7b91398fc590 -> 0x0 -> 0x0 -> 0x7b9139933e98 -> 0xf722731f8590   Has an Average delta: Yes   Average delta: 0x4789f8e7717e
RDX values: 0x31ae00000000 -> 0x7b9139933e58 -> 0x7b9139933e68 -> 0x7b9139933e78 -> 0x7b9139933e88 -> 0x7b9139933e98 -> 0x7b9139933ea8 -> 0x7b9139933eb8 -> 0x7b9139933ec8 -> 0x7b9139933ed8 -> 0x7b9139933ee8 -> 0x7b9139933ef8 -> 0x7b9139933f08 -> 0x7b9139933f18 -> 0x7b9139933f28 -> 0x7b9139933f38 -> 0x7b9139933f48 -> 0x7b9139933f58 -> 0x7b9139933f68 -> 0x7b9139933f78   Has an Average delta: Yes   Average delta: 0x3e389c461a8
RSI values: 0x7b9139934af0 -> 0x7b9139933f48 -> 0x7b9139933f68 -> 0x7b9139933f28 -> 0x7b9139933f18 -> 0x18 -> 0x7b91398fcdc0 -> 0x48 -> 0x48 -> 0x7b91398fcda8 -> 0x0 -> 0x0 -> 0x7b913991caf0   Has an Average delta: Yes   Average delta: 0x3dc89cc85bae
RDI values: 0xfffffffffffffef5 -> 0x6fffffff -> 0x10a -> 0xffffffffffffff0a -> 0xa -> 0x53 -> 0xfffffffffffffffc -> 0x6fffffff -> 0x3 -> 0x70000029 -> 0x2d -> 0xfffffffffffffffd -> 0x6fffffff -> 0x2 -> 0x70000029 -> 0x2c -> 0xfffffffffffffffb -> 0x6fffffff -> 0x4 -> 0x70000029   Has an Average delta: Yes   Average delta: 0x4ca1af63
/lib64/ld-linux-x86-64.so.2, 0x7b91398fc000, update_active.constprop.0, 0x7b9139914ef0, 619, 1
RAX values:    Has an Average delta: No
RBX values: 0x0   Has an Average delta: No
RCX values:    Has an Average delta: No
RDX values:    Has an Average delta: No
RSI values:    Has an Average delta: No
RDI values: 0x7fff00799a58 -> 0x7fff00799a5c -> 0x7fff00799a60 -> 0x7fff00799a64 -> 0x7fff00799a68 -> 0x7fff00799a6c -> 0x7fff00799a70 -> 0x7fff00799a74 -> 0x7fff00799a78 -> 0x7fff00799a7c -> 0x7fff00799a80 -> 0x7fff00799a84 -> 0x7fff00799a88 -> 0x7fff00799a8c -> 0x7fff00799a90 -> 0x7fff00799a94 -> 0x7fff00799a98 -> 0x7fff00799a9c -> 0x7fff00799aa0 -> 0x7fff00799aa4   Has an Average delta: Yes   Average delta: 0x4
/lib64/ld-linux-x86-64.so.2, 0x7b91398fc000, memcpy, 0x7b9139922920, 607, 28
RAX values: 0x7b91399358b8 -> 0x7b9139935e98 -> 0x7b913933c140 -> 0x7b913933c1a0 -> 0x7b913933c215 -> 0x7b913933c220 -> 0x7b913933c293 -> 0x7fff00798d80 -> 0x7b913933c2a0 -> 0x7b913933c7a8 -> 0x7fff00798d60 -> 0x7b913933c7f0 -> 0x7b913933ccf8 -> 0x7fff00798d40 -> 0x7b913933cd40 -> 0x7b913933d238 -> 0x7b913933d278 -> 0x7b913933d288 -> 0x7b913933d2a8 -> 0x7b913933d2b8   Has an Average delta: Yes   Average delta: 0x166090d98b3
RBX values:    Has an Average delta: No
RCX values: 0x33762d34362d3638 -> 0x32762d34362d3638 -> 0x312e6f732e706d -> 0x312e6f732e706d -> 0x312e6f732e706d -> 0x312e6f732e706d -> 0x312e6f732e706d -> 0x312e6f732e706d -> 0x312e6f732e706d -> 0x362e6f732e6362 -> 0x7b91252045c0 -> 0x7b91252038e0 -> 0x7b91252044e0   Has an Average delta: Yes   Average delta: 0x44aa422ec166945
RDX values:    Has an Average delta: No
RSI values: 0x762d34362d363878 -> 0x762d34362d363878 -> 0x2e706d6f6762696c -> 0x2e706d6f6762696c -> 0x2e706d6f6762696c -> 0x2e706d6f6762696c -> 0x2e706d6f6762696c -> 0x2e706d6f6762696c -> 0x2e706d6f6762696c -> 0x2e6f732e6362696c -> 0x7b91252045c0 -> 0x7b91252038e0 -> 0x7b91252044e0   Has an Average delta: Yes   Average delta: 0x9d90f631601d64c
RDI values:    Has an Average delta: No
/lib64/ld-linux-x86-64.so.2, 0x7b91398fc000, index, 0x7b91399232b0, 552, 20
RAX values: 0x7b913992b459 -> 0x7b913992b459 -> 0x7b913992b463 -> 0x7b913992b463 -> 0x7b913992b46d -> 0x0 -> 0x7b913992b459 -> 0x7b913992b459 -> 0x7b913992b463 -> 0x7b913992b463 -> 0x7b913992b46d -> 0x0 -> 0x7b913992b459 -> 0x7b913992b459 -> 0x7b913992b463 -> 0x7b913992b463 -> 0x7b913992b46d -> 0x0 -> 0x0 -> 0x80000000   Has an Average delta: Yes   Average delta: 0x20848f269b46
RBX values:    Has an Average delta: No
RCX values: 0x80000000 -> 0xe000000000000000 -> 0xe0000000 -> 0xffff000000000000 -> 0x40100000 -> 0x40000000000000   Has an Average delta: Yes   Average delta: 0xcda000073333333
RDX values:    Has an Average delta: No
RSI values:    Has an Average delta: No
RDI values:    Has an Average delta: No
/lib64/ld-linux-x86-64.so.2, 0x7b91398fc000, decompose_rpath, 0x7b9139903210, 544, 1
RAX values: 0x0 -> 0x7b913933c180   Has an Average delta: Yes   Average delta: 0x7b913933c180
RBX values: 0x7b9139935648 -> 0x7b91399352e0   Has an Average delta: Yes   Average delta: 0x368
RCX values: 0x0 -> 0x0 -> 0x0 -> 0x0 -> 0x0 -> 0x0 -> 0x0 -> 0x0 -> 0x0 -> 0x0 -> 0x0 -> 0x0 -> 0x0 -> 0x0 -> 0x0 -> 0x0 -> 0x0 -> 0x0 -> 0x0 -> 0x0   Has an Average delta: Yes   Average delta: 0x0
RDX values: 0x7b913933c140 -> 0x7b913933c141 -> 0x7b913933c142 -> 0x7b913933c143 -> 0x7b913933c144 -> 0x7b913933c145 -> 0x7b913933c146 -> 0x7b913933c147 -> 0x7b913933c148 -> 0x7b913933c149 -> 0x7b913933c14a -> 0x7b913933c14b -> 0x7b913933c14c -> 0x7b913933c14d -> 0x7b913933c14e -> 0x7b913933c14f -> 0x7b913933c150 -> 0x7b913933c151 -> 0x7b913933c152 -> 0x7b913933c153   Has an Average delta: Yes   Average delta: 0x1
RSI values: 0x7b913933c180   Has an Average delta: No
RDI values: 0x400a86 -> 0x18 -> 0x7b913933c140 -> 0x7b913933c140   Has an Average delta: Yes   Average delta: 0x2930687bee87
/lib64/ld-linux-x86-64.so.2, 0x7b91398fc000, _dl_hwcaps_split_masked, 0x7b9139918fe0, 544, 11
RAX values: 0x7b913992b45a -> 0x7b913992b45b -> 0x7b913992b464 -> 0x7b913992b465 -> 0x7b913992b45a -> 0x7b913992b45b -> 0x7b913992b464 -> 0x7b913992b465 -> 0x7b913992b45a -> 0x7b913992b45b -> 0x7b913992b464 -> 0x7b913992b465   Has an Average delta: Yes   Average delta: 0x5
RBX values: 0x0 -> 0x0 -> 0x0 -> 0x0 -> 0x9 -> 0x9 -> 0x0 -> 0x0 -> 0x0 -> 0x1 -> 0x2 -> 0x7b9139935ef0 -> 0x0 -> 0x7b9139935ef0 -> 0x0 -> 0x7b9139935f07 -> 0x7b9139935f1e   Has an Average delta: Yes   Average delta: 0x269d61fe0daf
RCX values:    Has an Average delta: No
RDX values:    Has an Average delta: No
RSI values:    Has an Average delta: No
RDI values: 0x7b913992b450 -> 0x7b913992b45a -> 0x7b913992b464 -> 0x7b913992b464 -> 0x7b913992b450 -> 0x7b913992b45a -> 0x7b913992b464 -> 0x7b913992b464 -> 0x7b913992b450 -> 0x7b913992b45a -> 0x7b913992b464 -> 0x7b913992b464   Has an Average delta: Yes   Average delta: 0x9
/lib/x86_64-linux-gnu/libc.so.6, 0x7b9125000000, cfree, 0x7b91250add50, 535, 17
RAX values: 0x1e1 -> 0x1e1 -> 0x36f002 -> 0x36f000 -> 0x36f002 -> 0x36f000 -> 0x41002 -> 0xd9e1 -> 0x1401 -> 0x1011 -> 0x1e1 -> 0x1010 -> 0x1e1 -> 0x21 -> 0x21 -> 0x21 -> 0x21 -> 0x21 -> 0x21   Has an Average delta: Yes   Average delta: 0x61c22
RBX values: 0xfffffffffffffef8 -> 0x2d8b53f0 -> 0xfffffffffffffef8 -> 0x2d8b53f0 -> 0xfffffffffffffef8 -> 0x7fff00799d18 -> 0xfffffffffffffef8 -> 0x7fff00799d18 -> 0xfffffffffffffef8 -> 0x7fff00799d18 -> 0xfffffffffffffef8 -> 0x7fff00799d18 -> 0xfffffffffffffef8 -> 0x7fff00799d18 -> 0xfffffffffffffef8 -> 0x2d8b55d0 -> 0xfffffffffffffef8 -> 0x2d8b55d0 -> 0xfffffffffffffef8 -> 0x2d8b53f0   Has an Average delta: Yes   Average delta: 0x435ddfedccb5
RCX values:    Has an Average delta: No
RDX values: 0xffffffffffffff30 -> 0xffffffffffffff30 -> 0x6de000 -> 0x6de000 -> 0xffffffffffffff30 -> 0xffffffffffffff30 -> 0xffffffffffffff30 -> 0xffffffffffffff30 -> 0xffffffffffffff30 -> 0xffffffffffffff30 -> 0xffffffffffffff30 -> 0xffffffffffffff30 -> 0xffffffffffffff30 -> 0xffffffffffffff30 -> 0xffffffffffffff30 -> 0xffffffffffffff30   Has an Average delta: Yes   Average delta: 0xea682
RSI values: 0x2d8b53e0 -> 0x2d8b53e0 -> 0x2d8b6ba0 -> 0x2d8b57a0 -> 0x2d8c5590 -> 0x2d8b55c0 -> 0x2d8c4580 -> 0x2d8b53e0 -> 0x2d8b5340 -> 0x2d8b5320 -> 0x2d8b5380 -> 0x2d8b5360 -> 0x2d8b53c0 -> 0x2d8b53a0   Has an Average delta: Yes   Average delta: 0x4fbd
RDI values: 0x7b9125203ac0 -> 0x7b9125203ac0 -> 0x7b9124a11000 -> 0x7b9123291000 -> 0x7b9125245000 -> 0x7b9125203ac0 -> 0x7b9125203ac0 -> 0x7b9125203ac0 -> 0x7b9125203ac0 -> 0x7b9125203ac0 -> 0x7b9125203ac0 -> 0x7b9125203ac0 -> 0x7b9125203ac0 -> 0x7b9125203ac0 -> 0x7b9125203ac0 -> 0x7b9125203ac0 -> 0x7b9125203ac0   Has an Average delta: Yes   Average delta: 0x3f6800
/lib64/ld-linux-x86-64.so.2, 0x7b91398fc000, memset, 0x7b9139922b10, 515, 9
RAX values: 0x7b913933c028 -> 0x7b913933c078 -> 0x7b913933c0c8 -> 0x7b913933c118 -> 0x7b91252db6c8 -> 0x7b9125940008 -> 0x7b91252046c8 -> 0x7b912593ab70 -> 0x7b912593aaf8   Has an Average delta: Yes   Average delta: 0x2aa6e5c
RBX values:    Has an Average delta: No
RCX values:    Has an Average delta: No
RDX values: 0x7b91252db708 -> 0x7b91252db700 -> 0x7b91252db740 -> 0x7b91252db780 -> 0x7b91252db7c0 -> 0x7b91252db800 -> 0x7b91252db840 -> 0x7b91252db880 -> 0x7b91252db8c0 -> 0x7b91252db900 -> 0x7b91252db940 -> 0x7b91252db980 -> 0x7b91252db9c0 -> 0x7b91252dba00 -> 0x7b9125204708 -> 0x7b9125204700 -> 0x7b9125204740 -> 0x7b9125204780 -> 0x7b91252047c0 -> 0x7b9125204800   Has an Average delta: Yes   Average delta: 0xb56c
RSI values: 0x0 -> 0x0 -> 0x0 -> 0x0 -> 0x0   Has an Average delta: Yes   Average delta: 0x0
RDI values: 0x7b91252dba10 -> 0x7b91252db9d0 -> 0x7b9125205000 -> 0x7b9125204fc0 -> 0x7b912593abf8 -> 0x7b912593abb8 -> 0x7b912593ab70 -> 0x7b912593ab30   Has an Average delta: Yes   Average delta: 0x12659d
/lib64/ld-linux-x86-64.so.2, 0x7b91398fc000, open_path, 0x7b91399020a0, 472, 1
RAX values: 0x7b913933c180 -> 0x17 -> 0x37 -> 0x5b -> 0x0 -> 0x7fff00798d0f -> 0x7fff00798d00 -> 0x7fff00798dc0 -> 0x7b913933c180 -> 0x7b9139933aa0 -> 0x0 -> 0x0 -> 0x7b9139935ec0 -> 0x44 -> 0x7b9139933aa0 -> 0x0 -> 0x0 -> 0x0 -> 0x7b91399352e0 -> 0xd   Has an Average delta: Yes   Average delta: 0x3aff81123140
RBX values: 0x7fff00798d00 -> 0x44 -> 0x37 -> 0x44 -> 0x37 -> 0x2d -> 0x20 -> 0x7fff00798d00 -> 0x42 -> 0x35 -> 0x42 -> 0x35 -> 0x2b -> 0x1e -> 0x7fff00798f20   Has an Average delta: Yes   Average delta: 0x24920022bab4
RCX values: 0x5b -> 0x50 -> 0x7b9139934000 -> 0x7b9139934000 -> 0x7b9139934000 -> 0x7b9139934000 -> 0x7b9139934000 -> 0x7b9139934000   Has an Average delta: Yes   Average delta: 0x11a708399b63
RDX values: 0x20 -> 0x17 -> 0xd -> 0x7b91399352e0 -> 0x17 -> 0xd -> 0x7b91399352e0 -> 0x0 -> 0xd -> 0x7b91399352e0 -> 0x1e -> 0x17 -> 0xd -> 0x7b91399352e0 -> 0x17 -> 0xd -> 0x7b91399352e0 -> 0x0 -> 0xd -> 0x7b91399352e0   Has an Average delta: Yes   Average delta: 0x4789f8e980ce
RSI values: 0x7fff00798d50 -> 0x7fff00798d50 -> 0x7b913933c1f4 -> 0x7b9139935ef0 -> 0x400889 -> 0x7fff00798f20 -> 0x7fff00798dc0 -> 0x7b9139935f07 -> 0x400889 -> 0x7fff00798f20 -> 0x7fff00798dc0 -> 0x7b9139935f1e -> 0x400889 -> 0x7fff00798f20 -> 0x7fff00798dc0 -> 0x7b913933c274 -> 0x7b9139935ef0 -> 0x400889 -> 0x7fff00798f20 -> 0x7fff00798dc0   Has an Average delta: Yes   Average delta: 0x35e4a1db8210
RDI values: 0x7fff00798d00 -> 0x7fff00798d20 -> 0x7fff00798d37 -> 0x7fff00798d00 -> 0x7fff00798d00 -> 0x7fff00798d20 -> 0x7fff00798d37 -> 0x7fff00798d00 -> 0x7fff00798d00 -> 0x7fff00798d20 -> 0x7fff00798d20 -> 0x7fff00798d00 -> 0x7fff00798d00 -> 0x7fff00798d00 -> 0x7fff00798d1e -> 0x7fff00798d35 -> 0x7fff00798d00 -> 0x7fff00798d00 -> 0x7fff00798d1e -> 0x7fff00798d35   Has an Average delta: Yes   Average delta: 0x17
/lib64/ld-linux-x86-64.so.2, 0x7b91398fc000, open_verify.constprop.0, 0x7b9139901c80, 462, 9
RAX values: 0x340 -> 0x340 -> 0x340 -> 0x327 -> 0x0   Has an Average delta: Yes   Average delta: 0xd0
RBX values: 0x7fff00798d00 -> 0x44 -> 0x7fff00798d00 -> 0x44 -> 0x7fff00798d00 -> 0x2d -> 0x7fff00798d00 -> 0x42 -> 0x7fff00798d00 -> 0x42 -> 0x7fff00798d00 -> 0x2b -> 0x7b913933c2a0 -> 0x400889 -> 0x7b913933c7f0 -> 0x40093c -> 0x7b913933cd40 -> 0x40095d   Has an Average delta: Yes   Average delta: 0x7e6ed82ff959
RCX values: 0x40 -> 0x40 -> 0x40   Has an Average delta: Yes   Average delta: 0x0
RDX values: 0x340 -> 0x340 -> 0x10102464c457f -> 0x2e0 -> 0x340 -> 0x340 -> 0x10102464c457f -> 0x2a8 -> 0x340 -> 0x340 -> 0x10102464c457f -> 0x3010102464c457f -> 0x350 -> 0x327 -> 0x320 -> 0x310   Has an Average delta: Yes   Average delta: 0x66cd341c1e810a
RSI values: 0x7fff00798f28 -> 0x7fff00798f08 -> 0x7fff00798ee8 -> 0x7fff00798e20 -> 0x7fff00798e20 -> 0x7fff00798b0f -> 0x7fff00798b00   Has an Average delta: Yes   Average delta: 0xb1
RDI values: 0x7fff00798d00 -> 0x7fff00798d00 -> 0x7fff00798d00 -> 0x7fff00798d00 -> 0x7fff00798d00 -> 0x7fff00798d00 -> 0x7b913933c2a0 -> 0x7b913933c7f0 -> 0x7b913933cd40   Has an Average delta: Yes   Average delta: 0x8db8e8baa0
/lib/x86_64-linux-gnu/libc.so.6, 0x7b9125000000, __strlen_avx2, 0x7b912518b7c0, 448, 32
RAX values:    Has an Average delta: No
RBX values:    Has an Average delta: No
RCX values:    Has an Average delta: No
RDX values: 0x7b91252cfbf3 -> 0x7b91252cfbfe -> 0x7b91252cfc09 -> 0x7b91252cfc5e -> 0x7b91252cfc70 -> 0x7b91252cfc84 -> 0x7b91252cfca5 -> 0x7b91252cfcd1 -> 0x7b91252cfce9 -> 0x7b91252cfcf8 -> 0x7b91252cfd08 -> 0x7b91252d0a0c -> 0x4198ba -> 0x4198ba -> 0x7fff0079a9f1 -> 0x41a011 -> 0x41a017 -> 0x7fff0079a9f9 -> 0x7fff0079a9fc -> 0x7fff0079a9ff   Has an Average delta: Yes   Average delta: 0x1ab6a3a97471
RSI values:    Has an Average delta: No
RDI values:    Has an Average delta: No
/lib64/ld-linux-x86-64.so.2, 0x7b91398fc000, handle_intel.constprop.0, 0x7b9139914e00, 432, 12
RAX values:    Has an Average delta: No
RBX values: 0x7fff00799bb8 -> 0x7fff00799bb8 -> 0x200000 -> 0x200000 -> 0x200000 -> 0x200000 -> 0x200000 -> 0x200000 -> 0x200000 -> 0x200000 -> 0x200000 -> 0x40   Has an Average delta: Yes   Average delta: 0xba2d17f6b39
RCX values: 0x7fff00799ace -> 0x7fff00799ace -> 0x7fff00799ace -> 0x7fff00799ace -> 0x7fff00799ace -> 0x7fff00799ace -> 0x7fff00799ace -> 0x7fff00799ace -> 0x7fff00799ace -> 0x7fff00799ace -> 0x7fff00799ace -> 0x7fff00799ace   Has an Average delta: Yes   Average delta: 0x0
RDX values: 0x7fff00799acf -> 0x7fff00799acf -> 0x7fff00799acf -> 0x7fff00799acf -> 0x7fff00799acf -> 0x7fff00799acf -> 0x7fff00799acf -> 0x7fff00799acf -> 0x7fff00799acf -> 0x7fff00799acf -> 0x7fff00799acf -> 0x7fff00799acf   Has an Average delta: Yes   Average delta: 0x0
RSI values:    Has an Average delta: No
RDI values:    Has an Average delta: No
/lib64/ld-linux-x86-64.so.2, 0x7b91398fc000, dfs_traversal.part.0, 0x7b913990f290, 423, 11
RAX values: 0x0 -> 0x7fff007992c8 -> 0x7b913933d2d0 -> 0x7fff007992c0 -> 0x7b913933d2a0 -> 0x7fff007992b8 -> 0x7b913933d270 -> 0x7fff007992b0 -> 0x0 -> 0x7fff007992a8 -> 0x0 -> 0x0 -> 0x7fff00799a50 -> 0x7b913933d2d0 -> 0x0 -> 0x7fff00799a48 -> 0x7b913933d2a0 -> 0x0 -> 0x7fff00799a40 -> 0x7b913933d270   Has an Average delta: Yes   Average delta: 0x3e42eb534b4c
RBX values: 0x7fff007992a0 -> 0x10 -> 0x18 -> 0x7fff007992a0 -> 0x10 -> 0x18 -> 0x7fff007992a0 -> 0x10 -> 0x18 -> 0x7fff007992a0 -> 0x7fff007992a0 -> 0x7fff00799a20 -> 0x10 -> 0x18 -> 0x7fff00799a20 -> 0x10 -> 0x18 -> 0x7fff00799a20 -> 0x10 -> 0x18   Has an Average delta: Yes   Average delta: 0x4a1a5e973c46
RCX values:    Has an Average delta: No
RDX values: 0x7fff007992c0 -> 0x7fff007992b8 -> 0x7fff007992b0 -> 0x7fff007992a8 -> 0x7fff007992a0 -> 0x7fff00799a48 -> 0x7fff00799a40 -> 0x7fff00799a38 -> 0x7fff00799a30 -> 0x7fff00799a28 -> 0x7fff00799a20   Has an Average delta: Yes   Average delta: 0xcb
RSI values: 0x7b913933cd60 -> 0x7b9139934ab0 -> 0x0 -> 0x7b913933c820 -> 0x7b913933cd60 -> 0x0 -> 0x7b913933c2d0 -> 0x7b913933cd60 -> 0x0 -> 0x7b913933cd60 -> 0x7b9139934ab0 -> 0x0 -> 0x7b913933c820 -> 0x7b913933cd60 -> 0x0 -> 0x7b913933c2d0 -> 0x7b913933cd60 -> 0x0 -> 0x7b91399352e0 -> 0x7b913933c2d0   Has an Average delta: Yes   Average delta: 0x4e0ae0e08fc0
RDI values:    Has an Average delta: No
/lib/x86_64-linux-gnu/libc.so.6, 0x7b9125000000, __strncpy_avx2, 0x7b912518cf00, 420, 5
RAX values: 0x61dfe0 -> 0x61dbc0 -> 0x61d360 -> 0x61dfe0 -> 0x61dbc0   Has an Average delta: Yes   Average delta: 0x748
RBX values:    Has an Average delta: No
RCX values: 0x6 -> 0x6 -> 0x7 -> 0xe -> 0xe   Has an Average delta: Yes   Average delta: 0x2
RDX values: 0x3ff -> 0x3f9 -> 0x37a -> 0x61e360 -> 0x3ff -> 0x3f9 -> 0x37a -> 0x61df40 -> 0x3ff -> 0x3f8 -> 0x379 -> 0x61d6e0 -> 0x3ff -> 0x3f1 -> 0x372 -> 0x61e360 -> 0x3ff -> 0x3f1 -> 0x372 -> 0x61df40   Has an Average delta: Yes   Average delta: 0x2e5aa6
RSI values:    Has an Average delta: No
RDI values: 0x61dfe6 -> 0x61e067 -> 0x61e060 -> 0x61e0e0 -> 0x61e160 -> 0x61e1e0 -> 0x61e260 -> 0x61e2e0 -> 0x61e360 -> 0x61dbc6 -> 0x61dc47 -> 0x61dc40 -> 0x61dcc0 -> 0x61dd40 -> 0x61ddc0 -> 0x61de40 -> 0x61dec0 -> 0x61df40 -> 0x61d367 -> 0x61d3e8   Has an Average delta: Yes   Average delta: 0x16c
/lib64/ld-linux-x86-64.so.2, 0x7b91398fc000, init_cpu_features.constprop.0, 0x7b91399155e0, 406, 1
RAX values: 0xc000 -> 0x1a00000 -> 0xffffffffffffffff -> 0x1a00000 -> 0xd00000 -> 0x0 -> 0x0 -> 0x0 -> 0xd00000 -> 0xd00000 -> 0x800 -> 0xd00000 -> 0x200000 -> 0xd00000 -> 0x7b913992a445   Has an Average delta: Yes   Average delta: 0x8d384ca6a97
RBX values: 0x7fff00799bb8 -> 0x200000 -> 0x40 -> 0x2000 -> 0x840 -> 0x7fff00799bb8 -> 0xd00000 -> 0x7b913991caf0   Has an Average delta: Yes   Average delta: 0x488208321d4c
RCX values: 0x7fff00799b98 -> 0x200000 -> 0x540003 -> 0x540000 -> 0x150000 -> 0xd00000 -> 0xfffffffffffbfbe -> 0xc000 -> 0x7fff00799bb8 -> 0x7fff00799bb8 -> 0x7fff00799bb8 -> 0x7fff00799bb8 -> 0x7fff00799bb8 -> 0xc000   Has an Average delta: Yes   Average delta: 0x27644ec13d1da0a
RDX values: 0x7fff00799bc0 -> 0x7fff00799b9c -> 0x1c0000 -> 0x540000 -> 0x0 -> 0xffffffffffffbfbf -> 0x0 -> 0x7fff00799bb0 -> 0x7fff00799bb0 -> 0x7fff00799bb0 -> 0x7fff00799bb0 -> 0x7fff00799bb0 -> 0x7b913991a3b0 -> 0x7b91399143e0 -> 0x7b913991ada0 -> 0x7b913991ae30 -> 0x7b9139915530   Has an Average delta: Yes   Average delta: 0x1046bc84cd31
RSI values: 0x7fff00799b94 -> 0xfffffffffffee1f7 -> 0x7b9139916677 -> 0x7fff00799ba8 -> 0x10000 -> 0xc000 -> 0x40 -> 0x7fff00799bc0 -> 0x7fff00799bc0 -> 0x7fff00799bc0 -> 0x7fff00799bc0 -> 0x7fff00799bc0 -> 0x7fff00799bc0 -> 0x1a00000 -> 0x7fff00799bc0 -> 0x7fff00799bc0 -> 0x7fff00799bc0 -> 0x7fff00799bc0 -> 0x1a00000 -> 0x7fff00799bc0   Has an Average delta: Yes   Average delta: 0x35e4a18ae661
RDI values: 0x7fff00799b90 -> 0x7fff00799ba0 -> 0x40 -> 0xc -> 0x200000 -> 0xfffffffffffffff   Has an Average delta: Yes   Average delta: 0x3334ccc99b1ebeb
/lib64/ld-linux-x86-64.so.2, 0x7b91398fc000, _dlfo_process_initial, 0x7b91399003a0, 391, 2
RAX values: 0x40 -> 0x38 -> 0x1c0 -> 0x2492492492492493 -> 0xdb6db6db6db6db95 -> 0x400078 -> 0x4000b0 -> 0x4000e8 -> 0x400120 -> 0x400158 -> 0x400190 -> 0x4001c8 -> 0x1 -> 0x1 -> 0x0 -> 0x40 -> 0x38 -> 0x1c0 -> 0x0 -> 0x0   Has an Average delta: Yes   Average delta: 0x7b301ecc081ed19
RBX values: 0x7b912593ac00 -> 0x0   Has an Average delta: Yes   Average delta: 0x7b912593ac00
RCX values: 0x400040 -> 0x400040 -> 0x400078 -> 0x4000b0 -> 0x4000e8 -> 0x400120 -> 0x400158 -> 0x400190 -> 0x4001c8 -> 0x400200   Has an Average delta: Yes   Average delta: 0x31
RDX values: 0x1bf -> 0x37 -> 0x7 -> 0x0 -> 0x400000 -> 0x41c1d4 -> 0x0 -> 0x61c1d8 -> 0x61e400   Has an Average delta: Yes   Average delta: 0x1cad2c
RSI values: 0x7fff007998f0 -> 0x400200 -> 0x0 -> 0x0 -> 0x0 -> 0x0 -> 0x0 -> 0x7fff007998f0 -> 0x400200 -> 0x7b912593b690 -> 0x7b912593b6d0 -> 0x7b912593b690 -> 0x7b912593b6f0 -> 0x7b912593b690 -> 0x7b912593b710 -> 0x7b912593b690 -> 0x7b912593b730 -> 0x7b912593b690 -> 0x7b912593b750   Has an Average delta: Yes   Average delta: 0x1c32905c78fa
RDI values: 0x7b91399352e0 -> 0x0 -> 0x1bf -> 0x7b91399352e0 -> 0x7b91399358c0 -> 0x7b913933c2d0 -> 0x7b913933c820 -> 0x7b913933cd60 -> 0x7b9139934ab0 -> 0x0 -> 0x7b91399352e0 -> 0x7b912593b690 -> 0x7b91399352e0 -> 0x7b91399358c0 -> 0x7b913933c2d0 -> 0x7b913933c820 -> 0x7b913933cd60 -> 0x7b9139934ab0 -> 0x0   Has an Average delta: Yes   Average delta: 0x22530413728e
/lib64/ld-linux-x86-64.so.2, 0x7b91398fc000, _dl_find_object_from_map, 0x7b9139900330, 381, 7
RAX values: 0x400000 -> 0x61e400 -> 0x400040 -> 0x400078 -> 0x4000b0 -> 0x4000e8 -> 0x400120 -> 0x400158 -> 0x400190 -> 0x400000 -> 0x61e400 -> 0x400040 -> 0x400078 -> 0x4000b0 -> 0x4000e8 -> 0x400120 -> 0x400158 -> 0x400190 -> 0x7fff007fe000 -> 0x7fff007ff01e   Has an Average delta: Yes   Average delta: 0x6bc9440652b
RBX values:    Has an Average delta: No
RCX values:    Has an Average delta: No
RDX values: 0x40 -> 0x38 -> 0x400200 -> 0x0 -> 0x41af08 -> 0x40 -> 0x38 -> 0x400200 -> 0x0 -> 0x41af08 -> 0x20 -> 0x1c -> 0x7fff007fe120 -> 0x7fff007fe000 -> 0x7fff007fe544 -> 0x60 -> 0x54 -> 0x7b91252862e0 -> 0x7b9125286000 -> 0x7b91252d1e9c   Has an Average delta: Yes   Average delta: 0x13fa0f96ee83
RSI values:    Has an Average delta: No
RDI values:    Has an Average delta: No
/lib/x86_64-linux-gnu/libc.so.6, 0x7b9125000000, __libc_sigaction, 0x7b9125045340, 380, 5
RAX values: 0xc82b96c5a01a5200 -> 0x402697 -> 0x10000000 -> 0x14000000 -> 0x7b9125045330 -> 0x0 -> 0x0 -> 0x0 -> 0xc82b96c5a01a5200 -> 0x0 -> 0xc82b96c5a01a5200 -> 0x402697 -> 0x10000000 -> 0x14000000 -> 0x7b9125045330 -> 0x0 -> 0x0 -> 0x0 -> 0xc82b96c5a01a5200 -> 0x0   Has an Average delta: Yes   Average delta: 0x71876ad538b6c90
RBX values:    Has an Average delta: No
RCX values:    Has an Average delta: No
RDX values: 0x7fff007999b0 -> 0x7fff007999b0 -> 0x7fff007999b0 -> 0x7fff007999b0 -> 0x7fff007999b0 -> 0x7fff007999b0 -> 0x7fff007999b0 -> 0x7fff007999b0 -> 0x7fff007999b0 -> 0x7fff007999b0   Has an Average delta: Yes   Average delta: 0x0
RSI values: 0x7fff00799910 -> 0x7fff00799910 -> 0x7fff00799910 -> 0x7fff00799910 -> 0x7fff00799910   Has an Average delta: Yes   Average delta: 0x0
RDI values:    Has an Average delta: No
/lib64/ld-linux-x86-64.so.2, 0x7b91398fc000, mmap, 0x7b9139921d00, 372, 16
RAX values:    Has an Average delta: No
RBX values: 0x0 -> 0x140 -> 0x0 -> 0xd -> 0x0 -> 0x4 -> 0x7b9125291000 -> 0x4 -> 0x7b91252cd000 -> 0x4 -> 0x7b91252da000 -> 0x4 -> 0x0 -> 0x4 -> 0x7b912593d000 -> 0x4 -> 0x7b912593e000 -> 0x4 -> 0x7b912593f000 -> 0x4   Has an Average delta: Yes   Average delta: 0x4e0ad43c8a3c
RCX values:    Has an Average delta: No
RDX values:    Has an Average delta: No
RSI values:    Has an Average delta: No
RDI values: 0x0 -> 0x0 -> 0x0 -> 0x7b9125291000 -> 0x7b91252cd000 -> 0x7b91252da000 -> 0x0 -> 0x7b912593d000 -> 0x7b912593e000 -> 0x7b912593f000 -> 0x0 -> 0x7b9125028000 -> 0x7b91251b0000 -> 0x7b91251ff000 -> 0x7b9125205000 -> 0x0   Has an Average delta: Yes   Average delta: 0x316d421e1ddd
/lib/x86_64-linux-gnu/libc.so.6, 0x7b9125000000, __GI___uflow, 0x7b9125095290, 369, 10
RAX values: 0x0 -> 0x7b9125202030 -> 0x150 -> 0x7b91250955a0 -> 0x2d8c4590 -> 0x7b9125202030 -> 0x150 -> 0x7b91250955a0 -> 0x2d8c4590 -> 0x7b9125202030 -> 0x150 -> 0x7b91250955a0 -> 0x2d8c4590 -> 0x7b9125202030 -> 0x150 -> 0x7b91250955a0 -> 0x2d8c4590 -> 0x7b9125202030 -> 0x150 -> 0x7b91250955a0   Has an Average delta: Yes   Average delta: 0x7b9111e7bd34
RBX values: 0x2d8b53f0 -> 0x7fff00799d18 -> 0x2d8b53f0 -> 0x7fff00799d18 -> 0x2d8b53f0 -> 0x7fff00799d18 -> 0x2d8b53f0 -> 0x7fff00799d18 -> 0x2d8b53f0 -> 0x7fff00799d18 -> 0x2d8b53f0 -> 0x7fff00799d18 -> 0x2d8b53f0 -> 0x7fff00799d18 -> 0x2d8b53f0 -> 0x7fff00799d18 -> 0x2d8b53f0 -> 0x7fff00799d18 -> 0x2d8b53f0 -> 0x7fff00799d18   Has an Average delta: Yes   Average delta: 0x7ffed2ee4928
RCX values:    Has an Average delta: No
RDX values: 0x7b9125201ee0 -> 0x7b9125201ee0 -> 0x7b9125201ee0 -> 0x7b9125201ee0 -> 0x7b9125201ee0 -> 0x7b9125201ee0 -> 0x7b9125201ee0 -> 0x7b9125201ee0 -> 0x7b9125201ee0 -> 0x7b9125201ee0   Has an Average delta: Yes   Average delta: 0x0
RSI values: 0x0 -> 0x2d8c4590 -> 0x2d8c4590 -> 0x2d8c4590 -> 0x2d8c4590 -> 0x2d8c4590 -> 0x2d8c4590 -> 0x2d8c4590 -> 0x2d8c4590 -> 0x2d8c4590   Has an Average delta: Yes   Average delta: 0x50f95f3
RDI values: 0x0 -> 0x2d8b53f0 -> 0x0 -> 0x2d8b53f0 -> 0x0 -> 0x2d8b53f0 -> 0x0 -> 0x2d8b53f0 -> 0x0 -> 0x2d8b53f0 -> 0x0 -> 0x2d8b53f0 -> 0x0 -> 0x2d8b53f0 -> 0x0 -> 0x2d8b53f0 -> 0x0 -> 0x2d8b53f0 -> 0x0 -> 0x2d8b53f0   Has an Average delta: Yes   Average delta: 0x2d8b53f0
/lib64/ld-linux-x86-64.so.2, 0x7b91398fc000, _dl_sysdep_parse_arguments, 0x7b913991a1d0, 359, 1
RAX values: 0x4 -> 0x4 -> 0x21 -> 0x33 -> 0x10 -> 0x6 -> 0x11 -> 0x3 -> 0x4 -> 0x5 -> 0x7 -> 0x8 -> 0x9 -> 0xb -> 0xc -> 0xd -> 0xe -> 0x17 -> 0x19 -> 0x1a   Has an Average delta: Yes   Average delta: 0x7
RBX values: 0x0 -> 0x7b913991caf0   Has an Average delta: Yes   Average delta: 0x7b913991caf0
RCX values: 0x33 -> 0x32 -> 0x31 -> 0x30 -> 0x2f -> 0x2e -> 0x2d -> 0x2c -> 0x2b -> 0x2a -> 0x29 -> 0x28 -> 0x27 -> 0x26 -> 0x25 -> 0x24 -> 0x23 -> 0x22 -> 0x21 -> 0x20   Has an Average delta: Yes   Average delta: 0x1
RDX values: 0x7fff00799df8 -> 0x7fff00799e08 -> 0x7fff00799e18 -> 0x7fff00799e28 -> 0x7fff00799e38 -> 0x7fff00799e48 -> 0x7fff00799e58 -> 0x7fff00799e68 -> 0x7fff00799e78 -> 0x7fff00799e88 -> 0x7fff00799e98 -> 0x7fff00799ea8 -> 0x7fff00799eb8 -> 0x7fff00799ec8 -> 0x7fff00799ed8 -> 0x7fff00799ee8 -> 0x7fff00799ef8 -> 0x7fff00799f08 -> 0x7fff00799f18 -> 0x7fff00799f28   Has an Average delta: Yes   Average delta: 0x10
RSI values: 0x7fff00799d40 -> 0x7fff00799d48 -> 0x7fff00799d50 -> 0x7fff00799d58 -> 0x7fff00799d60 -> 0x7fff00799d68 -> 0x7fff00799d70 -> 0x7fff00799d78 -> 0x7fff00799d80 -> 0x7fff00799d88 -> 0x7fff00799d90 -> 0x7fff00799d98 -> 0x7fff00799da0 -> 0x7fff00799da8 -> 0x7fff00799db0 -> 0x7fff00799db8 -> 0x7fff00799dc0 -> 0x7fff00799dc8 -> 0x7fff00799dd0 -> 0x7fff00799dd8   Has an Average delta: Yes   Average delta: 0x8
RDI values: 0x7fff00799d18 -> 0x7fff00799a40 -> 0x7fff00799a48 -> 0x7fff00799a50 -> 0x7fff00799a58 -> 0x7fff00799a60 -> 0x7fff00799a68 -> 0x7fff00799a70 -> 0x7fff00799a78 -> 0x7fff00799a80 -> 0x7fff00799a88 -> 0x7fff00799a90 -> 0x7fff00799a98 -> 0x7fff00799aa0 -> 0x7fff00799aa8 -> 0x7fff00799ab0 -> 0x7fff00799ab8 -> 0x7fff00799ac0 -> 0x7fff00799ac8 -> 0x7fff00799ad0   Has an Average delta: Yes   Average delta: 0x2d
/lib64/ld-linux-x86-64.so.2, 0x7b91398fc000, _dl_allocate_tls_storage, 0x7b91399101f0, 342, 1
RAX values: 0x7b912593a45f -> 0x1ee44964e91 -> 0x7b912593b580 -> 0x7b912593ac00   Has an Average delta: Yes   Average delta: 0x511740a8ecbf
RBX values: 0x40 -> 0x7b912593ac00 -> 0x41   Has an Average delta: Yes   Average delta: 0x7b912593abbf
RCX values: 0x7b912593a45f -> 0x7b912593a440 -> 0x7b912593ac00 -> 0xfffffffffffffff8 -> 0x126 -> 0x125 -> 0x124 -> 0x123 -> 0x122 -> 0x121 -> 0x120 -> 0x11f -> 0x11e -> 0x11d -> 0x11c -> 0x11b -> 0x11a -> 0x119 -> 0x118 -> 0x117   Has an Average delta: Yes   Average delta: 0x680e707c62a
RDX values: 0x1f   Has an Average delta: No
RSI values:    Has an Average delta: No
RDI values: 0x1148 -> 0x7b912593ac08 -> 0x7b912593ac08 -> 0x7b912593ac10 -> 0x7b912593ac18 -> 0x7b912593ac20 -> 0x7b912593ac28 -> 0x7b912593ac30 -> 0x7b912593ac38 -> 0x7b912593ac40 -> 0x7b912593ac48 -> 0x7b912593ac50 -> 0x7b912593ac58 -> 0x7b912593ac60 -> 0x7b912593ac68 -> 0x7b912593ac70 -> 0x7b912593ac78 -> 0x7b912593ac80 -> 0x7b912593ac88 -> 0x7b912593ac90   Has an Average delta: Yes   Average delta: 0x680e707c4cd
/lib64/ld-linux-x86-64.so.2, 0x7b91398fc000, _dl_sort_maps, 0x7b913990f3a0, 331, 2
RAX values: 0x4 -> 0x3 -> 0x2 -> 0x1 -> 0x0 -> 0xffffffffffffffff -> 0x37 -> 0x3 -> 0x30 -> 0x7fff007992c8 -> 0x7fff007992c0 -> 0x7fff007992b8 -> 0x7fff007992b0 -> 0x7fff007992a8 -> 0x7fff007992a0 -> 0x5 -> 0x4 -> 0x3 -> 0x2 -> 0x1   Has an Average delta: Yes   Average delta: 0xd7928789635
RBX values: 0x7fff007992a0 -> 0x5 -> 0x7fff00799a20 -> 0x7b9139934000   Has an Average delta: Yes   Average delta: 0x56ce97f32cf2
RCX values: 0x7b9139934ab0 -> 0x7b913933cd60 -> 0x7b913933c820 -> 0x7b913933c2d0 -> 0x7b91399352e0 -> 0x7fff007992d0 -> 0x7fff007992d0 -> 0x7fff007992c8 -> 0x28 -> 0x7fff007992a0 -> 0x7b9139934ab0 -> 0x7b913933cd60 -> 0x7b913933c820 -> 0x7b913933c2d0 -> 0x7b91399358c0 -> 0x7b91399352e0 -> 0x7fff00799a50 -> 0x7fff00799a50 -> 0x7fff00799a50 -> 0x30   Has an Average delta: Yes   Average delta: 0x14e8c13e3310
RDX values: 0x28 -> 0x0 -> 0x0 -> 0x0 -> 0x0 -> 0x0 -> 0x28 -> 0x30 -> 0x7fff00799aaf -> 0x7fff00799aaf -> 0x7fff00799aaf -> 0x7fff00799aaf -> 0x7fff00799aaf -> 0x7fff00799aaf -> 0x30   Has an Average delta: Yes   Average delta: 0x124900115f3d
RSI values: 0x7b9139934ab0 -> 0x7b913933cd60 -> 0x7b913933c820 -> 0x7b913933c2d0 -> 0x7b91399352e0 -> 0x7fff007992a0 -> 0x7b9139934ab0 -> 0x7b913933cd60 -> 0x7b913933c820 -> 0x7b913933c2d0 -> 0x7b91399358c0 -> 0x7b91399352e0 -> 0x7fff00799a20   Has an Average delta: Yes   Average delta: 0x11b71d96b8c
RDI values: 0x30 -> 0x0 -> 0x7fff00799330 -> 0x7fff00799330 -> 0x7fff00799330 -> 0x7fff00799330 -> 0x7fff00799330 -> 0x7b913933d300 -> 0x30 -> 0x0 -> 0x7fff00799ab0 -> 0x7fff00799ab0 -> 0x7fff00799ab0 -> 0x7fff00799ab0 -> 0x7fff00799ab0 -> 0x7fff00799ab0 -> 0x7fff00799b00   Has an Average delta: Yes   Average delta: 0x17ffd016cc19
/lib64/ld-linux-x86-64.so.2, 0x7b91398fc000, _dlfo_sort_mappings, 0x7b9139900ab0, 314, 1
RAX values: 0x1 -> 0x2 -> 0x3 -> 0x4 -> 0x5 -> 0x6 -> 0x7 -> 0x2 -> 0x3 -> 0x4 -> 0x5 -> 0x6 -> 0x7 -> 0x3 -> 0x4 -> 0x5 -> 0x6 -> 0x7 -> 0x4 -> 0x5   Has an Average delta: Yes   Average delta: 0x1
RBX values:    Has an Average delta: No
RCX values: 0x400000 -> 0x400000 -> 0x61c1d8 -> 0x61c1d8 -> 0x7fff007fe000 -> 0x7b9125286000 -> 0x7b9125000000 -> 0x7b9125000000 -> 0x7b9125286000 -> 0x7b9125286000 -> 0x7b912593c000 -> 0x7b912593c000 -> 0x7fff007fe000 -> 0x7b91398fc000 -> 0x7b91398fc000   Has an Average delta: Yes   Average delta: 0xa1776ba4492
RDX values: 0x1 -> 0x20 -> 0x61c1d8 -> 0x2 -> 0x40 -> 0x7fff007fe000 -> 0x3 -> 0x60 -> 0x7b9125286000 -> 0x4 -> 0x80 -> 0x7b912593c000 -> 0x5 -> 0xa0 -> 0x7b9125000000 -> 0x6 -> 0xc0 -> 0x7b91398fc000 -> 0x2 -> 0x40   Has an Average delta: Yes   Average delta: 0x418062c16bfc
RSI values:    Has an Average delta: No
RDI values:    Has an Average delta: No
/lib/x86_64-linux-gnu/libc.so.6, 0x7b9125000000, __GI__IO_un_link.part.0, 0x7b91250945f0, 312, 4
RAX values: 0xc82b96c5a01a5200 -> 0x7b91250944d0 -> 0x0 -> 0x0 -> 0x7b91252044e0 -> 0xc82b96c5a01a5200 -> 0x0 -> 0xc82b96c5a01a5200 -> 0x7b91250944d0 -> 0x0 -> 0x0 -> 0x7b91252044e0 -> 0xc82b96c5a01a5200 -> 0x0 -> 0xc82b96c5a01a5200 -> 0x7b91250944d0 -> 0x0 -> 0x0 -> 0x2d8b53f0 -> 0xc82b96c5a01a5200   Has an Average delta: Yes   Average delta: 0x2700ca10768d97c
RBX values: 0x2d8b53f0 -> 0x2d8b53f0 -> 0x2d8b53f0 -> 0x2d8b53f0 -> 0x2d8b55d0 -> 0x2d8b55d0 -> 0x2d8b53f0 -> 0x2d8b53f0   Has an Average delta: Yes   Average delta: 0x89
RCX values:    Has an Average delta: No
RDX values: 0x2d8b53f0 -> 0x2d8b53f0 -> 0x2d8b55d0 -> 0x2d8b53f0   Has an Average delta: Yes   Average delta: 0x140
RSI values:    Has an Average delta: No
RDI values: 0x7fff00799a20 -> 0x2d8b54d0 -> 0x2d8b54d0 -> 0x7fff00799a20 -> 0x7fff00799a20 -> 0x2d8b54d0 -> 0x2d8b54d0 -> 0x7fff00799a20 -> 0x7fff007985f0 -> 0x2d8b56b0 -> 0x2d8b56b0 -> 0x7fff007985f0 -> 0x7fff007985f0 -> 0x2d8b54d0 -> 0x2d8b54d0 -> 0x7fff007985f0   Has an Average delta: Yes   Average delta: 0x4443a3b242d0
/lib/x86_64-linux-gnu/libc.so.6, 0x7b9125000000, _IO_link_in, 0x7b9125094980, 310, 6
RAX values: 0xc82b96c5a01a5200 -> 0x7b91250944d0 -> 0x0 -> 0x0 -> 0x7b91252044e0 -> 0xc82b96c5a01a5200 -> 0x0 -> 0xc82b96c5a01a5200 -> 0xc82b96c5a01a5200 -> 0x0 -> 0xc82b96c5a01a5200 -> 0x7b91250944d0 -> 0x0 -> 0x0 -> 0x7b91252044e0 -> 0xc82b96c5a01a5200 -> 0x0 -> 0xc82b96c5a01a5200 -> 0x7b91250944d0 -> 0x0   Has an Average delta: Yes   Average delta: 0x560480fdf3dd9cf
RBX values: 0x2d8b53f0 -> 0x2d8b53f0 -> 0x2d8b53f0 -> 0x2d8b53f0 -> 0x2d8b53f0 -> 0x2d8b53f0 -> 0x2d8b53f0 -> 0x2d8b53f0 -> 0x2d8b55d0 -> 0x2d8b55d0   Has an Average delta: Yes   Average delta: 0x35
RCX values:    Has an Average delta: No
RDX values:    Has an Average delta: No
RSI values:    Has an Average delta: No
RDI values: 0x7fff00799a00 -> 0x2d8b54d0 -> 0x7fff00799a00 -> 0x7fff00799a00 -> 0x2d8b54d0 -> 0x7fff00799a00 -> 0x7fff00799a30 -> 0x2d8b54d0 -> 0x7fff00799a30 -> 0x7fff007999e0 -> 0x2d8b56b0 -> 0x7fff007999e0   Has an Average delta: Yes   Average delta: 0x5d166adbd4f1
/lib64/ld-linux-x86-64.so.2, 0x7b91398fc000, __GI___tunable_set_val, 0x7b9139911770, 310, 5
RAX values: 0x88 -> 0x7b9139932880 -> 0x99 -> 0x7b9139932908 -> 0x77 -> 0x7b91399327f8 -> 0x44 -> 0x7b9139932660 -> 0x1a9 -> 0x7b9139933188   Has an Average delta: Yes   Average delta: 0x7b913993284e
RBX values: 0xffffffffffffffff -> 0xffffffffffffffff -> 0x840 -> 0xffffffffffffffff -> 0xffffffffffffffff -> 0x840 -> 0xffffffffffffffff -> 0xfffffffffffffff -> 0x840 -> 0xffffffffffffffff -> 0xffffffffffffffff -> 0x7fff00799bb8 -> 0xffffffffffffffff -> 0xffffffffffffffff -> 0x7fff00799bb8   Has an Average delta: Yes   Average delta: 0x2493fffc93ea3ba
RCX values: 0x8 -> 0x80 -> 0x88 -> 0x8 -> 0x80 -> 0x88 -> 0x7b9139932880 -> 0xffffffffffffffff -> 0xffffffffffffffff -> 0xffffffffffffffff -> 0x8 -> 0x80 -> 0x9 -> 0x90 -> 0x99 -> 0x9 -> 0x90 -> 0x99 -> 0x7b9139932908 -> 0xffffffffffffffff   Has an Average delta: Yes   Average delta: 0x1a03a054e052
RDX values: 0xffffffffffffffff -> 0xffffffffffffffff -> 0xffffffffffffffff -> 0xffffffffffffffff -> 0xffffffffffffffff -> 0xfffffffffffffff -> 0xffffffffffffffff -> 0xffffffffffffffff -> 0xffffffffffffffff -> 0xffffffffffffffff   Has an Average delta: Yes   Average delta: 0x38e38e38e38e38e
RSI values: 0x0 -> 0x0 -> 0x0 -> 0x0 -> 0x0 -> 0x4040 -> 0x1 -> 0x100 -> 0x1 -> 0x1   Has an Average delta: Yes   Average delta: 0xe7f
RDI values: 0x7fff00799bb8 -> 0x0 -> 0x7fff00799bb8 -> 0x0 -> 0x7fff00799bb8 -> 0x4040 -> 0x7fff00799bb8 -> 0x100 -> 0x7fff00799bb8 -> 0x1   Has an Average delta: Yes   Average delta: 0x7fff00798d37
/home/noam/binary_translation/ex4/ex2ref/bzip2, 0x400000, BZ2_bzWriteClose64, 0x408127, 300, 1
RAX values: 0x2d8b57b0 -> 0x2d8b57b0 -> 0x2d8b57b0 -> 0x2d8b55d0 -> 0x7fff0079871c -> 0x7fff00798718 -> 0x7fff00798714 -> 0x7fff00798710 -> 0x2d8b57b0 -> 0x2d8b57b0 -> 0x2d8b57b0 -> 0x2d8b57b0 -> 0x2d8b57b0 -> 0x2d8b6b48 -> 0x2d8b57b0 -> 0x2d8b57b0 -> 0x2d8b57b0 -> 0x1388 -> 0x2d8b57b0 -> 0x2d8b55d0   Has an Average delta: Yes   Average delta: 0xd7928789542
RBX values:    Has an Average delta: No
RCX values: 0x2d8b57b0 -> 0x2d8b55d0 -> 0x2d8b57b0 -> 0x2d8b55d0 -> 0x2d8b57b0 -> 0x2d8b55d0 -> 0x2d8b57b0 -> 0x2d8b55d0   Has an Average delta: Yes   Average delta: 0x1e0
RDX values: 0x2d8b57b8 -> 0x2d8b55d0 -> 0x1388 -> 0x2d8b57b8 -> 0x2d8b55d0 -> 0x1388 -> 0x2d8b57b8 -> 0x2d8b55d0 -> 0x1388 -> 0x2d8b57b8 -> 0x2d8b55d0 -> 0xd1a   Has an Average delta: Yes   Average delta: 0x1cfb8911
RSI values:    Has an Average delta: No
RDI values: 0x2d8b55d0 -> 0x2d8b6b48 -> 0x2d8b57b8 -> 0x2d8b55d0 -> 0x2d8b6b48 -> 0x2d8b57b8 -> 0x2d8b55d0 -> 0x2d8b6b48 -> 0x2d8b57b8 -> 0x2d8b55d0 -> 0x2d8b6b48 -> 0x2d8b57b8 -> 0x2d8b55d0 -> 0x2d8b55d0 -> 0x2d8b55d0 -> 0x2d8b55d0 -> 0x2d8b6b48 -> 0x2d8b57b0   Has an Average delta: Yes   Average delta: 0xc84
/lib/x86_64-linux-gnu/libc.so.6, 0x7b9125000000, __strstr_sse2_unaligned, 0x7b91250c7e10, 282, 6
RAX values: 0x61d362 -> 0xffff0000 -> 0x5 -> 0x61d367 -> 0x61d362 -> 0xffff0000 -> 0x5 -> 0x61d367 -> 0x61d362 -> 0xffff0000 -> 0x5 -> 0x61d367 -> 0x61d362 -> 0xffff0000 -> 0x5 -> 0x61d367 -> 0x61d362 -> 0xffff0000 -> 0x5 -> 0x61d367   Has an Average delta: Yes   Average delta: 0x86bc1af2
RBX values:    Has an Average delta: No
RCX values:    Has an Average delta: No
RDX values:    Has an Average delta: No
RSI values:    Has an Average delta: No
RDI values:    Has an Average delta: No
/lib64/ld-linux-x86-64.so.2, 0x7b91398fc000, fillin_rpath.isra.0, 0x7b9139902f30, 277, 1
RAX values: 0x7fff00799848 -> 0x1e -> 0x7b91399358b8 -> 0x1 -> 0x3 -> 0x1 -> 0x3 -> 0x2 -> 0x2 -> 0x7b9139929f3d -> 0x7b913933c000 -> 0x1c -> 0x7b91399358b8 -> 0x1 -> 0x3 -> 0x1 -> 0x3 -> 0x2 -> 0x2 -> 0x7b9139929f3d   Has an Average delta: Yes   Average delta: 0x3442ecd0c806
RBX values: 0x1 -> 0x2 -> 0x7b9139935648   Has an Average delta: Yes   Average delta: 0x3dc89cc9ab23
RCX values: 0x3 -> 0x3   Has an Average delta: Yes   Average delta: 0x0
RDX values: 0x20 -> 0x7b913933c1c0 -> 0x1 -> 0x1e -> 0x7b913933c240 -> 0x1   Has an Average delta: Yes   Average delta: 0x62da942967f9
RSI values: 0x7b913992ac98 -> 0x7b913933c140 -> 0x7b913933c1a0 -> 0x1 -> 0x7b91399358b8 -> 0x7b913992ac98 -> 0x7b913933c160 -> 0x7b913933c220 -> 0x1 -> 0x7b91399358b8 -> 0x7b913992ac98   Has an Average delta: Yes   Average delta: 0x316d4a3af082
RDI values: 0x7fff00799848 -> 0x7b91399352e0 -> 0x7b913933c1a0 -> 0x7b91399358b8 -> 0x55 -> 0x56 -> 0x7b913933c1f4 -> 0x55 -> 0x7b913933c215 -> 0x7b913933c1a0 -> 0x7fff00799848 -> 0x7b91399352e0 -> 0x7b913933c220 -> 0x7b91399358b8 -> 0x53 -> 0x54 -> 0x7b913933c274 -> 0x53 -> 0x7b913933c293 -> 0x7b913933c220   Has an Average delta: Yes   Average delta: 0x34ba4519ff12
/lib64/ld-linux-x86-64.so.2, 0x7b91398fc000, _dl_lookup_direct, 0x7b9139907ca0, 274, 3
RAX values: 0x7b9125005518 -> 0x7b912500648c -> 0x7b91252029b0 -> 0x7b91250095e0 -> 0x7b91252029a0 -> 0x7b9125024630 -> 0x7b913933da80 -> 0x7b913933dab0 -> 0x7b9125012b80 -> 0x7b9125005518 -> 0x7b912500648c -> 0x7b91252029b0 -> 0x7b91250095e0 -> 0x7b91252029a0 -> 0x7b9125024630 -> 0x7b913933da80 -> 0x7b913933dab0 -> 0x7b9125019210 -> 0x7b9125005518 -> 0x7b912500648c   Has an Average delta: Yes   Average delta: 0x44daf4e
RBX values: 0x7b913933cd60 -> 0x7b913933cd60 -> 0x7b913933cd60   Has an Average delta: Yes   Average delta: 0x0
RCX values:    Has an Average delta: No
RDX values: 0x7b9125007d7c -> 0x18f0 -> 0x63c -> 0x63c -> 0x6 -> 0x7b9125008e94 -> 0x2a08 -> 0xa82 -> 0xa82 -> 0x6 -> 0x7b9125007238 -> 0xdac -> 0x36b -> 0x36b -> 0x7b   Has an Average delta: Yes   Average delta: 0x2c218d370909
RSI values: 0x7b912500648c -> 0x12b4 -> 0x7b913992aa03 -> 0x7b913992a9bf -> 0x7b912500648c -> 0x1f86 -> 0x7b913992aa31 -> 0x7b913992a9bf -> 0x7b912500648c -> 0xa41 -> 0x7b9139929b43 -> 0x7b9139929b35   Has an Average delta: Yes   Average delta: 0x43667a9fbe7b
RDI values: 0x7b912501bdc0 -> 0x7b912501faa5 -> 0x7b9125024470 -> 0x7b912501bdc0 -> 0x7b91250239a4 -> 0x7b9125024470 -> 0x7b912501bdc0 -> 0x7b912501d57d -> 0x7b9125024622   Has an Average delta: Yes   Average delta: 0x5464
/lib64/ld-linux-x86-64.so.2, 0x7b91398fc000, _dl_important_hwcaps, 0x7b9139918a20, 266, 1
RAX values: 0x7b913992b450 -> 0x0 -> 0x9 -> 0x9 -> 0x2 -> 0x20 -> 0x7b913992b450 -> 0x0 -> 0x0 -> 0x0 -> 0x7b9139935ea0 -> 0x1 -> 0x10 -> 0x7b9139935eb0 -> 0x17 -> 0x3 -> 0x10 -> 0xe -> 0x2e -> 0x7b91399323f8   Has an Average delta: Yes   Average delta: 0x340740a9b907
RBX values: 0x0 -> 0x9 -> 0x9 -> 0x1 -> 0x2 -> 0x7b9139935ea0 -> 0x7b9139935ef0 -> 0x7b9139935f07 -> 0x7b9139935f1e -> 0x0   Has an Average delta: Yes   Average delta: 0x1b759b044e08
RCX values: 0x7b913992b45a -> 0x9 -> 0x7b913992b464 -> 0x9 -> 0x1 -> 0x10 -> 0x7b9139935ec0 -> 0x9 -> 0x9 -> 0x7b9139935ec0   Has an Average delta: Yes   Average delta: 0x5260d10cb106
RDX values: 0x9 -> 0x9 -> 0x1 -> 0x9 -> 0x1 -> 0x2 -> 0x9 -> 0x3 -> 0x30 -> 0x9 -> 0x17 -> 0x9 -> 0x17   Has an Average delta: Yes   Average delta: 0xd
RSI values: 0x7b913992b45a -> 0x7b91399323f8 -> 0x20 -> 0x7b913992b45a -> 0x7b913992b464 -> 0x17   Has an Average delta: Yes   Average delta: 0x4a23ef583267
RDI values: 0x7fff00799880 -> 0x7fff00799880 -> 0x7fff00799880 -> 0x7fff00799880 -> 0x20 -> 0x7fff00799880 -> 0x7fff00799880 -> 0x7fff00799880 -> 0x7fff00799880 -> 0x7b913992b464 -> 0x5e -> 0x7fff00799880 -> 0x7fff00799880 -> 0x7b9139935efd -> 0x7fff00799880 -> 0x7b9139935f14 -> 0x7fff00799880   Has an Average delta: Yes   Average delta: 0x211b31d7f46e
/lib64/ld-linux-x86-64.so.2, 0x7b91398fc000, _dl_fini, 0x7b9139901380, 262, 1
RAX values: 0x1 -> 0x5 -> 0xa0 -> 0x7b91399352e0 -> 0x3f -> 0x3 -> 0x30 -> 0x7b91399352e0 -> 0x7b91399358c0 -> 0x7b913933c2d0 -> 0x7b913933c820 -> 0x7b913933cd60 -> 0x7b9139934ab0 -> 0x0 -> 0x7fff00799b30 -> 0x7fff00799b30 -> 0x7fff00799b30 -> 0x7fff00799b30 -> 0x7fff00799b30 -> 0x7fff00799b30   Has an Average delta: Yes   Average delta: 0x20c0349b437b
RBX values: 0x7b9139934000 -> 0x7b9139933f60 -> 0x7b9125204fa8   Has an Average delta: Yes   Average delta: 0xa39782c
RCX values: 0x6   Has an Average delta: No
RDX values: 0x7fff00799b30 -> 0x7fff00799b30   Has an Average delta: Yes   Average delta: 0x0
RSI values: 0x7b9139934000 -> 0x30 -> 0x0   Has an Average delta: Yes   Average delta: 0x3dc89cc9a000
RDI values: 0x7b9139934a08 -> 0x0 -> 0x7fff00799b00 -> 0x7b9139934a08 -> 0x7b91399352e0 -> 0x7b91399352e0 -> 0x7b913933c2d0 -> 0x7b913933c2d0 -> 0x7b913933c820 -> 0x7b913933c820 -> 0x7b913933cd60 -> 0x7b913933cd60 -> 0x7b9139934ab0 -> 0x7b9139934ab0 -> 0x0   Has an Average delta: Yes   Average delta: 0x1b1c843bd4ad
/lib/x86_64-linux-gnu/libc.so.6, 0x7b9125000000, _int_free_merge_chunk, 0x7b91250aaf90, 260, 4
RAX values: 0x2d8c65a0 -> 0x2d8d6000 -> 0x1011 -> 0x7b9125203b20 -> 0xd9e0 -> 0xd9e1 -> 0x2d8c65a0 -> 0x2d8d6000 -> 0xd9e1 -> 0x7b9125203b20 -> 0xede0 -> 0xede1 -> 0x2d8c65a0 -> 0x2d8d6000 -> 0xfa61 -> 0x10a70 -> 0x10a71 -> 0x2d8c5590 -> 0x2d8d6000 -> 0x10a71   Has an Average delta: Yes   Average delta: 0x1a03acceb111
RBX values: 0x2d8b6ba0 -> 0xfffffffffffffef8 -> 0x2d8b57a0 -> 0xfffffffffffffef8 -> 0x2d8c5590 -> 0xfffffffffffffef8 -> 0x2d8c4580 -> 0x2d8b57a0 -> 0xfffffffffffffef8   Has an Average delta: Yes   Average delta: 0x27da6b07
RCX values:    Has an Average delta: No
RDX values: 0xfa61 -> 0xfa60 -> 0x7b9125203b20 -> 0xfa61 -> 0xfa60 -> 0x7b9125203b20 -> 0xfa61 -> 0xfa60 -> 0x10a71 -> 0x10a70 -> 0xede1 -> 0xede0   Has an Average delta: Yes   Average delta: 0x2ceef639ed0e
RSI values: 0xd9e0 -> 0xede0 -> 0x10a70 -> 0x20860   Has an Average delta: Yes   Average delta: 0x64d5
RDI values: 0x7b9125203ac0 -> 0x2d8b6ba0 -> 0x7b9125203ac0 -> 0x7b9125203ac0 -> 0x2d8b57a0 -> 0x7b9125203ac0   Has an Average delta: Yes   Average delta: 0x62da5faa474c
/lib64/ld-linux-x86-64.so.2, 0x7b91398fc000, call_init.part.0, 0x7b9139901670, 254, 5
RAX values: 0x0 -> 0x0 -> 0x7b9125202970 -> 0x7b9125000000 -> 0x7b91251ffc70 -> 0x7b91251ffc78 -> 0x7b91251ffc80 -> 0x7b912593fdc8 -> 0x1000 -> 0x7b912593d000 -> 0x7b912593fdf8 -> 0x7b912593c000 -> 0x7b912593fd98 -> 0x7b912593fda0 -> 0x7b91252dad98 -> 0xb000 -> 0x7b9125291000 -> 0x7b91252dadc8 -> 0x7b9125286000 -> 0x7b91252daa00   Has an Average delta: Yes   Average delta: 0x20848325731d
RBX values: 0x7b9139934ab0 -> 0x18 -> 0x7b913933cd60 -> 0x7b91251ffc78 -> 0x7b91251ffc80 -> 0x10 -> 0x7b913933c820 -> 0x7b912593fda0 -> 0x8 -> 0x7b913933c2d0 -> 0x7b91252daa08 -> 0x7b91252daa10 -> 0x7b91252daa18 -> 0x0 -> 0x7b91399352e0 -> 0xfffffffffffffff8   Has an Average delta: Yes   Average delta: 0x4a23ef322cdc
RCX values: 0x0 -> 0x7b9125202960 -> 0x7b912593fde8 -> 0x7b91252dadb8   Has an Average delta: Yes   Average delta: 0x293061fe1a08
RDX values: 0x10 -> 0x2 -> 0x7fff00799d40 -> 0x7fff00799d40 -> 0x7fff00799d40 -> 0x8 -> 0x1 -> 0x7fff00799d40 -> 0x7fff00799d40 -> 0x18 -> 0x3 -> 0x7fff00799d40 -> 0x7fff00799d40 -> 0x7fff00799d40   Has an Average delta: Yes   Average delta: 0x313ab169da05
RSI values: 0x400200 -> 0x7b913933cd40 -> 0x7fff00799d18 -> 0x7fff00799d18 -> 0x7b913933c7f0 -> 0x7fff00799d18 -> 0x7fff00799d18 -> 0x7b913933c2a0 -> 0x7fff00799d18 -> 0x7fff00799d18 -> 0x7fff00799d18 -> 0x7fff00799d18 -> 0x7b91399358b8   Has an Average delta: Yes   Average delta: 0xc82fdaf453a
RDI values:    Has an Average delta: No
/lib64/ld-linux-x86-64.so.2, 0x7b91398fc000, _dl_catch_exception, 0x7b91398fd480, 252, 6
RAX values: 0x0 -> 0x7fff00799300 -> 0x7b91398fe9f0 -> 0x0 -> 0x7fff007994b0 -> 0x0 -> 0x7fff007992e0 -> 0x7b91398fe9f0 -> 0x0 -> 0x7fff007994b0 -> 0x0 -> 0x7fff007992c0 -> 0x7b91398fe9f0 -> 0x0 -> 0x7fff007994b0 -> 0x0 -> 0x7fff007992a0 -> 0x7b91398fe9f0 -> 0x0 -> 0x7fff007994b0   Has an Average delta: Yes   Average delta: 0x650caf88671f
RBX values: 0x61c1f0 -> 0x61c200 -> 0x61c210 -> 0x7b91252dad78 -> 0x7b912593fda8 -> 0x7b9125202940   Has an Average delta: Yes   Average delta: 0x18b6a121366c
RCX values:    Has an Average delta: No
RDX values: 0x7fff007992fc -> 0x7fff007992dc -> 0x7fff007992bc -> 0x7fff0079929c -> 0x7fff0079929c -> 0x7fff0079929c   Has an Average delta: Yes   Average delta: 0x13
RSI values:    Has an Average delta: No
RDI values: 0x7fff00799310 -> 0x7fff007994d0 -> 0x7fff007992f0 -> 0x7fff007994d0 -> 0x7fff007992d0 -> 0x7fff007994d0 -> 0x7fff007992b0 -> 0x7fff007994d0 -> 0x7fff007992b0 -> 0x7fff007994d0 -> 0x7fff007992b0 -> 0x7fff007994d0   Has an Average delta: Yes   Average delta: 0x205
/lib/x86_64-linux-gnu/libc.so.6, 0x7b9125000000, ____strtoul_l_internal, 0x7b9125057b60, 250, 2
RAX values: 0x7b9125200500 -> 0x30 -> 0x8 -> 0x7fff00799680 -> 0x7fff00799678 -> 0x0 -> 0x0 -> 0x0 -> 0x7b9125200500 -> 0x32 -> 0x8 -> 0x7fff00799682 -> 0x7fff00799683 -> 0x7fff00799678 -> 0x15 -> 0xffffffffffffffeb -> 0x15   Has an Average delta: Yes   Average delta: 0x372af7146692
RBX values: 0x7fff00799680 -> 0x0 -> 0x7fff00799682 -> 0x0   Has an Average delta: Yes   Average delta: 0x7fff00799681
RCX values: 0x7fff00799680 -> 0x7fff00799681 -> 0x7fff00799682 -> 0x7fff00799683 -> 0x7fff00799684   Has an Average delta: Yes   Average delta: 0x1
RDX values: 0x7b91251b28c0 -> 0x7b91251bff20 -> 0x7b91251bfee0 -> 0x7b91251b28c0 -> 0x7b91251bff20 -> 0x7b91251bfee0   Has an Average delta: Yes   Average delta: 0x80ac
RSI values: 0x0 -> 0x0 -> 0x0 -> 0x0 -> 0x2 -> 0x14 -> 0x15 -> 0x15   Has an Average delta: Yes   Average delta: 0x3
RDI values:    Has an Average delta: No
/lib64/ld-linux-x86-64.so.2, 0x7b91398fc000, _dl_process_pt_gnu_property, 0x7b9139903840, 244, 3
RAX values: 0x7b9125286200 -> 0x7b912593c1c8 -> 0x7b9125000270   Has an Average delta: Yes   Average delta: 0x7f8f90
RBX values:    Has an Average delta: No
RCX values: 0x7b9125286300 -> 0x7b912593c2d8 -> 0x7b9125000380   Has an Average delta: Yes   Average delta: 0x7f8f98
RDX values: 0x7b9125286000 -> 0x7b91252862e0 -> 0x7b91252862f0 -> 0xb -> 0x8 -> 0x7b9125286300 -> 0x7b912593c000 -> 0x7b912593c2a8 -> 0x7b912593c2b8 -> 0xb -> 0x8 -> 0x7b912593c2c8 -> 0x7b9125000000 -> 0x7b9125000350 -> 0x7b9125000360 -> 0xb -> 0x8 -> 0x7b9125000370   Has an Average delta: Yes   Average delta: 0x2b9ca3cacafe
RSI values: 0x7b913933c2d0 -> 0x7b913933c820 -> 0x7b913933cd60   Has an Average delta: Yes   Average delta: 0x548
RDI values: 0xffff846edad79d2c -> 0x7b9125286300 -> 0x0 -> 0xffff846eda6c3d64 -> 0x7b912593c2d8 -> 0x10 -> 0xffff846edafffcbc -> 0x7b9125000380 -> 0x10   Has an Average delta: Yes   Average delta: 0xa9e793390826
/lib/x86_64-linux-gnu/libc.so.6, 0x7b9125000000, __GI__IO_default_uflow, 0x7b91250955a0, 236, 10
RAX values: 0x7b9125202030 -> 0x150 -> 0x2d8c4590 -> 0x7b9125202030 -> 0x150 -> 0x2d8c4590 -> 0x7b9125202030 -> 0x150 -> 0x2d8c4590 -> 0x7b9125202030 -> 0x150 -> 0x2d8c4590 -> 0x7b9125202030 -> 0x150 -> 0x2d8c4590 -> 0x7b9125202030 -> 0x150 -> 0x2d8c4590 -> 0x7b9125202030 -> 0x150   Has an Average delta: Yes   Average delta: 0x548bbb15fa2d
RBX values: 0x2d8b53f0 -> 0x7fff00799d18 -> 0x2d8b53f0 -> 0x7fff00799d18 -> 0x2d8b53f0 -> 0x7fff00799d18 -> 0x2d8b53f0 -> 0x7fff00799d18 -> 0x2d8b53f0 -> 0x7fff00799d18 -> 0x2d8b53f0 -> 0x7fff00799d18 -> 0x2d8b53f0 -> 0x7fff00799d18 -> 0x2d8b53f0 -> 0x7fff00799d18 -> 0x2d8b53f0 -> 0x7fff00799d18 -> 0x2d8b53f0 -> 0x7fff00799d18   Has an Average delta: Yes   Average delta: 0x7ffed2ee4928
RCX values:    Has an Average delta: No
RDX values: 0x7b9125201ee0 -> 0x2d8c4591 -> 0x7b9125201ee0 -> 0x2d8c4591 -> 0x7b9125201ee0 -> 0x2d8c4591 -> 0x7b9125201ee0 -> 0x2d8c4591 -> 0x7b9125201ee0 -> 0x2d8c4591 -> 0x7b9125201ee0 -> 0x2d8c4591 -> 0x7b9125201ee0 -> 0x2d8c4591 -> 0x7b9125201ee0 -> 0x2d8c4591 -> 0x7b9125201ee0 -> 0x2d8c4591 -> 0x7b9125201ee0   Has an Average delta: Yes   Average delta: 0x7b90f793d94f
RSI values:    Has an Average delta: No
RDI values: 0x2d8b53f0 -> 0x2d8b53f0 -> 0x2d8b53f0 -> 0x2d8b53f0 -> 0x2d8b53f0 -> 0x2d8b53f0 -> 0x2d8b53f0 -> 0x2d8b53f0 -> 0x2d8b53f0 -> 0x2d8b53f0   Has an Average delta: Yes   Average delta: 0x0
/lib64/ld-linux-x86-64.so.2, 0x7b91398fc000, _dl_add_to_namespace_list, 0x7b9139908610, 236, 5
RAX values: 0x0 -> 0x0 -> 0x0 -> 0x0 -> 0x1 -> 0x7b91399352e0 -> 0x0 -> 0x0 -> 0x0 -> 0x1 -> 0x2 -> 0x7b91399352e0 -> 0x7b9139934ab0 -> 0x7b91399358c0 -> 0x0 -> 0x0 -> 0x0 -> 0x3 -> 0x4 -> 0x7b91399352e0   Has an Average delta: Yes   Average delta: 0x2084886a24c3
RBX values: 0x0 -> 0x7b91399352e0 -> 0x0 -> 0x39 -> 0x0 -> 0x0 -> 0x0 -> 0x0 -> 0x0 -> 0x0   Has an Average delta: Yes   Average delta: 0x1b759b044b5a
RCX values: 0x0 -> 0x0 -> 0x7b9139934000 -> 0x0 -> 0x0 -> 0x7b9139934000 -> 0x7b91399352e0 -> 0x0 -> 0x0 -> 0x7b9139934000 -> 0x7b91399352e0 -> 0x7b9139934ab0 -> 0x7b91399358c0 -> 0x0 -> 0x0 -> 0x7b9139934000 -> 0x7b91399352e0 -> 0x7b9139934ab0 -> 0x7b91399358c0 -> 0x7b913933c2d0   Has an Average delta: Yes   Average delta: 0x2d865899a05a
RDX values: 0x0 -> 0x0 -> 0x0 -> 0x0 -> 0x0   Has an Average delta: Yes   Average delta: 0x0
RSI values: 0x7b9139934000 -> 0x7b9139934000 -> 0x7b9139934000 -> 0x7b9139934000 -> 0x7b9139934000   Has an Average delta: Yes   Average delta: 0x0
RDI values: 0x7b9139934a30 -> 0x7b9139934a30 -> 0x7b9139934a30 -> 0x7b9139934a30 -> 0x7b9139934a30 -> 0x7b9139934a30 -> 0x7b9139934a30 -> 0x7b9139934a30 -> 0x7b9139934a30 -> 0x7b9139934a30   Has an Average delta: Yes   Average delta: 0x0
/lib64/ld-linux-x86-64.so.2, 0x7b91398fc000, get_common_cache_info.constprop.0, 0x7b91399145a0, 231, 1
RAX values: 0x1800000 -> 0xc0000 -> 0x200000 -> 0x100000 -> 0x1c0000   Has an Average delta: Yes   Average delta: 0x690000
RBX values: 0x1800000 -> 0x40   Has an Average delta: Yes   Average delta: 0x17fffc0
RCX values:    Has an Average delta: No
RDX values: 0x0 -> 0x0 -> 0x0 -> 0x0   Has an Average delta: Yes   Average delta: 0x0
RSI values: 0x1800000 -> 0x2   Has an Average delta: Yes   Average delta: 0x17ffffe
RDI values:    Has an Average delta: No
/lib/x86_64-linux-gnu/libc.so.6, 0x7b9125000000, _IO_file_fopen, 0x7b9125091bd0, 223, 3
RAX values: 0xc82b96c5a01a5200 -> 0xffffffffffecc1bb -> 0x7b9125091cbb -> 0xc82b96c5a01a5200 -> 0x0 -> 0x2d8b53f0 -> 0xc82b96c5a01a5200 -> 0xffffffffffecc1bb -> 0x7b9125091cbb -> 0xc82b96c5a01a5200 -> 0x0 -> 0x0 -> 0xc82b96c5a01a5200 -> 0xffffffffffecc1bb -> 0x7b9125091cbb -> 0xc82b96c5a01a5200 -> 0x0 -> 0x2d8b53f0   Has an Average delta: Yes   Average delta: 0x602155907dd9899
RBX values: 0x2d8b53f0 -> 0x2d8b53f0 -> 0x0 -> 0x2d8b53f0 -> 0x2d8b53f0 -> 0x2d8b53f0   Has an Average delta: Yes   Average delta: 0x1237bb2c
RCX values:    Has an Average delta: No
RDX values:    Has an Average delta: No
RSI values: 0x7b91251cc307 -> 0x7b91251cc307   Has an Average delta: Yes   Average delta: 0x0
RDI values: 0x419599 -> 0x2d8b53f0 -> 0x41959a -> 0x419599 -> 0x2d8b53f0 -> 0x419599 -> 0x2d8b53f0 -> 0x41959a   Has an Average delta: Yes   Average delta: 0x26d17e93
/lib/x86_64-linux-gnu/libc.so.6, 0x7b9125000000, _IO_fclose, 0x7b9125085290, 222, 3
RAX values: 0x7b9125202030 -> 0x150 -> 0x7b9125202030 -> 0x150 -> 0x7b9125202030 -> 0x150   Has an Average delta: Yes   Average delta: 0x7b9125201ee0
RBX values: 0x2d8b53f0 -> 0x7fff00799d18 -> 0x2d8b55d0 -> 0x7fff00799d18 -> 0x2d8b53f0 -> 0x7fff00799d18   Has an Average delta: Yes   Average delta: 0x7ffed2ee4868
RCX values:    Has an Average delta: No
RDX values: 0x0 -> 0x7b9125201ee0 -> 0x0 -> 0x7b9125201ee0 -> 0x0 -> 0x7b9125201ee0   Has an Average delta: Yes   Average delta: 0x7b9125201ee0
RSI values:    Has an Average delta: No
RDI values: 0x2d8b54d0 -> 0x2d8b53f0 -> 0x2d8b54d0 -> 0x2d8b53f0 -> 0x2d8b53f0 -> 0x2d8b56b0 -> 0x2d8b55d0 -> 0x2d8b56b0 -> 0x2d8b55d0 -> 0x2d8b55d0 -> 0x2d8b54d0 -> 0x2d8b53f0 -> 0x2d8b54d0 -> 0x2d8b53f0 -> 0x2d8b53f0   Has an Average delta: Yes   Average delta: 0xd4
/lib64/ld-linux-x86-64.so.2, 0x7b91398fc000, __GI___open64_nocancel, 0x7b9139921b40, 218, 10
RAX values:    Has an Average delta: No
RBX values:    Has an Average delta: No
RCX values:    Has an Average delta: No
RDX values:    Has an Average delta: No
RSI values: 0x7fff00798d00 -> 0x7fff00798d00 -> 0x7fff00798d00 -> 0x7fff00798d00 -> 0x7fff00798d00 -> 0x7fff00798d00 -> 0x7b913992a38f -> 0x7b913933c2a0 -> 0x7b913933c7f0 -> 0x7b913933cd40   Has an Average delta: Yes   Average delta: 0x7df9b26d00
RDI values:    Has an Average delta: No
/lib64/ld-linux-x86-64.so.2, 0x7b91398fc000, _dl_init_paths, 0x7b91399033f0, 190, 1
RAX values: 0x3 -> 0xcccccccccccccccd -> 0xccccccccccccccdf -> 0x7b9139935f20 -> 0x7b9139929ef2 -> 0x7b9139928040 -> 0xc -> 0x50 -> 0xffffffffffffffb0 -> 0x7b9139928020 -> 0x7b9139928038 -> 0x50 -> 0xffffffffffffffb0 -> 0x7b9139929ef2 -> 0x1a -> 0x7b9139928072 -> 0x7b9139928038 -> 0x50 -> 0xffffffffffffffb0 -> 0x7b9139929ef2   Has an Average delta: Yes   Average delta: 0x563ef1449150043
RBX values: 0xa -> 0x7b9139928020 -> 0x7b9139935f28 -> 0x7b9139935f30 -> 0x7b9139935f38 -> 0x7b9139935f40 -> 0x7b91399352e0 -> 0x7b91399352e0 -> 0x0   Has an Average delta: Yes   Average delta: 0x1ee44e64d7ce
RCX values: 0x7b91399323f0 -> 0x7b9139929f3d   Has an Average delta: Yes   Average delta: 0x84b3
RDX values: 0x7b91399323f8 -> 0x5b -> 0x48 -> 0x2 -> 0x50 -> 0xc -> 0xc -> 0xc -> 0xc -> 0x61c2a0 -> 0x7b91399352e0   Has an Average delta: Yes   Average delta: 0x18b6a51d7256
RSI values: 0x0 -> 0x400888 -> 0x400a86 -> 0x400a86   Has an Average delta: Yes   Average delta: 0x1558d7
RDI values: 0x0 -> 0xa -> 0x140 -> 0x7b913933c028 -> 0x7b913933c078 -> 0x7b913933c0c8 -> 0x7b913933c118 -> 0x7b9139935648   Has an Average delta: Yes   Average delta: 0x11a708399e9c
/lib/x86_64-linux-gnu/libc.so.6, 0x7b9125000000, sysmalloc_mmap.isra.0, 0x7b91250aa8a0, 189, 3
RAX values: 0x0 -> 0xffffffffffffffff -> 0x36f000 -> 0x36f002 -> 0x0 -> 0x0 -> 0x7b9124a11010 -> 0x0 -> 0xffffffffffffffff -> 0x36f000 -> 0x36f002 -> 0x36f000 -> 0x36f000 -> 0x7b9123291010 -> 0x0 -> 0xffffffffffffffff -> 0x41000 -> 0x41002 -> 0x6de000 -> 0x6de000   Has an Average delta: Yes   Average delta: 0x1a039bd00004
RBX values: 0x36fe97 -> 0x36f000 -> 0x36ee90 -> 0x36ff17 -> 0x36f000 -> 0x36ef10 -> 0x41017 -> 0x41000 -> 0x40010   Has an Average delta: Yes   Average delta: 0x663f2
RCX values: 0x7b9124a11010 -> 0x7b9123291010 -> 0x7b9125245010   Has an Average delta: Yes   Average delta: 0x1b9a000
RDX values: 0x7b91251cc637 -> 0x36f000 -> 0x0 -> 0x36f000 -> 0x7b91251cc637 -> 0x36f000 -> 0x36f000 -> 0x6de000 -> 0x7b91251cc637 -> 0x41000 -> 0x6de000 -> 0x71f000   Has an Average delta: Yes   Average delta: 0x382ab3c6e447
RSI values: 0xfffffffffffff000 -> 0x36f000 -> 0x36f000 -> 0xfffffffffffff000 -> 0x36f000 -> 0x36f000 -> 0xfffffffffffff000 -> 0x41000 -> 0x41000   Has an Average delta: Yes   Average delta: 0x1c0400
RDI values: 0x7b9124a11000 -> 0x7b9123291000 -> 0x7b9125245000   Has an Average delta: Yes   Average delta: 0x1b9a000
/home/noam/binary_translation/ex4/ex2ref/bzip2, 0x400000, compress, 0x402b73, 187, 1
RAX values: 0x2d8b53d0 -> 0x2d8b53d0 -> 0xfffffffffffffff0 -> 0xf -> 0xe -> 0x61dbce -> 0x0 -> 0x41959b -> 0x1 -> 0x4195a0 -> 0x2 -> 0x4195a4 -> 0x3 -> 0x4195aa -> 0x7fff00799af0 -> 0x2d8b55d0 -> 0x2d8b53f0   Has an Average delta: Yes   Average delta: 0xfffe03406f3
RBX values:    Has an Average delta: No
RCX values: 0xffffffffffffffff -> 0xfffffffffffffffe -> 0xfffffffffffffffd -> 0xfffffffffffffffc -> 0xfffffffffffffffb -> 0xfffffffffffffffa -> 0xfffffffffffffff9 -> 0xfffffffffffffff8 -> 0xfffffffffffffff7 -> 0xfffffffffffffff6 -> 0xfffffffffffffff5 -> 0xfffffffffffffff4 -> 0xfffffffffffffff3 -> 0xfffffffffffffff2 -> 0xfffffffffffffff1 -> 0xfffffffffffffff0   Has an Average delta: Yes   Average delta: 0x1
RDX values: 0x61dbc0 -> 0x2d8b55d0   Has an Average delta: Yes   Average delta: 0x2d297a10
RSI values: 0x2d8b53d0 -> 0x2d8b53d0 -> 0x41959b -> 0x4195a0 -> 0x4195a4 -> 0x4195aa -> 0x7fff00799af0 -> 0x2d8b55d0   Has an Average delta: Yes   Average delta: 0x24920010013c
RDI values: 0x61dbc0 -> 0x61dbc1 -> 0x61dbc2 -> 0x61dbc3 -> 0x61dbc4 -> 0x61dbc5 -> 0x61dbc6 -> 0x61dbc7 -> 0x61dbc8 -> 0x61dbc9 -> 0x61dbca -> 0x61dbcb -> 0x61dbcc -> 0x61dbcd -> 0x61dbce -> 0x61dbcf -> 0x2d8b53f0   Has an Average delta: Yes   Average delta: 0x2d29783
/lib/x86_64-linux-gnu/libc.so.6, 0x7b9125000000, signal, 0x7b91250451a0, 180, 5
RAX values: 0xc82b96c5a01a5200 -> 0x400 -> 0x0 -> 0x0 -> 0xc82b96c5a01a5200 -> 0x40 -> 0x0 -> 0x0 -> 0xc82b96c5a01a5200 -> 0x2 -> 0x0 -> 0x0 -> 0xc82b96c5a01a5200 -> 0x4000 -> 0x0 -> 0x0 -> 0xc82b96c5a01a5200 -> 0x1 -> 0x0 -> 0x0   Has an Average delta: Yes   Average delta: 0xcf8d38770cb23b6
RBX values:    Has an Average delta: No
RCX values:    Has an Average delta: No
RDX values: 0x7fff00799b00 -> 0xc82b96c5a01a5200 -> 0x0 -> 0x7fff00799b00 -> 0xc82b96c5a01a5200 -> 0x0 -> 0x7fff00799b00 -> 0xc82b96c5a01a5200 -> 0x0 -> 0x7fff00799b00 -> 0xc82b96c5a01a5200 -> 0x0 -> 0x7fff00799b00 -> 0xc82b96c5a01a5200 -> 0x0   Has an Average delta: Yes   Average delta: 0x34ee696c4cda912
RSI values: 0x7fff00799a60 -> 0x7fff00799a60 -> 0x7fff00799a60 -> 0x7fff00799a60 -> 0x7fff00799a60   Has an Average delta: Yes   Average delta: 0x0
RDI values:    Has an Average delta: No
/lib64/ld-linux-x86-64.so.2, 0x7b91398fc000, _dl_call_fini, 0x7b91398fd090, 178, 5
RAX values: 0x61c270 -> 0x61c280 -> 0x8 -> 0x1 -> 0x61c1e0 -> 0x0 -> 0x418630 -> 0x7b91252dadd8 -> 0x7b91252dade8 -> 0x20 -> 0x4 -> 0x7b91252daa30 -> 0x7b91252daa28 -> 0x7b91252daa20 -> 0x7b91252daa18 -> 0x7b9125286000 -> 0x7b91252ccce4 -> 0x7b912593fe08 -> 0x7b912593fe18 -> 0x8   Has an Average delta: Yes   Average delta: 0x1a039c2460fa
RBX values: 0x61c1e0 -> 0x61c1d8 -> 0x7b9139934000 -> 0x7b91252daa30 -> 0x7b91252daa28 -> 0x7b91252daa20 -> 0x7b91252daa18 -> 0x7b91252daa10 -> 0x7b9139934000 -> 0x7b912593fda0 -> 0x7b912593fd98 -> 0x7b9139934000 -> 0x7b9139934000 -> 0x7b9139934000   Has an Average delta: Yes   Average delta: 0x9815962174c
RCX values:    Has an Average delta: No
RDX values: 0x0 -> 0x61c240 -> 0x3 -> 0x7b91252dada8 -> 0x0 -> 0x7b912593fdd8 -> 0x0 -> 0x0   Has an Average delta: Yes   Average delta: 0x469c1577d636
RSI values:    Has an Average delta: No
RDI values:    Has an Average delta: No
/lib/x86_64-linux-gnu/libc.so.6, 0x7b9125000000, _IO_file_close_it, 0x7b91250918d0, 177, 3
RAX values: 0x7b9125202030 -> 0x150 -> 0x7b9125202030 -> 0x150 -> 0x7b9125202030 -> 0x150   Has an Average delta: Yes   Average delta: 0x7b9125201ee0
RBX values: 0x2d8b53f0 -> 0x2d8b53f0 -> 0x2d8b55d0 -> 0x2d8b55d0 -> 0x2d8b53f0 -> 0x2d8b53f0   Has an Average delta: Yes   Average delta: 0xc0
RCX values:    Has an Average delta: No
RDX values: 0x7b9125201ee0 -> 0x2d8c55a0 -> 0x0 -> 0x7b9125201ee0 -> 0x7b9125201ee0   Has an Average delta: Yes   Average delta: 0x3dc892900f70
RSI values: 0x2d8c55a0   Has an Average delta: No
RDI values: 0x2d8b53f0 -> 0x2d8b53f0 -> 0x2d8b53f0 -> 0x2d8b53f0 -> 0x2d8b55d0 -> 0x2d8b55d0 -> 0x2d8b55d0 -> 0x2d8b55d0 -> 0x2d8b53f0 -> 0x2d8b53f0 -> 0x2d8b53f0 -> 0x2d8b53f0   Has an Average delta: Yes   Average delta: 0x57
/lib64/ld-linux-x86-64.so.2, 0x7b91398fc000, lookup_malloc_symbol, 0x7b9139919400, 172, 4
RAX values: 0x7b9125000000 -> 0x7b91250ae7c0 -> 0x7b9125000000 -> 0x7b91250add50 -> 0x7b9125000000 -> 0x7b91250ad670 -> 0x7b9125000000 -> 0x7b91250ae0c0   Has an Average delta: Yes   Average delta: 0xaded2
RBX values: 0x7b91399352e0 -> 0x7b91399352e0 -> 0x7b91399352e0 -> 0x7b91399352e0 -> 0x7b91399352e0 -> 0x7b91399352e0 -> 0x7b91399352e0 -> 0x7b91399352e0   Has an Average delta: Yes   Average delta: 0x0
RCX values: 0x7b9139935680 -> 0x0 -> 0x7b9139935680 -> 0x0 -> 0x7b9139935680 -> 0x0 -> 0x7b9139935680 -> 0x0   Has an Average delta: Yes   Average delta: 0x7b9139935680
RDX values: 0x7fff007998b0 -> 0x7fff007998b0 -> 0x7fff007998b0 -> 0x7fff007998b0   Has an Average delta: Yes   Average delta: 0x0
RSI values: 0x7b91399352e0 -> 0x0 -> 0x7b91399352e0 -> 0x0 -> 0x7b91399352e0 -> 0x0 -> 0x7b91399352e0 -> 0x0   Has an Average delta: Yes   Average delta: 0x7b91399352e0
RDI values: 0x7b913992a9cb -> 0x7b913992a9d2 -> 0x7b913992a07c -> 0x7b913992a9d7   Has an Average delta: Yes   Average delta: 0x63d
/lib/x86_64-linux-gnu/libc.so.6, 0x7b9125000000, _IO_flush_all, 0x7b9125096100, 161, 1
RAX values: 0xc82b96c5a01a5200 -> 0x7b91250944d0 -> 0x0 -> 0x0 -> 0x0 -> 0x0 -> 0x0 -> 0x0 -> 0x0 -> 0xc82b96c5a01a5200 -> 0x0   Has an Average delta: Yes   Average delta: 0x10bfd1e1bdc6c1f6
RBX values: 0x7b912593ac00 -> 0x7b91252044e0 -> 0x7b91252045c0 -> 0x7b91252038e0 -> 0x0 -> 0x7b9125204fa8   Has an Average delta: Yes   Average delta: 0x316d4223ff7b
RCX values:    Has an Average delta: No
RDX values: 0x7b912593ac00 -> 0x7b912593ac00 -> 0x7b912593ac00   Has an Average delta: Yes   Average delta: 0x0
RSI values:    Has an Average delta: No
RDI values: 0x7fff00799aa0 -> 0x7b9125205700 -> 0x7b9125205700 -> 0x7b9125205710 -> 0x7b9125205710 -> 0x7b9125205720 -> 0x7b9125205720 -> 0x7fff00799aa0   Has an Average delta: Yes   Average delta: 0x143f58737e4
/home/noam/binary_translation/ex4/ex2ref/bzip2, 0x400000, BZ2_bzCompressInit, 0x40502b, 159, 1
RAX values: 0x2d8b6b48 -> 0x0 -> 0x2d8b6b48 -> 0x2d8b6b48 -> 0x0 -> 0x2d8b6b48 -> 0x2d8b6b48 -> 0x404f13 -> 0x2d8b6bb0 -> 0x2d8b6bb0 -> 0x2d8b6bb0 -> 0x2d8b6bb0 -> 0x2d8b6b48 -> 0x404f13 -> 0x2d8b6b48 -> 0x404f13 -> 0x2d8b6b48 -> 0x404f13 -> 0x2d8b6bb0 -> 0x7b9124a11010   Has an Average delta: Yes   Average delta: 0x681013e1db4
RBX values:    Has an Average delta: No
RCX values: 0x0 -> 0x0 -> 0x0 -> 0x0   Has an Average delta: Yes   Average delta: 0x0
RDX values: 0x2d8b6b48 -> 0x2d8b6b48 -> 0x2d8b6b48 -> 0x2d8b6bb0 -> 0x2d8b6b48 -> 0x2d8b6bb0 -> 0x2d8b6b48 -> 0x2d8b6bb0 -> 0x7b9123291010 -> 0x7b9124a11010 -> 0x7b9124a11010 -> 0x2d8b6bb0   Has an Average delta: Yes   Average delta: 0x167772be1e12
RSI values:    Has an Average delta: No
RDI values: 0x0 -> 0x0 -> 0x0 -> 0x0 -> 0x2d8b6bb0 -> 0x2d8b6bb0   Has an Average delta: Yes   Average delta: 0x91be256
/lib64/ld-linux-x86-64.so.2, 0x7b91398fc000, _dl_allocate_tls_init, 0x7b91399102d0, 157, 1
RAX values: 0x7b913933c2d0 -> 0x7b913933cd60 -> 0x7b912593b580 -> 0x7b912593ac00   Has an Average delta: Yes   Average delta: 0x68ab950
RBX values: 0x7b912593b580 -> 0x2 -> 0x3 -> 0x7b912593ac00   Has an Average delta: Yes   Average delta: 0x5260c3b7cb29
RCX values: 0x1 -> 0x10 -> 0x7b912593b590 -> 0x2 -> 0x20 -> 0x7b912593b5a0   Has an Average delta: Yes   Average delta: 0x4a23e358a025
RDX values: 0x1 -> 0x10 -> 0x1 -> 0x7b912593b580 -> 0x90 -> 0x0 -> 0x88 -> 0x88 -> 0x2 -> 0x20 -> 0x1 -> 0x7b912593b580 -> 0x118 -> 0x10 -> 0x88 -> 0x78   Has an Average delta: Yes   Average delta: 0x20f3817cb90e
RSI values: 0x41 -> 0x7b91252daa00 -> 0x41 -> 0x7b91251ffc60 -> 0x41   Has an Average delta: Yes   Average delta: 0x7b912526d2ef
RDI values: 0x7b9139934a58 -> 0x1 -> 0x7b912593ac00 -> 0x7b912593ab70 -> 0x7b912593ab70 -> 0x2 -> 0x7b912593ac00 -> 0x7b912593aae8 -> 0x7b912593aaf8 -> 0x7b9139934a58   Has an Average delta: Yes   Average delta: 0x36eb3196e1a6
/lib/x86_64-linux-gnu/libc.so.6, 0x7b9125000000, _IO_setb, 0x7b9125095470, 155, 5
RAX values:    Has an Average delta: No
RBX values: 0x2d8b53f0 -> 0x2d8b53f0 -> 0x2d8b53f0 -> 0x2d8b53f0 -> 0x2d8b55d0 -> 0x2d8b55d0 -> 0x2d8b55d0 -> 0x2d8b55d0 -> 0x2d8b53f0 -> 0x2d8b53f0   Has an Average delta: Yes   Average delta: 0x6a
RCX values:    Has an Average delta: No
RDX values:    Has an Average delta: No
RSI values:    Has an Average delta: No
RDI values: 0x0 -> 0x0 -> 0x0 -> 0x2d8c55a0 -> 0x2d8c4590   Has an Average delta: Yes   Average delta: 0xb63196c
/lib64/ld-linux-x86-64.so.2, 0x7b91398fc000, _dl_setup_hash, 0x7b913990f1b0, 155, 6
RAX values: 0x7b9139934ab0 -> 0x7b91399352e0 -> 0x7b91399358c0 -> 0x7b913933c2d0 -> 0x7b913933c820 -> 0x7b913933cd60   Has an Average delta: Yes   Average delta: 0x1322e9
RBX values:    Has an Average delta: No
RCX values: 0x24 -> 0x2 -> 0x3a8 -> 0x10 -> 0x3dd   Has an Average delta: Yes   Average delta: 0x2cb
RDX values: 0x7b9139933e78 -> 0x7b91398fc430 -> 0x7b91398fc460 -> 0x7b91398fc4f0 -> 0x0 -> 0x61c290 -> 0x400258 -> 0x400260 -> 0x4002f4 -> 0x7fff007fe410 -> 0x168 -> 0x7fff007fe168 -> 0x7fff007fe188 -> 0x7fff007fe190 -> 0x7b91252dadf8 -> 0x7b91252863a0 -> 0x7b91252865b0 -> 0x7b9125287450 -> 0x7b912593fe38 -> 0x7b912593c410   Has an Average delta: Yes   Average delta: 0x1af2520ed3e4
RSI values:    Has an Average delta: No
RDI values:    Has an Average delta: No
/lib/x86_64-linux-gnu/libc.so.6, 0x7b9125000000, _IO_cleanup, 0x7b91250967e0, 152, 1
RAX values: 0xc82b96c5a01a5200 -> 0x7b91250944d0 -> 0x0 -> 0xc82b96c5a01a5200 -> 0x0   Has an Average delta: Yes   Average delta: 0x29df8cb45a70e4e8
RBX values: 0x7b912593ac00 -> 0x7b91252044e0 -> 0x7b91252045c0 -> 0x7b91252038e0 -> 0x0 -> 0x7b9125204fa8   Has an Average delta: Yes   Average delta: 0x316d4223ff7b
RCX values: 0x0 -> 0x0 -> 0x0   Has an Average delta: Yes   Average delta: 0x0
RDX values: 0x7b912593ac00 -> 0x7b912593ac00 -> 0x7b912593ac00   Has an Average delta: Yes   Average delta: 0x0
RSI values:    Has an Average delta: No
RDI values: 0x7fff00799b20 -> 0x7b9125205700 -> 0x7b9125205710 -> 0x7b9125205710 -> 0x7b9125205720 -> 0x7b9125205720 -> 0x7fff00799b20   Has an Average delta: Yes   Average delta: 0x179f3c86c0a
/lib/x86_64-linux-gnu/libc.so.6, 0x7b9125000000, __open, 0x7b912511b150, 151, 4
RAX values: 0xc82b96c5a01a5200 -> 0xc82b96c5a01a5200 -> 0xc82b96c5a01a5200 -> 0xc82b96c5a01a5200 -> 0x7fff00799ab0 -> 0x7fff00799a60   Has an Average delta: Yes   Average delta: 0xb2a950b79aca833
RBX values: 0x2d8b53f0 -> 0x2d8b53f0 -> 0x2d8b53f0 -> 0x7fff00799d18   Has an Average delta: Yes   Average delta: 0x2aaa464f6db8
RCX values:    Has an Average delta: No
RDX values: 0xc82b96c5a01a5200 -> 0x0 -> 0xfffffffffffffef8 -> 0xc82b96c5a01a5200 -> 0x0 -> 0xc82b96c5a01a5200 -> 0x0 -> 0xc82b96c5a01a5200 -> 0x0   Has an Average delta: Yes   Average delta: 0x10d9dc1313e8f840
RSI values: 0x61dfe0 -> 0x61dbc0 -> 0x61dfe0 -> 0x61dbc0   Has an Average delta: Yes   Average delta: 0x420
RDI values:    Has an Average delta: No
/lib64/ld-linux-x86-64.so.2, 0x7b91398fc000, __GI___sigsetjmp, 0x7b9139922000, 144, 6
RAX values: 0x7fff007993f0 -> 0x7fff007993f0 -> 0xfffe00f327e00000 -> 0x7b91398fd500 -> 0x7b91398fd500 -> 0xf722731faa000000 -> 0x7fff007993d0 -> 0x7fff007993d0 -> 0xfffe00f327a00000 -> 0x7b91398fd500 -> 0x7b91398fd500 -> 0xf722731faa000000 -> 0x7fff007993b0 -> 0x7fff007993b0 -> 0xfffe00f327600000 -> 0x7b91398fd500 -> 0x7b91398fd500 -> 0xf722731faa000000 -> 0x7fff00799390 -> 0x7fff00799390   Has an Average delta: Yes   Average delta: 0x2cda40ca7b57f65
RBX values:    Has an Average delta: No
RCX values:    Has an Average delta: No
RDX values: 0x7fff007992d0 -> 0x7fff007992d0 -> 0xfffe00f325a00000 -> 0x7fff007992b0 -> 0x7fff007992b0 -> 0xfffe00f325600000 -> 0x7fff00799290 -> 0x7fff00799290 -> 0xfffe00f325200000 -> 0x7fff00799270 -> 0x7fff00799270 -> 0xfffe00f324e00000 -> 0x7fff00799270 -> 0x7fff00799270 -> 0xfffe00f324e00000 -> 0x7fff00799270 -> 0x7fff00799270 -> 0xfffe00f324e00000   Has an Average delta: Yes   Average delta: 0x19d8024817cf0
RSI values:    Has an Average delta: No
RDI values:    Has an Average delta: No
/lib64/ld-linux-x86-64.so.2, 0x7b91398fc000, __minimal_calloc, 0x7b91399081c0, 143, 13
RAX values: 0x5d9 -> 0x5d9 -> 0x5d9 -> 0x5d9 -> 0x4e5 -> 0x4e5 -> 0x4e8 -> 0x4e8 -> 0x4e2 -> 0x4e2 -> 0x7 -> 0xa8 -> 0x3 -> 0x48 -> 0x30 -> 0x480 -> 0x11 -> 0x198 -> 0x2d -> 0x438   Has an Average delta: Yes   Average delta: 0x138
RBX values:    Has an Average delta: No
RCX values: 0x5d9 -> 0x5d9 -> 0x0 -> 0x5d9 -> 0x5d9 -> 0x0 -> 0x4e5 -> 0x4e5 -> 0x0 -> 0x4e8 -> 0x4e9 -> 0x0 -> 0x4e2 -> 0x4e3 -> 0x0 -> 0x7 -> 0x1f -> 0x0 -> 0x3 -> 0x1b   Has an Average delta: Yes   Average delta: 0x27c
RDX values: 0x0 -> 0x0 -> 0x0 -> 0x0 -> 0x0 -> 0x0 -> 0x0 -> 0x0 -> 0x0 -> 0x0 -> 0x0 -> 0x0 -> 0x0   Has an Average delta: Yes   Average delta: 0x0
RSI values:    Has an Average delta: No
RDI values: 0x5d9 -> 0x5d9 -> 0x4e5 -> 0x4e8 -> 0x4e2 -> 0xa8 -> 0x48 -> 0x480 -> 0x198 -> 0x438 -> 0xc0 -> 0x420 -> 0x120   Has an Average delta: Yes   Average delta: 0x219
/lib64/ld-linux-x86-64.so.2, 0x7b91398fc000, _dl_next_ld_env_entry, 0x7b9139918940, 142, 1
RAX values: 0x7fff0079aa0e -> 0x7fff0079aa1e -> 0x7fff0079aa36 -> 0x7fff0079aa4d -> 0x7fff0079aa5e -> 0x7fff0079aa8b -> 0x7fff0079aa98 -> 0x7fff0079aaa8 -> 0x7fff0079aab5 -> 0x7fff0079aad9 -> 0x7fff0079aaf3 -> 0x7fff0079ab07 -> 0x7fff0079ab11 -> 0x7fff0079ab1c -> 0x7fff0079ab24 -> 0x7fff0079ab44 -> 0x7fff0079ab4c -> 0x7fff0079af20 -> 0x7fff0079af56 -> 0x7fff0079af66   Has an Average delta: Yes   Average delta: 0x48
RBX values:    Has an Average delta: No
RCX values:    Has an Average delta: No
RDX values: 0x7fff00799d40 -> 0x7fff00799d48 -> 0x7fff00799d50 -> 0x7fff00799d58 -> 0x7fff00799d60 -> 0x7fff00799d68 -> 0x7fff00799d70 -> 0x7fff00799d78 -> 0x7fff00799d80 -> 0x7fff00799d88 -> 0x7fff00799d90 -> 0x7fff00799d98 -> 0x7fff00799da0 -> 0x7fff00799da8 -> 0x7fff00799db0 -> 0x7fff00799db8 -> 0x7fff00799dc0 -> 0x7fff00799dc8 -> 0x7fff00799dd0 -> 0x7fff00799dd8   Has an Average delta: Yes   Average delta: 0x8
RSI values:    Has an Average delta: No
RDI values:    Has an Average delta: No
/home/noam/binary_translation/ex4/ex2ref/bzip2, 0x400000, snocString, 0x403eb0, 138, 5
RAX values: 0x7fff0079a9f9 -> 0x2d8b5330 -> 0x2d8b5350 -> 0x2d8b5330 -> 0x2d8b5330 -> 0x2d8b5330 -> 0x0 -> 0x2d8b5330 -> 0x0 -> 0x7fff0079a9fc -> 0x2d8b5370 -> 0x2d8b5390 -> 0x2d8b5370 -> 0x2d8b5330 -> 0x2d8b5330 -> 0x2d8b5330 -> 0x2d8b5370 -> 0x2d8b5330 -> 0x2d8b5370 -> 0x2d8b5370   Has an Average delta: Yes   Average delta: 0x1435bf1a8b12
RBX values:    Has an Average delta: No
RCX values:    Has an Average delta: No
RDX values: 0x2d8b5330 -> 0x7fff0079a9f9 -> 0x7fff0079a9fc -> 0x2d8b5370 -> 0x7fff0079a9fc -> 0x2d8b5330 -> 0x7fff0079a9ff -> 0x2d8b53b0 -> 0x7fff0079a9ff -> 0x2d8b5370   Has an Average delta: Yes   Average delta: 0x71c610d3db2f
RSI values: 0x7fff0079a9f9 -> 0x7fff0079a9fc -> 0x7fff0079a9fc -> 0x7fff0079a9ff -> 0x7fff0079a9ff   Has an Average delta: Yes   Average delta: 0x1
RDI values: 0x7fff0079a9f9 -> 0x2d8b5350 -> 0x0 -> 0x7fff0079a9fc -> 0x2d8b5390 -> 0x0 -> 0x7fff0079a9ff -> 0x2d8b53d0   Has an Average delta: Yes   Average delta: 0x5b6cf9d548df
/lib64/ld-linux-x86-64.so.2, 0x7b91398fc000, _dl_dst_count, 0x7b9139902b50, 138, 6
RAX values: 0x0 -> 0x0 -> 0x0 -> 0x0 -> 0x0 -> 0x0   Has an Average delta: Yes   Average delta: 0x0
RBX values: 0x61c1f0 -> 0x61c200 -> 0x61c210 -> 0x7b91252dad78 -> 0x7b912593fda8 -> 0x7b9125202940   Has an Average delta: Yes   Average delta: 0x18b6a121366c
RCX values:    Has an Average delta: No
RDX values:    Has an Average delta: No
RSI values:    Has an Average delta: No
RDI values:    Has an Average delta: No
/lib/x86_64-linux-gnu/libc.so.6, 0x7b9125000000, fopen64, 0x7b9125085e60, 132, 3
RAX values: 0x2d8b54d0 -> 0x7b9125202030 -> 0x2d8b53f0 -> 0x2d8b54d0 -> 0x7b9125202030 -> 0x0 -> 0x2d8b54d0 -> 0x7b9125202030 -> 0x2d8b53f0   Has an Average delta: Yes   Average delta: 0x5cacc5126e10
RBX values: 0x2d8b53f0 -> 0x7fff00799d18 -> 0x2d8b53f0 -> 0x7fff00799d18 -> 0x2d8b53f0 -> 0x7fff00799d18   Has an Average delta: Yes   Average delta: 0x7ffed2ee4928
RCX values: 0x2d8b54e0 -> 0x2d8b54e0 -> 0x2d8b54e0   Has an Average delta: Yes   Average delta: 0x0
RDX values: 0x419598 -> 0x419598 -> 0x419598   Has an Average delta: Yes   Average delta: 0x0
RSI values: 0x61dfe0 -> 0x61dbc0 -> 0x61dfe0   Has an Average delta: Yes   Average delta: 0x420
RDI values: 0x2d8b53f0 -> 0x2d8b53f0 -> 0x2d8b53f0 -> 0x2d8b53f0 -> 0x2d8b53f0 -> 0x2d8b53f0 -> 0x2d8b53f0 -> 0x2d8b53f0 -> 0x2d8b53f0 -> 0x2d8b53f0 -> 0x2d8b53f0   Has an Average delta: Yes   Average delta: 0x0
/lib64/ld-linux-x86-64.so.2, 0x7b91398fc000, openaux, 0x7b91398fe9f0, 132, 6
RAX values:    Has an Average delta: No
RBX values: 0x7fff007994d0 -> 0x61c1f0 -> 0x7fff007994d0 -> 0x61c200 -> 0x7fff007994d0 -> 0x61c210 -> 0x7fff007994d0 -> 0x7b91252dad78 -> 0x7fff007994d0 -> 0x7b912593fda8 -> 0x7fff007994d0 -> 0x7b9125202940   Has an Average delta: Yes   Average delta: 0x47d44c63f0db
RCX values:    Has an Average delta: No
RDX values:    Has an Average delta: No
RSI values: 0x400889 -> 0x40093c -> 0x40095d -> 0x7b912528e318 -> 0x7b912593c826 -> 0x7b9125024451   Has an Average delta: Yes   Average delta: 0x18b6a12dda4a
RDI values: 0x7b91399352e0 -> 0x7b91399352e0 -> 0x7b91399352e0 -> 0x7b913933c2d0 -> 0x7b913933c820 -> 0x7b913933cd60   Has an Average delta: Yes   Average delta: 0x131eec
/lib/x86_64-linux-gnu/libc.so.6, 0x7b9125000000, __GI___libc_cleanup_push_defer, 0x7b9125098e10, 130, 10
RAX values: 0x7b912593ac00 -> 0x7b912593ac00 -> 0x7b912593ac00 -> 0x7b912593ac00 -> 0x7b912593ac00 -> 0x7b912593ac00 -> 0x7b912593ac00 -> 0x7b912593ac00 -> 0x7b912593ac00 -> 0x7b912593ac00   Has an Average delta: Yes   Average delta: 0x0
RBX values:    Has an Average delta: No
RCX values:    Has an Average delta: No
RDX values: 0x0 -> 0x7b912593af08 -> 0x0 -> 0x7b912593af08 -> 0x0 -> 0x7b912593af08 -> 0x0 -> 0x7b912593af08 -> 0x0 -> 0x7b912593af08 -> 0x0 -> 0x7b912593af08 -> 0x0 -> 0x7b912593af08 -> 0x0 -> 0x7b912593af08 -> 0x0 -> 0x7b912593af08 -> 0x0 -> 0x7b912593af08   Has an Average delta: Yes   Average delta: 0x7b912593af08
RSI values:    Has an Average delta: No
RDI values:    Has an Average delta: No
/home/noam/binary_translation/ex4/ex2ref/bzip2, 0x400000, hasSuffix, 0x402a83, 128, 4
RAX values: 0x61dfe0 -> 0x41959b -> 0x4 -> 0x61dfe0 -> 0x41959b -> 0x61dfe0 -> 0x4195a0 -> 0x3 -> 0x61dfe0 -> 0x4195a0 -> 0x61dfe0 -> 0x4195a4 -> 0x5 -> 0x61dfe0 -> 0x4195a4 -> 0x61dfe0 -> 0x4195aa -> 0x4 -> 0x61dfe0 -> 0x4195aa   Has an Average delta: Yes   Average delta: 0x351b4b
RBX values:    Has an Average delta: No
RCX values:    Has an Average delta: No
RDX values: 0xe -> 0xa -> 0x61dfea -> 0xe -> 0xb -> 0x61dfeb -> 0xe -> 0x9 -> 0x61dfe9 -> 0xe -> 0xa -> 0x61dfea   Has an Average delta: Yes   Average delta: 0x3e48a6
RSI values: 0x41959b -> 0x4195a0 -> 0x4195a4 -> 0x4195aa   Has an Average delta: Yes   Average delta: 0x5
RDI values: 0x61dfe0 -> 0x41959b -> 0x61dfea -> 0x61dfe0 -> 0x4195a0 -> 0x61dfeb -> 0x61dfe0 -> 0x4195a4 -> 0x61dfe9 -> 0x61dfe0 -> 0x4195aa -> 0x61dfea   Has an Average delta: Yes   Average delta: 0x177bd6
/lib/x86_64-linux-gnu/libc.so.6, 0x7b9125000000, _IO_no_init, 0x7b9125095e60, 124, 4
RAX values:    Has an Average delta: No
RBX values: 0x2d8b54e0 -> 0x2d8b53f0 -> 0x2d8b54e0 -> 0x2d8b53f0 -> 0x2d8b54e0 -> 0x2d8b53f0 -> 0x2d8b56c0 -> 0x11   Has an Average delta: Yes   Average delta: 0x6819fbd
RCX values:    Has an Average delta: No
RDX values:    Has an Average delta: No
RSI values:    Has an Average delta: No
RDI values:    Has an Average delta: No
/lib/x86_64-linux-gnu/libc.so.6, 0x7b9125000000, _int_free_maybe_consolidate, 0x7b91250aab00, 120, 4
RAX values: 0xc82b96c5a01a5200 -> 0xc82b96c5a01a5200 -> 0x0 -> 0xc82b96c5a01a5200 -> 0xc82b96c5a01a5200 -> 0x0 -> 0xc82b96c5a01a5200 -> 0x7b9125203ac0 -> 0x2d8c5590 -> 0x10a71 -> 0x10a70 -> 0xc82b96c5a01a5200 -> 0x0 -> 0xc82b96c5a01a5200 -> 0x7b9125203ac0 -> 0x2d8b57a0 -> 0x20861 -> 0x20860 -> 0xc82b96c5a01a5200 -> 0x0   Has an Average delta: Yes   Average delta: 0x560210a753aea5e
RBX values: 0xfffffffffffffef8 -> 0xfffffffffffffef8 -> 0xfffffffffffffef8 -> 0xfffffffffffffef8   Has an Average delta: Yes   Average delta: 0x0
RCX values:    Has an Average delta: No
RDX values:    Has an Average delta: No
RSI values:    Has an Average delta: No
RDI values:    Has an Average delta: No
/lib64/ld-linux-x86-64.so.2, 0x7b91398fc000, _dl_determine_tlsoffset, 0x7b9139910000, 116, 1
RAX values: 0x7b912593a000 -> 0x41 -> 0x97 -> 0x9 -> 0x1 -> 0x10 -> 0x11f -> 0x23 -> 0x2 -> 0x20 -> 0x680 -> 0x7d7 -> 0x1f   Has an Average delta: Yes   Average delta: 0xa4c1876f989
RBX values: 0x88 -> 0x118 -> 0x41   Has an Average delta: Yes   Average delta: 0xb3
RCX values: 0xf -> 0x97 -> 0x97 -> 0x90 -> 0x90 -> 0x7 -> 0x11f -> 0x11f -> 0x118 -> 0x118 -> 0x797 -> 0x7d7 -> 0x7c0 -> 0x1100   Has an Average delta: Yes   Average delta: 0x168
RDX values: 0x7 -> 0x7b912593a000 -> 0x7 -> 0x7b912593a000 -> 0x17   Has an Average delta: Yes   Average delta: 0x7b9125939ff5
RSI values: 0x0 -> 0x0 -> 0x0 -> 0x0 -> 0x0 -> 0x0   Has an Average delta: Yes   Average delta: 0x0
RDI values: 0x10 -> 0x8   Has an Average delta: Yes   Average delta: 0x8
/lib/x86_64-linux-gnu/libc.so.6, 0x7b9125000000, __cxa_finalize, 0x7b91250472c0, 116, 2
RAX values: 0x0 -> 0x0 -> 0x0 -> 0x0 -> 0x7b9125204b70 -> 0x0 -> 0x0 -> 0x0 -> 0x0 -> 0x7b9125204b70   Has an Average delta: Yes   Average delta: 0x293061b56e7a
RBX values: 0x7b9125204fb0 -> 0x7b91252daa18 -> 0x7b9125204fb0 -> 0x7b912593fda0   Has an Average delta: Yes   Average delta: 0x2f7640
RCX values: 0x7b9125204b80 -> 0x0 -> 0x7b9125204b80 -> 0x0   Has an Average delta: Yes   Average delta: 0x7b9125204b80
RDX values: 0x7b9125204b90 -> 0x7b9125204b90   Has an Average delta: Yes   Average delta: 0x0
RSI values:    Has an Average delta: No
RDI values: 0x7b91252db3a0 -> 0x7b9125940000   Has an Average delta: Yes   Average delta: 0x664c60
/lib64/ld-linux-x86-64.so.2, 0x7b91398fc000, strdup, 0x7b9139924aa0, 114, 6
RAX values:    Has an Average delta: No
RBX values: 0x400a86 -> 0x7b9139935648 -> 0x7b913933c140 -> 0x0 -> 0x7b913933c160 -> 0x1 -> 0x7fff00798d80 -> 0x503f -> 0x7fff00798d60 -> 0x503f -> 0x7fff00798d40 -> 0x503f   Has an Average delta: Yes   Average delta: 0x72bfe68f14b5
RCX values:    Has an Average delta: No
RDX values: 0x3e -> 0x20 -> 0x1e -> 0x23 -> 0x26 -> 0x20   Has an Average delta: Yes   Average delta: 0x9
RSI values: 0x400a86 -> 0x7b913933c140 -> 0x7b913933c160 -> 0x7fff00798d80 -> 0x7fff00798d60 -> 0x7fff00798d40   Has an Average delta: Yes   Average delta: 0x19996671e70b
RDI values: 0x3e -> 0x7b913933c140 -> 0x20 -> 0x7b913933c1a0 -> 0x1e -> 0x7b913933c220 -> 0x23 -> 0x7b913933c2a0 -> 0x26 -> 0x7b913933c7f0 -> 0x20 -> 0x7b913933cd40   Has an Average delta: Yes   Average delta: 0x7b913933c3e4
/lib64/ld-linux-x86-64.so.2, 0x7b91398fc000, _dl_init, 0x7b9139901780, 114, 1
RAX values: 0x0 -> 0x7b913933d300 -> 0x7b913933d300 -> 0x7b913933d300 -> 0x7b913933d300 -> 0x7b913933d300   Has an Average delta: Yes   Average delta: 0x18b6a50a5d66
RBX values: 0x0 -> 0x20 -> 0x18 -> 0x10 -> 0x8 -> 0x0 -> 0xfffffffffffffff8 -> 0x0   Has an Average delta: Yes   Average delta: 0xb
RCX values: 0x7fff00799d40 -> 0x7fff00799d40 -> 0x7fff00799d40 -> 0x7fff00799d40 -> 0x7fff00799d40   Has an Average delta: Yes   Average delta: 0x0
RDX values: 0x7fff00799d18 -> 0x7fff00799d18 -> 0x7fff00799d18 -> 0x7fff00799d18 -> 0x7fff00799d18   Has an Average delta: Yes   Average delta: 0x0
RSI values:    Has an Average delta: No
RDI values: 0x0 -> 0x7b9139934ab0 -> 0x7b913933cd60 -> 0x7b913933c820 -> 0x7b913933c2d0 -> 0x7b91399352e0   Has an Average delta: Yes   Average delta: 0x18b6a543ad53
/lib/x86_64-linux-gnu/libc.so.6, 0x7b9125000000, tcache_init.part.0, 0x7b91250ace10, 113, 1
RAX values: 0xffffffffffffff40 -> 0xfffffffffffffff8   Has an Average delta: Yes   Average delta: 0xb8
RBX values: 0x7b9125203ac0 -> 0x8   Has an Average delta: Yes   Average delta: 0x7b9125203ab8
RCX values: 0x4e -> 0x4d -> 0x4c -> 0x4b -> 0x4a -> 0x49 -> 0x48 -> 0x47 -> 0x46 -> 0x45 -> 0x44 -> 0x43 -> 0x42 -> 0x41 -> 0x40 -> 0x3f -> 0x3e -> 0x3d -> 0x3c -> 0x3b   Has an Average delta: Yes   Average delta: 0x1
RDX values: 0xffffffffffffff30   Has an Average delta: No
RSI values:    Has an Average delta: No
RDI values: 0x7b9125203ac0 -> 0x2d8b5018 -> 0x2d8b5018 -> 0x2d8b5020 -> 0x2d8b5028 -> 0x2d8b5030 -> 0x2d8b5038 -> 0x2d8b5040 -> 0x2d8b5048 -> 0x2d8b5050 -> 0x2d8b5058 -> 0x2d8b5060 -> 0x2d8b5068 -> 0x2d8b5070 -> 0x2d8b5078 -> 0x2d8b5080 -> 0x2d8b5088 -> 0x2d8b5090 -> 0x2d8b5098 -> 0x2d8b50a0   Has an Average delta: Yes   Average delta: 0x680e49c0c60
/lib64/ld-linux-x86-64.so.2, 0x7b91398fc000, __rtld_malloc_init_real, 0x7b91399194d0, 111, 1
RAX values: 0x7b913992a9bf -> 0x4c0d630 -> 0x4c0d68f -> 0x4c0d68f -> 0x4c0d68f0 -> 0x4c0d6922 -> 0x4c0d6962 -> 0x4c0d69620 -> 0x4c0d6964e -> 0x4c0d6968e -> 0x4c0d6968e0 -> 0x4c0d696912 -> 0x4c0d696912 -> 0x4c0d6969120 -> 0x4c0d696914e -> 0x4c0d696919e -> 0x4c0d696919e0 -> 0x4c0d69691a15 -> 0x4c0d69691a75   Has an Average delta: Yes   Average delta: 0xb170886c86f
RBX values: 0x7b91399352e0 -> 0x7b912593ac00   Has an Average delta: Yes   Average delta: 0x13ffa6e0
RCX values: 0x7b913992a9c4 -> 0x7b913992a9c5 -> 0x7b913992a9c6 -> 0x7b913992a9c7 -> 0x7b913992a9c8 -> 0x7b913992a9c9 -> 0x7b913992a9ca   Has an Average delta: Yes   Average delta: 0x1
RDX values: 0x4c0d68f -> 0x4 -> 0x4c0d6922 -> 0x4c -> 0x4c0d6964e -> 0x4c0 -> 0x4c0d696912 -> 0x4c0d -> 0x4c0d696914e -> 0x4c0d6 -> 0x4c0d69691a15 -> 0x4c0d69 -> 0x7fff007998f0 -> 0x7fff007998f0 -> 0x7fff007998f0 -> 0x7fff007998f0   Has an Average delta: Yes   Average delta: 0x135972bf16f8
RSI values: 0x7b913992a9cb -> 0x7b913992a9d2 -> 0x7b913992a07c -> 0x7b913992a9d7   Has an Average delta: Yes   Average delta: 0x63d
RDI values: 0x7b91399352e0 -> 0x7b91399352e0 -> 0x7b91399352e0 -> 0x7b91399352e0   Has an Average delta: Yes   Average delta: 0x0
/lib/x86_64-linux-gnu/libgomp.so.1, 0x7b9125286000, GOMP_critical_name_end, 0x7b91252946b0, 109, 0
RAX values: 0xc82b96c5a01a5200 -> 0xc82b96c5a01a5200   Has an Average delta: Yes   Average delta: 0x0
RBX values: 0x7b91252cfbfe -> 0x7b91252cfbfe -> 0x7b91252cfc09 -> 0x7b91252cfce9 -> 0x7b91252cfce9 -> 0x7b91252cfce9   Has an Average delta: Yes   Average delta: 0x2f
RCX values:    Has an Average delta: No
RDX values: 0x7fff00799b40 -> 0xc82b96c5a01a5200 -> 0x0 -> 0xc82b96c5a01a5200 -> 0x0 -> 0x7fff00799b40 -> 0xc82b96c5a01a5200 -> 0x0 -> 0xc82b96c5a01a5200 -> 0x0   Has an Average delta: Yes   Average delta: 0x152ec1171c82eadc
RSI values:    Has an Average delta: No
RDI values:    Has an Average delta: No
/home/noam/binary_translation/ex4/ex2ref/bzip2, 0x400000, copyFileName, 0x4027f1, 105, 5
RAX values: 0x4198ba -> 0x61dfe0 -> 0x61dfe0 -> 0x61e3e0 -> 0x4198ba -> 0x61dbc0 -> 0x61dbc0 -> 0x61dfc0 -> 0x7fff0079a9f1 -> 0x61d360 -> 0x61d360 -> 0x61d760 -> 0x2d8b53d0 -> 0x61dfe0 -> 0x61dfe0 -> 0x61e3e0 -> 0x2d8b53d0 -> 0x61dbc0 -> 0x61dbc0 -> 0x61dfc0   Has an Average delta: Yes   Average delta: 0xd7931f5637f
RBX values:    Has an Average delta: No
RCX values: 0x4198ba -> 0x4198ba -> 0x7fff0079a9f1 -> 0x2d8b53d0 -> 0x2d8b53d0   Has an Average delta: Yes   Average delta: 0x3fff74c999d6
RDX values:    Has an Average delta: No
RSI values: 0x4198ba -> 0x4198ba -> 0x7fff0079a9f1 -> 0x2d8b53d0 -> 0x2d8b53d0   Has an Average delta: Yes   Average delta: 0x3fff74c999d6
RDI values: 0x4198ba -> 0x61dfe0 -> 0x4198ba -> 0x61dbc0 -> 0x7fff0079a9f1 -> 0x61d360 -> 0x2d8b53d0 -> 0x61dfe0 -> 0x2d8b53d0 -> 0x61dbc0   Has an Average delta: Yes   Average delta: 0x1c71a25b5ef0
/lib/x86_64-linux-gnu/libc.so.6, 0x7b9125000000, __sched_cpucount, 0x7b912510e5d0, 104, 1
RAX values: 0x3fffff -> 0x3ffffe -> 0x3ffffc -> 0x3ffff8 -> 0x3ffff0 -> 0x3fffe0 -> 0x3fffc0 -> 0x3fff80 -> 0x3fff00 -> 0x3ffe00 -> 0x3ffc00 -> 0x3ff800 -> 0x3ff000 -> 0x3fe000 -> 0x3fc000 -> 0x3f8000 -> 0x3f0000 -> 0x3e0000 -> 0x3c0000 -> 0x380000   Has an Average delta: Yes   Average delta: 0x6bca
RBX values:    Has an Average delta: No
RCX values:    Has an Average delta: No
RDX values: 0x3ffffe -> 0x3ffffd -> 0x3ffffb -> 0x3ffff7 -> 0x3fffef -> 0x3fffdf -> 0x3fffbf -> 0x3fff7f -> 0x3ffeff -> 0x3ffdff -> 0x3ffbff -> 0x3ff7ff -> 0x3fefff -> 0x3fdfff -> 0x3fbfff -> 0x3f7fff -> 0x3effff -> 0x3dffff -> 0x3bffff -> 0x37ffff   Has an Average delta: Yes   Average delta: 0x6bca
RSI values: 0x2d8b52a8   Has an Average delta: No
RDI values: 0x1   Has an Average delta: No
/lib/x86_64-linux-gnu/libc.so.6, 0x7b9125000000, _IO_file_doallocate, 0x7b9125085120, 104, 2
RAX values: 0xc82b96c5a01a5200 -> 0x7b9125202030 -> 0x150 -> 0xfff -> 0xc82b96c5a01a5200 -> 0x7b9125202030 -> 0x150 -> 0xfff   Has an Average delta: Yes   Average delta: 0x17ed984762e287a4
RBX values: 0x2d8b53f0 -> 0x2d8b53f0 -> 0x2d8b55d0 -> 0x2d8b55d0   Has an Average delta: Yes   Average delta: 0xa0
RCX values:    Has an Average delta: No
RDX values: 0x7b9125201ee0 -> 0x2d8c5590 -> 0xc82b96c5a01a5200 -> 0x0 -> 0x7b9125201ee0 -> 0x2d8c65a0 -> 0xc82b96c5a01a5200 -> 0x0   Has an Average delta: Yes   Average delta: 0x1fe74c8422234c16
RSI values: 0x7fff007984f0 -> 0x2d8c4590 -> 0x7fff00798460 -> 0x2d8c55a0   Has an Average delta: Yes   Average delta: 0x7ffed2ed39a5
RDI values: 0x2d8b53f0 -> 0x1000 -> 0x2d8b53f0 -> 0x2d8b55d0 -> 0x1000 -> 0x2d8b55d0   Has an Average delta: Yes   Average delta: 0x246f6aac
/lib/x86_64-linux-gnu/libc.so.6, 0x7b9125000000, _IO_file_open, 0x7b9125091ae0, 103, 3
RAX values: 0x2d8b53f0 -> 0x2d8b53f0   Has an Average delta: Yes   Average delta: 0x0
RBX values: 0x2d8b53f0 -> 0x2d8b53f0 -> 0x2d8b53f0 -> 0x2d8b53f0 -> 0x2d8b53f0 -> 0x2d8b53f0   Has an Average delta: Yes   Average delta: 0x0
RCX values:    Has an Average delta: No
RDX values:    Has an Average delta: No
RSI values:    Has an Average delta: No
RDI values: 0x61dfe0 -> 0x2d8b53f0 -> 0x61dbc0 -> 0x61dfe0 -> 0x2d8b53f0   Has an Average delta: Yes   Average delta: 0x21df191c
/home/noam/binary_translation/ex4/ex2ref/bzip2, 0x400000, fwrite@plt, 0x4012d0, 101, 99
RAX values:    Has an Average delta: No
RBX values:    Has an Average delta: No
RCX values:    Has an Average delta: No
RDX values:    Has an Average delta: No
RSI values:    Has an Average delta: No
RDI values:    Has an Average delta: No
/lib/x86_64-linux-gnu/libc.so.6, 0x7b9125000000, _IO_old_init, 0x7b9125095df0, 100, 4
RAX values: 0x2d8b54d0 -> 0x2d8b54d0 -> 0x2d8b54d0 -> 0x2d8b56b0   Has an Average delta: Yes   Average delta: 0xa0
RBX values:    Has an Average delta: No
RCX values:    Has an Average delta: No
RDX values:    Has an Average delta: No
RSI values:    Has an Average delta: No
RDI values:    Has an Average delta: No
/lib64/ld-linux-x86-64.so.2, 0x7b91398fc000, _dl_check_all_versions, 0x7b91399125a0, 98, 1
RAX values:    Has an Average delta: No
RBX values: 0x7b91399352e0 -> 0x7b91399358c0 -> 0x7b913933c2d0 -> 0x7b913933c820 -> 0x7b913933cd60 -> 0x7b9139934ab0 -> 0x0 -> 0x7fff007999e0   Has an Average delta: Yes   Average delta: 0x23f008664a52
RCX values:    Has an Average delta: No
RDX values:    Has an Average delta: No
RSI values:    Has an Average delta: No
RDI values: 0x7b91399352e0 -> 0x7b91399358c0 -> 0x7b913933c2d0 -> 0x7b913933c820 -> 0x7b913933cd60 -> 0x7b9139934ab0   Has an Average delta: Yes   Average delta: 0x263a56
/lib64/ld-linux-x86-64.so.2, 0x7b91398fc000, __mempcpy, 0x7b9139922910, 92, 23
RAX values: 0x7b9139935efd -> 0x7b9139935f06 -> 0x7b9139935f14 -> 0x7b9139935f1d -> 0x7b913933c1f4 -> 0x7b913933c214 -> 0x7b913933c274 -> 0x7b913933c292 -> 0x7fff00798d00 -> 0x7fff00798d20 -> 0x7fff00798d20 -> 0x7fff00798d37 -> 0x7fff00798d37 -> 0x7fff00798d44 -> 0x7fff00798d20 -> 0x7fff00798d37 -> 0x7fff00798d37 -> 0x7fff00798d44 -> 0x7fff00798d20 -> 0x7fff00798d20   Has an Average delta: Yes   Average delta: 0x3bac312079
RBX values:    Has an Average delta: No
RCX values:    Has an Average delta: No
RDX values:    Has an Average delta: No
RSI values:    Has an Average delta: No
RDI values:    Has an Average delta: No
/lib64/ld-linux-x86-64.so.2, 0x7b91398fc000, init_tls, 0x7b913991c040, 91, 1
RAX values: 0x7b91399352e0 -> 0x7b91399358c0 -> 0x7b913933c2d0 -> 0x7b913933c820 -> 0x7b913933cd60 -> 0x7b9139934ab0 -> 0x0 -> 0x7b912593b580 -> 0x7b912593ac00   Has an Average delta: Yes   Average delta: 0x1ee44bfcc5ac
RBX values: 0x2 -> 0x41 -> 0x7b912593ac00 -> 0x7fff007999e0   Has an Average delta: Yes   Average delta: 0x2aaa557dddf4
RCX values: 0x2   Has an Average delta: No
RDX values: 0x0 -> 0x0 -> 0x1 -> 0x10   Has an Average delta: Yes   Average delta: 0x5
RSI values: 0x7b912593a010 -> 0x7b912593ac00   Has an Average delta: Yes   Average delta: 0xbf0
RDI values: 0x42 -> 0x420 -> 0x0   Has an Average delta: Yes   Average delta: 0x3ff
/lib/x86_64-linux-gnu/libc.so.6, 0x7b9125000000, munmap_chunk, 0x7b91250a9400, 90, 3
RAX values: 0x7b9139933aa0 -> 0x1000 -> 0xfff -> 0x0 -> 0x0 -> 0x36f000 -> 0xffffffffffc91000 -> 0x7b9139933aa0 -> 0x1000 -> 0xfff -> 0x0 -> 0x0 -> 0x36f000 -> 0xffffffffffc91000 -> 0x7b9139933aa0 -> 0x1000 -> 0xfff -> 0x0 -> 0x0 -> 0x41000   Has an Average delta: Yes   Average delta: 0x208488817552
RBX values:    Has an Average delta: No
RCX values: 0x7b9124a11000 -> 0x7b9124a11000 -> 0x7b9123291000 -> 0x7b9123291000 -> 0x7b9125245000 -> 0x7b9125245000   Has an Average delta: Yes   Average delta: 0xb0a666
RDX values: 0x36f002 -> 0x7b9124a11000 -> 0x7b9124b7f000 -> 0xf -> 0x0 -> 0x36f002 -> 0x7b9123291000 -> 0x7b91233ff000 -> 0xf -> 0x0 -> 0x41002 -> 0x7b9125245000 -> 0x7b9125245000 -> 0xf -> 0x0   Has an Average delta: Yes   Average delta: 0x34f50f92636d
RSI values: 0x0 -> 0x36f000 -> 0x0 -> 0x36f000 -> 0x0 -> 0x41000   Has an Average delta: Yes   Average delta: 0x2cc333
RDI values: 0x7b9124a11010 -> 0x10 -> 0x7b9124a11000 -> 0x7b9123291010 -> 0x10 -> 0x7b9123291000 -> 0x7b9125245010 -> 0x10 -> 0x7b9125245000   Has an Average delta: Yes   Average delta: 0x5cacdbaa03fa
/lib/x86_64-linux-gnu/libgomp.so.1, 0x7b9125286000, .plt.sec, 0x7b9125291790, 90, 10
RAX values:    Has an Average delta: No
RBX values:    Has an Average delta: No
RCX values:    Has an Average delta: No
RDX values:    Has an Average delta: No
RSI values:    Has an Average delta: No
RDI values:    Has an Average delta: No
/lib/x86_64-linux-gnu/libc.so.6, 0x7b9125000000, __GI___libc_cleanup_pop_restore, 0x7b9125098e60, 90, 10
RAX values: 0x0 -> 0x0 -> 0x0 -> 0x0 -> 0x0 -> 0x0 -> 0x0 -> 0x0 -> 0x0 -> 0x0   Has an Average delta: Yes   Average delta: 0x0
RBX values:    Has an Average delta: No
RCX values:    Has an Average delta: No
RDX values: 0x7b912593ac00 -> 0x7b912593ac00 -> 0x7b912593ac00 -> 0x7b912593ac00 -> 0x7b912593ac00 -> 0x7b912593ac00 -> 0x7b912593ac00 -> 0x7b912593ac00 -> 0x7b912593ac00 -> 0x7b912593ac00   Has an Average delta: Yes   Average delta: 0x0
RSI values:    Has an Average delta: No
RDI values:    Has an Average delta: No
/lib/x86_64-linux-gnu/libc.so.6, 0x7b9125000000, fflush, 0x7b91250857f0, 90, 2
RAX values: 0x0 -> 0x7b9125202030 -> 0x150 -> 0x0 -> 0x7b9125202030 -> 0x150   Has an Average delta: Yes   Average delta: 0x62da8419b316
RBX values: 0x2d8b55d0 -> 0x7fff00799d18 -> 0x2d8b55d0 -> 0x7fff00799d18   Has an Average delta: Yes   Average delta: 0x7ffed2ee4748
RCX values:    Has an Average delta: No
RDX values: 0x7b9125201ee0 -> 0x7b9125201ee0   Has an Average delta: Yes   Average delta: 0x0
RSI values:    Has an Average delta: No
RDI values: 0x2d8b56b0 -> 0x2d8b55d0 -> 0x2d8b56b0 -> 0x2d8b56b0 -> 0x2d8b55d0 -> 0x2d8b56b0   Has an Average delta: Yes   Average delta: 0xb3
/lib/x86_64-linux-gnu/libc.so.6, 0x7b9125000000, fdopen, 0x7b91250854f0, 88, 1
RAX values: 0x2d8b56b0 -> 0x7b9125202030 -> 0x2d8b55d0   Has an Average delta: Yes   Average delta: 0x7b90f794c9f0
RBX values: 0x7fff00799d18   Has an Average delta: No
RCX values: 0x2d8b56c0   Has an Average delta: No
RDX values:    Has an Average delta: No
RSI values:    Has an Average delta: No
RDI values: 0x2d8b55d0 -> 0x2d8b55d0   Has an Average delta: Yes   Average delta: 0x0
/lib/x86_64-linux-gnu/libc.so.6, 0x7b9125000000, read_sysfs_file, 0x7b912511f8b0, 87, 1
RAX values: 0xc82b96c5a01a5200 -> 0x7fff00799685 -> 0xc82b96c5a01a5200 -> 0x0   Has an Average delta: Yes   Average delta: 0x37d4be8f0ae167ae
RBX values: 0x5 -> 0xb   Has an Average delta: Yes   Average delta: 0x6
RCX values:    Has an Average delta: No
RDX values: 0x5 -> 0x7fff00799681 -> 0x7fff00799684   Has an Average delta: Yes   Average delta: 0x3fff803ccb3f
RSI values: 0x7fff00799680 -> 0x7fff00799678 -> 0x7fff00799678   Has an Average delta: Yes   Average delta: 0x4
RDI values: 0x7fff00799680 -> 0x7fff00799680 -> 0x7fff00799682   Has an Average delta: Yes   Average delta: 0x1
/home/noam/binary_translation/ex4/ex2ref/bzip2, 0x400000, myMalloc, 0x403e4f, 84, 6
RAX values: 0x10 -> 0x2d8b5330 -> 0x7 -> 0x2d8b5350 -> 0x10 -> 0x2d8b5370 -> 0x7 -> 0x2d8b5390 -> 0x10 -> 0x2d8b53b0 -> 0x13 -> 0x2d8b53d0   Has an Average delta: Yes   Average delta: 0x2d8b536b
RBX values:    Has an Average delta: No
RCX values:    Has an Average delta: No
RDX values:    Has an Average delta: No
RSI values:    Has an Average delta: No
RDI values: 0x10 -> 0x7 -> 0x10 -> 0x7 -> 0x10 -> 0x13   Has an Average delta: Yes   Average delta: 0x7
/home/noam/binary_translation/ex4/ex2ref/bzip2, 0x400000, BZ2_bzWriteOpen, 0x407bfa, 81, 1
RAX values: 0x7fff0079870c -> 0x2d8b55d0 -> 0x7fff0079870c -> 0x2d8b57b0 -> 0x2d8b57b0 -> 0x2d8b57b0 -> 0x2d8b57b0 -> 0x2d8b57b0 -> 0x2d8b57b0 -> 0x2d8b57b0 -> 0x2d8b57b0 -> 0x2d8b57b0 -> 0x2d8b57b0 -> 0x2d8b57b0 -> 0x2d8b57b0   Has an Average delta: Yes   Average delta: 0x1b6d76579cb3
RBX values:    Has an Average delta: No
RCX values:    Has an Average delta: No
RDX values: 0x2d8b55d0   Has an Average delta: No
RSI values:    Has an Average delta: No
RDI values: 0x2d8b55d0 -> 0x2d8b6b48   Has an Average delta: Yes   Average delta: 0x1578
/lib64/ld-linux-x86-64.so.2, 0x7b91398fc000, get_common_indices.constprop.0, 0x7b9139914400, 81, 1
RAX values:    Has an Average delta: No
RBX values: 0x756e6547   Has an Average delta: No
RCX values:    Has an Average delta: No
RDX values:    Has an Average delta: No
RSI values:    Has an Average delta: No
RDI values:    Has an Average delta: No
/lib/x86_64-linux-gnu/libc.so.6, 0x7b9125000000, __strcpy_avx2, 0x7b912518b570, 79, 3
RAX values: 0x2d8b5350 -> 0x2d8b5390 -> 0x2d8b53d0   Has an Average delta: Yes   Average delta: 0x40
RBX values:    Has an Average delta: No
RCX values: 0x7478742e676e6f   Has an Average delta: No
RDX values:    Has an Average delta: No
RSI values:    Has an Average delta: No
RDI values:    Has an Average delta: No
/lib/x86_64-linux-gnu/libc.so.6, 0x7b9125000000, __run_exit_handlers, 0x7b9125047910, 79, 1
RAX values: 0x7b9125203680 -> 0x1 -> 0x0 -> 0x0 -> 0x7b9125204fc0 -> 0x816ae775f40d8568 -> 0xc2b440b573bafa06 -> 0x7b9139901380 -> 0x1 -> 0x0 -> 0x0   Has an Average delta: Yes   Average delta: 0x195142b0ff709838
RBX values: 0x7b9125204fa8   Has an Average delta: No
RCX values: 0x4 -> 0x816ae775f40d8568   Has an Average delta: Yes   Average delta: 0x7e95188a0bf27a9c
RDX values: 0x7b9125203680   Has an Average delta: No
RSI values:    Has an Average delta: No
RDI values: 0x0   Has an Average delta: No
/lib/x86_64-linux-gnu/libc.so.6, 0x7b9125000000, mmap64, 0x7b9125125320, 78, 3
RAX values:    Has an Average delta: No
RBX values: 0x0 -> 0x36f000 -> 0x0 -> 0x36f000 -> 0x0 -> 0x41000   Has an Average delta: Yes   Average delta: 0x2cc333
RCX values:    Has an Average delta: No
RDX values:    Has an Average delta: No
RSI values:    Has an Average delta: No
RDI values: 0x0 -> 0x0 -> 0x0   Has an Average delta: Yes   Average delta: 0x0
/lib64/ld-linux-x86-64.so.2, 0x7b91398fc000, __libc_scratch_buffer_set_array_size, 0x7b9139921c40, 75, 3
RAX values: 0x20 -> 0x100 -> 0x22 -> 0x110 -> 0x24 -> 0x120   Has an Average delta: Yes   Average delta: 0xea
RBX values: 0x7fff00799500 -> 0x61c390 -> 0x7fff00799500 -> 0x10 -> 0x7fff00799500 -> 0x10   Has an Average delta: Yes   Average delta: 0x7fff005279f0
RCX values: 0x8 -> 0x28 -> 0x0 -> 0x8 -> 0x2a -> 0x0 -> 0x8 -> 0x2c -> 0x0   Has an Average delta: Yes   Average delta: 0x1e
RDX values: 0x0 -> 0x0 -> 0x0   Has an Average delta: Yes   Average delta: 0x0
RSI values:    Has an Average delta: No
RDI values:    Has an Average delta: No
/lib/x86_64-linux-gnu/libc.so.6, 0x7b9125000000, __set_vma_name, 0x7b912512a770, 75, 3
RAX values: 0xc82b96c5a01a5200 -> 0xc82b96c5a01a5200 -> 0x0 -> 0xc82b96c5a01a5200 -> 0xc82b96c5a01a5200 -> 0x0 -> 0xc82b96c5a01a5200 -> 0xc82b96c5a01a5200 -> 0x0   Has an Average delta: Yes   Average delta: 0x2e4c1c47bef8cc0
RBX values: 0x7b9124a11000 -> 0x36f000 -> 0x36f000 -> 0x41000   Has an Average delta: Yes   Average delta: 0x29306189aaaa
RCX values:    Has an Average delta: No
RDX values:    Has an Average delta: No
RSI values: 0x7fff00798494   Has an Average delta: No
RDI values:    Has an Average delta: No
/lib/x86_64-linux-gnu/libc.so.6, 0x7b9125000000, __GI_strstr, 0x7b91250b5830, 72, 2
RAX values: 0xc82b96c5a01a5200 -> 0xc82b96c5a01a5200 -> 0x0 -> 0x0 -> 0xc82b96c5a01a5200 -> 0xc82b96c5a01a5200 -> 0x0 -> 0x0   Has an Average delta: Yes   Average delta: 0x17ed51ab4dab93b6
RBX values: 0x0 -> 0x2d8b53f0 -> 0x0 -> 0x2d8b53f0   Has an Average delta: Yes   Average delta: 0x2d8b53f0
RCX values:    Has an Average delta: No
RDX values:    Has an Average delta: No
RSI values:    Has an Average delta: No
RDI values:    Has an Average delta: No
/lib/x86_64-linux-gnu/libc.so.6, 0x7b9125000000, alloc_perturb, 0x7b91250a91f0, 72, 18
RAX values:    Has an Average delta: No
RBX values:    Has an Average delta: No
RCX values:    Has an Average delta: No
RDX values:    Has an Average delta: No
RSI values:    Has an Average delta: No
RDI values:    Has an Average delta: No
/lib/x86_64-linux-gnu/libc.so.6, 0x7b9125000000, calloc, 0x7b91250ae7c0, 71, 1
RAX values: 0x1 -> 0x60 -> 0xffffffffffffff30   Has an Average delta: Yes   Average delta: 0xc7
RBX values: 0x60 -> 0x60   Has an Average delta: Yes   Average delta: 0x0
RCX values: 0x7b9125203ac0 -> 0x70   Has an Average delta: Yes   Average delta: 0x7b9125203a50
RDX values: 0x0 -> 0x71 -> 0x70 -> 0x70 -> 0x70 -> 0x68   Has an Average delta: Yes   Average delta: 0x18
RSI values: 0x60 -> 0x71   Has an Average delta: Yes   Average delta: 0x11
RDI values: 0x7b9125203ac0 -> 0x2d8b52c0   Has an Average delta: Yes   Average delta: 0x7b90f794e800
/home/noam/binary_translation/ex4/ex2ref/bzip2, 0x400000, bsFinishWrite, 0x40c8ce, 70, 1
RAX values: 0x2d8b6bb0 -> 0x2d8b6bb0 -> 0x2d8b6bb0 -> 0x47b0 -> 0x2d8b6bb0 -> 0x2d8b6bb0 -> 0x2d8b6bb0 -> 0x2d8b6bb0 -> 0x2d8b6bb0 -> 0x2d8b6bb0 -> 0x2d8b6bb0 -> 0x2d8b6bb0 -> 0x2d8b6bb0 -> 0x2d8b6bb0 -> 0x47b1 -> 0x2d8b6bb0 -> 0x2d8b6bb0 -> 0x2d8b6bb0 -> 0x2d8b6bb0 -> 0x2d8b6bb0   Has an Average delta: Yes   Average delta: 0x9968e50
RBX values:    Has an Average delta: No
RCX values:    Has an Average delta: No
RDX values: 0x7b91232e8269 -> 0x7b91232eca19 -> 0x7b91232e8269 -> 0x7b91232eca1a   Has an Average delta: Yes   Average delta: 0x47b0
RSI values:    Has an Average delta: No
RDI values:    Has an Average delta: No
/home/noam/binary_translation/ex4/ex2ref/bzip2, 0x400000, strcmp@plt, 0x4011c0, 69, 67
RAX values:    Has an Average delta: No
RBX values:    Has an Average delta: No
RCX values:    Has an Average delta: No
RDX values:    Has an Average delta: No
RSI values:    Has an Average delta: No
RDI values:    Has an Average delta: No
/home/noam/binary_translation/ex4/ex2ref/bzip2, 0x400000, BZ2_bzCompressEnd, 0x405e91, 68, 1
RAX values: 0x2d8b6b48 -> 0x2d8b6bb0 -> 0x2d8b6bb0 -> 0x2d8b6b48 -> 0x2d8b6bb0 -> 0x7b9124a11010 -> 0x2d8b6b48 -> 0x404f40 -> 0x2d8b6bb0 -> 0x7b9123291010 -> 0x2d8b6b48 -> 0x404f40 -> 0x2d8b6bb0 -> 0x7b9125245010 -> 0x2d8b6b48 -> 0x404f40 -> 0x2d8b6b48 -> 0x404f40 -> 0x2d8b6b48   Has an Average delta: Yes   Average delta: 0x29306662bc51
RBX values:    Has an Average delta: No
RCX values: 0x7b9124a11010 -> 0x7b9123291010 -> 0x7b9125245010 -> 0x2d8b6bb0   Has an Average delta: Yes   Average delta: 0x293053aeb6ca
RDX values: 0x2d8b6bb0 -> 0x2d8b6b48 -> 0x0 -> 0x2d8b6bb0 -> 0x2d8b6b48 -> 0x0 -> 0x2d8b6bb0 -> 0x2d8b6b48 -> 0x0 -> 0x2d8b6b48 -> 0x2d8b6b48 -> 0x0   Has an Average delta: Yes   Average delta: 0x1cfba18b
RSI values: 0x7b9124a11010 -> 0x7b9123291010 -> 0x7b9125245010 -> 0x2d8b6bb0   Has an Average delta: Yes   Average delta: 0x293053aeb6ca
RDI values: 0x0 -> 0x0 -> 0x0 -> 0x0   Has an Average delta: Yes   Average delta: 0x0
/home/noam/binary_translation/ex4/ex2ref/bzip2, 0x400000, default_bzalloc, 0x404f13, 60, 4
RAX values: 0xd9d8 -> 0x2d8b6bb0 -> 0x36ee80 -> 0x7b9124a11010 -> 0x36ef08 -> 0x7b9123291010 -> 0x40004 -> 0x7b9125245010   Has an Average delta: Yes   Average delta: 0x584326b3d4f6
RBX values:    Has an Average delta: No
RCX values:    Has an Average delta: No
RDX values:    Has an Average delta: No
RSI values:    Has an Average delta: No
RDI values: 0xd9d8 -> 0x36ee80 -> 0x36ef08 -> 0x40004   Has an Average delta: Yes   Average delta: 0x230166
/lib/x86_64-linux-gnu/libc.so.6, 0x7b9125000000, _IO_default_finish, 0x7b9125095f40, 60, 3
RAX values: 0x0 -> 0x0 -> 0x0   Has an Average delta: Yes   Average delta: 0x0
RBX values: 0x2d8b53f0 -> 0x2d8b53f0 -> 0x2d8b55d0 -> 0x2d8b55d0 -> 0x2d8b53f0 -> 0x2d8b53f0   Has an Average delta: Yes   Average delta: 0xc0
RCX values:    Has an Average delta: No
RDX values:    Has an Average delta: No
RSI values:    Has an Average delta: No
RDI values: 0x0 -> 0x0 -> 0x0 -> 0x0 -> 0x0 -> 0x0   Has an Average delta: Yes   Average delta: 0x0
/lib/x86_64-linux-gnu/libgomp.so.1, 0x7b9125286000, .plt, 0x7b9125291020, 60, 12
RAX values:    Has an Average delta: No
RBX values:    Has an Average delta: No
RCX values:    Has an Average delta: No
RDX values:    Has an Average delta: No
RSI values:    Has an Average delta: No
RDI values:    Has an Average delta: No
/lib64/ld-linux-x86-64.so.2, 0x7b91398fc000, fstatat, 0x7b9139921920, 60, 6
RAX values:    Has an Average delta: No
RBX values:    Has an Average delta: No
RCX values:    Has an Average delta: No
RDX values:    Has an Average delta: No
RSI values:    Has an Average delta: No
RDI values:    Has an Average delta: No
/lib/x86_64-linux-gnu/libc.so.6, 0x7b9125000000, __sbrk, 0x7b9125126ae0, 59, 2
RAX values: 0x2d8b5000 -> 0x2d8d6000   Has an Average delta: Yes   Average delta: 0x21000
RBX values: 0x21000 -> 0x2d8d6000 -> 0x290 -> 0x0 -> 0x290   Has an Average delta: Yes   Average delta: 0x16c62ca4
RCX values:    Has an Average delta: No
RDX values:    Has an Average delta: No
RSI values:    Has an Average delta: No
RDI values: 0x2d8d6000   Has an Average delta: No
/lib/x86_64-linux-gnu/libc.so.6, 0x7b9125000000, _IO_doallocbuf, 0x7b91250954d0, 58, 2
RAX values: 0x7b9125202030 -> 0x150 -> 0x7b9125202030 -> 0x150   Has an Average delta: Yes   Average delta: 0x7b9125201ee0
RBX values: 0x2d8b53f0 -> 0x2d8b53f0 -> 0x2d8b55d0 -> 0x2d8b55d0   Has an Average delta: Yes   Average delta: 0xa0
RCX values:    Has an Average delta: No
RDX values: 0x7b9125201ee0 -> 0x7b9125201ee0   Has an Average delta: Yes   Average delta: 0x0
RSI values:    Has an Average delta: No
RDI values: 0x2d8b53f0 -> 0x2d8b55d0   Has an Average delta: Yes   Average delta: 0x1e0
/lib64/ld-linux-x86-64.so.2, 0x7b91398fc000, __tls_init_tp, 0x7b9139910ed0, 57, 1
RAX values: 0x7b912593aec0 -> 0x7b912593af10 -> 0x7b9139932430 -> 0x7b9139932428 -> 0x7fff00799d10   Has an Average delta: Yes   Average delta: 0x11b76b97b98
RBX values: 0x7b912593ac00 -> 0x7b912593b520 -> 0x920 -> 0x7b912593ac00   Has an Average delta: Yes   Average delta: 0x5260c3b7c800
RCX values: 0x7b91399350c8   Has an Average delta: No
RDX values: 0x7b91399350c8   Has an Average delta: No
RSI values: 0x7fff0079990c   Has an Average delta: No
RDI values: 0x7b912593aed0 -> 0x7b912593aee0 -> 0x7b912593b520   Has an Average delta: Yes   Average delta: 0x328
/lib64/ld-linux-x86-64.so.2, 0x7b91398fc000, _dl_add_to_slotinfo, 0x7b9139910bd0, 56, 2
RAX values: 0x41 -> 0x0 -> 0x1 -> 0x41 -> 0x0 -> 0x1   Has an Average delta: Yes   Average delta: 0x27
RBX values: 0x2 -> 0x20 -> 0x7b913933cd60 -> 0x1 -> 0x10 -> 0x7b913933c2d0   Has an Average delta: Yes   Average delta: 0x4a23ef1f12b5
RCX values:    Has an Average delta: No
RDX values:    Has an Average delta: No
RSI values:    Has an Average delta: No
RDI values:    Has an Average delta: No
/lib/x86_64-linux-gnu/libc.so.6, 0x7b9125000000, _IO_new_file_init_internal, 0x7b9125091840, 52, 4
RAX values:    Has an Average delta: No
RBX values: 0x2d8b53f0 -> 0x2d8b53f0 -> 0x2d8b53f0 -> 0x2d8b53f0 -> 0x2d8b53f0 -> 0x2d8b53f0 -> 0x2d8b55d0 -> 0x11   Has an Average delta: Yes   Average delta: 0x6819ecd
RCX values:    Has an Average delta: No
RDX values:    Has an Average delta: No
RSI values:    Has an Average delta: No
RDI values:    Has an Average delta: No
/home/noam/binary_translation/ex4/ex2ref/bzip2, 0x400000, isempty_RL, 0x404ffc, 50, 5
RAX values: 0x2d8b6bb0 -> 0x2d8b6bb0 -> 0x2d8b6bb0 -> 0x2d8b6bb0 -> 0x2d8b6bb0   Has an Average delta: Yes   Average delta: 0x0
RBX values:    Has an Average delta: No
RCX values:    Has an Average delta: No
RDX values:    Has an Average delta: No
RSI values:    Has an Average delta: No
RDI values:    Has an Average delta: No
/home/noam/binary_translation/ex4/ex2ref/bzip2, 0x400000, .plt, 0x401050, 50, 25
RAX values:    Has an Average delta: No
RBX values:    Has an Average delta: No
RCX values:    Has an Average delta: No
RDX values:    Has an Average delta: No
RSI values:    Has an Average delta: No
RDI values:    Has an Average delta: No
/lib/x86_64-linux-gnu/libc.so.6, 0x7b9125000000, _IO_file_sync, 0x7b9125093010, 49, 2
RAX values:    Has an Average delta: No
RBX values: 0x2d8b55d0 -> 0x2d8b55d0 -> 0x2d8b55d0 -> 0x2d8b55d0   Has an Average delta: Yes   Average delta: 0x0
RCX values:    Has an Average delta: No
RDX values: 0x2d8c5e40 -> 0x8a0 -> 0x2d8c55a0   Has an Average delta: Yes   Average delta: 0x2d8c5150
RSI values: 0x2d8c55a0 -> 0x2d8c55a0 -> 0x0 -> 0x2d8c55a0 -> 0x2d8c55a0 -> 0x0   Has an Average delta: Yes   Average delta: 0x1b543360
RDI values:    Has an Average delta: No
/lib64/ld-linux-x86-64.so.2, 0x7b91398fc000, _dl_hwcaps_subdirs_active, 0x7b9139918e80, 49, 1
RAX values:    Has an Average delta: No
RBX values:    Has an Average delta: No
RCX values:    Has an Average delta: No
RDX values:    Has an Average delta: No
RSI values:    Has an Average delta: No
RDI values:    Has an Average delta: No
/lib/x86_64-linux-gnu/libc.so.6, 0x7b9125000000, __sysconf, 0x7b9125110050, 49, 1
RAX values: 0xc82b96c5a01a5200 -> 0xfffffffffff47f0f -> 0x7b912511049f -> 0x16   Has an Average delta: Yes   Average delta: 0x129c757438ad3d0d
RBX values: 0x7b91252daa10   Has an Average delta: No
RCX values:    Has an Average delta: No
RDX values: 0x7b91251c8590 -> 0xc82b96c5a01a5200 -> 0x0   Has an Average delta: Yes   Average delta: 0x37d4a702f273f0c8
RSI values:    Has an Average delta: No
RDI values:    Has an Average delta: No
/lib/x86_64-linux-gnu/libc.so.6, 0x7b9125000000, unlink_chunk.isra.0, 0x7b91250a9ad0, 48, 2
RAX values: 0xd9e1 -> 0xd9e0 -> 0x7b9125203b20 -> 0xede1 -> 0xede0 -> 0x7b9125203b20   Has an Average delta: Yes   Average delta: 0x4a23e312cbf3
RBX values:    Has an Average delta: No
RCX values: 0xd9e1 -> 0xede1   Has an Average delta: Yes   Average delta: 0x1400
RDX values: 0x7b9125203b20 -> 0x0 -> 0x7b9125203b20 -> 0x0   Has an Average delta: Yes   Average delta: 0x7b9125203b20
RSI values: 0x7b9125203b20 -> 0x7b9125203b20   Has an Average delta: Yes   Average delta: 0x0
RDI values:    Has an Average delta: No
/lib64/ld-linux-x86-64.so.2, 0x7b91398fc000, expand_dynamic_string_token, 0x7b9139902d90, 48, 2
RAX values:    Has an Average delta: No
RBX values: 0x7b913933c140 -> 0x0 -> 0x7b913933c160 -> 0x1   Has an Average delta: Yes   Average delta: 0x7b913933c155
RCX values:    Has an Average delta: No
RDX values:    Has an Average delta: No
RSI values:    Has an Average delta: No
RDI values: 0x7b913933c140 -> 0x7b913933c140 -> 0x7b913933c160 -> 0x7b913933c160   Has an Average delta: Yes   Average delta: 0xa
/home/noam/binary_translation/ex4/ex2ref/bzip2, 0x400000, default_bzfree, 0x404f40, 48, 4
RAX values: 0x7b9124a11010 -> 0x7b9123291010 -> 0x7b9125245010 -> 0x2d8b6bb0   Has an Average delta: Yes   Average delta: 0x293053aeb6ca
RBX values:    Has an Average delta: No
RCX values:    Has an Average delta: No
RDX values:    Has an Average delta: No
RSI values:    Has an Average delta: No
RDI values: 0x7b9124a11010 -> 0x7b9123291010 -> 0x7b9125245010 -> 0x2d8b6bb0   Has an Average delta: Yes   Average delta: 0x293053aeb6ca
/lib64/ld-linux-x86-64.so.2, 0x7b91398fc000, __rtld_mutex_init, 0x7b9139919700, 47, 1
RAX values:    Has an Average delta: No
RBX values: 0x7b913933cd60 -> 0x7b912593ac00   Has an Average delta: Yes   Average delta: 0x13a02160
RCX values: 0x7b913992a9bf -> 0x7b913992a9bf   Has an Average delta: Yes   Average delta: 0x0
RDX values: 0x7b9125000000 -> 0x7b912509fff0 -> 0x7b9125000000 -> 0x7b91250a1a70   Has an Average delta: Yes   Average delta: 0xa08c5
RSI values: 0x7b913992aa03 -> 0x7b913992aa31   Has an Average delta: Yes   Average delta: 0x2e
RDI values: 0x7b913933cd60 -> 0x7b913933cd60   Has an Average delta: Yes   Average delta: 0x0
/lib/x86_64-linux-gnu/libc.so.6, 0x7b9125000000, __pthread_key_create, 0x7b912509e820, 45, 2
RAX values: 0x0 -> 0x0 -> 0x0 -> 0x0 -> 0x1 -> 0x0 -> 0x0 -> 0x1 -> 0x10   Has an Average delta: Yes   Average delta: 0x2
RBX values:    Has an Average delta: No
RCX values: 0x1   Has an Average delta: No
RDX values: 0x7b9125205780 -> 0x7b9125205780 -> 0x7b9125205790   Has an Average delta: Yes   Average delta: 0x8
RSI values:    Has an Average delta: No
RDI values:    Has an Average delta: No
/lib64/ld-linux-x86-64.so.2, 0x7b91398fc000, _dl_sysdep_read_whole_file, 0x7b91399082d0, 45, 1
RAX values: 0x7b9138666000   Has an Average delta: No
RBX values: 0x400889   Has an Average delta: No
RCX values:    Has an Average delta: No
RDX values:    Has an Average delta: No
RSI values: 0x7fff00798cf0 -> 0x503f   Has an Average delta: Yes   Average delta: 0x7fff00793cb1
RDI values:    Has an Average delta: No
/lib/x86_64-linux-gnu/libc.so.6, 0x7b9125000000, __pthread_mutex_lock, 0x7b912509fff0, 44, 1
RAX values:    Has an Average delta: No
RBX values: 0x7b9139934000   Has an Average delta: No
RCX values:    Has an Average delta: No
RDX values:    Has an Average delta: No
RSI values:    Has an Average delta: No
RDI values:    Has an Average delta: No
/lib/x86_64-linux-gnu/libc.so.6, 0x7b9125000000, _IO_file_finish, 0x7b9125091a40, 42, 3
RAX values:    Has an Average delta: No
RBX values: 0x2d8b53f0 -> 0x2d8b53f0 -> 0x2d8b55d0 -> 0x2d8b55d0 -> 0x2d8b53f0 -> 0x2d8b53f0   Has an Average delta: Yes   Average delta: 0xc0
RCX values:    Has an Average delta: No
RDX values:    Has an Average delta: No
RSI values:    Has an Average delta: No
RDI values: 0x2d8b53f0 -> 0x2d8b55d0 -> 0x2d8b53f0   Has an Average delta: Yes   Average delta: 0x1e0
/lib/x86_64-linux-gnu/libc.so.6, 0x7b9125000000, __strchr_avx2, 0x7b912518abe0, 42, 2
RAX values:    Has an Average delta: No
RBX values:    Has an Average delta: No
RCX values:    Has an Average delta: No
RDX values:    Has an Average delta: No
RSI values:    Has an Average delta: No
RDI values:    Has an Average delta: No
/lib/x86_64-linux-gnu/libc.so.6, 0x7b9125000000, __GI__IO_unsave_markers, 0x7b9125096d80, 42, 3
RAX values:    Has an Average delta: No
RBX values: 0x2d8b53f0 -> 0x2d8b53f0 -> 0x2d8b55d0 -> 0x2d8b55d0 -> 0x2d8b53f0 -> 0x2d8b53f0   Has an Average delta: Yes   Average delta: 0xc0
RCX values:    Has an Average delta: No
RDX values:    Has an Average delta: No
RSI values:    Has an Average delta: No
RDI values: 0x0 -> 0x0 -> 0x0   Has an Average delta: Yes   Average delta: 0x0
/lib/x86_64-linux-gnu/libc.so.6, 0x7b9125000000, strncmp_ifunc, 0x7b91250b4f10, 42, 2
RAX values: 0x7b9139933aa0 -> 0x7b912518c8a0 -> 0x7b9139933aa0 -> 0x7b912518c8a0   Has an Average delta: Yes   Average delta: 0x147a7200
RBX values:    Has an Average delta: No
RCX values:    Has an Average delta: No
RDX values: 0x7b9125195380 -> 0x7b912518c8a0 -> 0x7b9125195380 -> 0x7b912518c8a0   Has an Average delta: Yes   Average delta: 0x8ae0
RSI values:    Has an Average delta: No
RDI values:    Has an Average delta: No
/lib/x86_64-linux-gnu/libc.so.6, 0x7b9125000000, __libc_start_main, 0x7b912502a200, 41, 1
RAX values: 0x7b9139933aa0 -> 0x7b912520ad58   Has an Average delta: Yes   Average delta: 0x14728d48
RBX values: 0x7fff00799d18   Has an Average delta: No
RCX values:    Has an Average delta: No
RDX values: 0x7fff00799d40 -> 0x7fff00799d18   Has an Average delta: Yes   Average delta: 0x28
RSI values: 0x7fff00799d18   Has an Average delta: No
RDI values: 0x7b9139901380 -> 0x7b91399352e0 -> 0x4040af   Has an Average delta: Yes   Average delta: 0x3dc89cab28c8
/lib/x86_64-linux-gnu/libc.so.6, 0x7b9125000000, sigaction, 0x7b91250452e0, 40, 5
RAX values:    Has an Average delta: No
RBX values:    Has an Average delta: No
RCX values:    Has an Average delta: No
RDX values:    Has an Average delta: No
RSI values:    Has an Average delta: No
RDI values:    Has an Average delta: No
/lib64/ld-linux-x86-64.so.2, 0x7b91398fc000, _dl_tls_static_surplus_init, 0x7b913990fd40, 40, 1
RAX values: 0x680   Has an Average delta: No
RBX values: 0x4 -> 0x4 -> 0x4 -> 0x41   Has an Average delta: Yes   Average delta: 0x14
RCX values: 0x200   Has an Average delta: No
RDX values: 0xc   Has an Average delta: No
RSI values: 0x7fff007998f8 -> 0x7fff007998f8   Has an Average delta: Yes   Average delta: 0x0
RDI values:    Has an Average delta: No
/lib/x86_64-linux-gnu/libc.so.6, 0x7b9125000000, __unregister_atfork, 0x7b912510e090, 40, 2
RAX values:    Has an Average delta: No
RBX values: 0x7b91252db3a0 -> 0x7b9125204fb0 -> 0x7b9125940000 -> 0x7b9125204fb0   Has an Average delta: Yes   Average delta: 0x5196da
RCX values:    Has an Average delta: No
RDX values:    Has an Average delta: No
RSI values: 0x0 -> 0x0   Has an Average delta: Yes   Average delta: 0x0
RDI values:    Has an Average delta: No
/home/noam/binary_translation/ex4/ex2ref/bzip2, 0x400000, mkCell, 0x403e7d, 39, 3
RAX values: 0x2d8b5330 -> 0x2d8b5330 -> 0x2d8b5330 -> 0x2d8b5370 -> 0x2d8b5370 -> 0x2d8b5370 -> 0x2d8b53b0 -> 0x2d8b53b0 -> 0x2d8b53b0   Has an Average delta: Yes   Average delta: 0x10
RBX values:    Has an Average delta: No
RCX values:    Has an Average delta: No
RDX values:    Has an Average delta: No
RSI values:    Has an Average delta: No
RDI values:    Has an Average delta: No
/lib64/ld-linux-x86-64.so.2, 0x7b91398fc000, _dl_find_object_init, 0x7b9139900b60, 39, 1
RAX values: 0x7 -> 0x6 -> 0xc0 -> 0x7b912593b750 -> 0x7fff007ff01e   Has an Average delta: Yes   Average delta: 0x1fffc01ffc06
RBX values: 0x0 -> 0x7b912593ac00   Has an Average delta: Yes   Average delta: 0x7b912593ac00
RCX values:    Has an Average delta: No
RDX values:    Has an Average delta: No
RSI values: 0x7   Has an Average delta: No
RDI values: 0x7b91399352e0 -> 0x7 -> 0xe0 -> 0x7b912593b690   Has an Average delta: Yes   Average delta: 0x5260ca625876
/lib/x86_64-linux-gnu/libc.so.6, 0x7b9125000000, __cxa_atexit, 0x7b91250471f0, 39, 1
RAX values:    Has an Average delta: No
RBX values: 0x7b9125204fa8 -> 0x7fff00799d18   Has an Average delta: Yes   Average delta: 0x46ddb594d70
RCX values:    Has an Average delta: No
RDX values: 0x7b9139901380 -> 0xc2b440b573bafa06 -> 0x816ae775f40d8568   Has an Average delta: Yes   Average delta: 0x3f4aca0da2c1470c
RSI values:    Has an Average delta: No
RDI values: 0x7b9125203680   Has an Average delta: No
/lib64/ld-linux-x86-64.so.2, 0x7b91398fc000, _dl_sysdep_start, 0x7b913991aec0, 37, 1
RAX values: 0x401310   Has an Average delta: No
RBX values: 0x7b913991caf0 -> 0x7b9139934ab0   Has an Average delta: Yes   Average delta: 0x17fc0
RCX values: 0x7fff00799df8   Has an Average delta: No
RDX values: 0x7b91399352d8 -> 0x7fff00799c20   Has an Average delta: Yes   Average delta: 0x46dc6e64948
RSI values: 0x7fff00799c10   Has an Average delta: No
RDI values: 0x7fff00799d40 -> 0x7b913992a445 -> 0x400040   Has an Average delta: Yes   Average delta: 0x3fff801cce80
/home/noam/binary_translation/ex4/ex2ref/bzip2, 0x400000, fileExists, 0x402875, 37, 2
RAX values: 0x61dfe0 -> 0x2d8b53f0 -> 0x61dbc0   Has an Average delta: Yes   Average delta: 0x2d297620
RBX values:    Has an Average delta: No
RCX values:    Has an Average delta: No
RDX values:    Has an Average delta: No
RSI values:    Has an Average delta: No
RDI values: 0x61dfe0 -> 0x2d8b53f0 -> 0x61dbc0   Has an Average delta: Yes   Average delta: 0x2d297620
/lib64/ld-linux-x86-64.so.2, 0x7b91398fc000, rtld_mutex_dummy, 0x7b9139910e60, 36, 12
RAX values:    Has an Average delta: No
RBX values:    Has an Average delta: No
RCX values:    Has an Average delta: No
RDX values:    Has an Average delta: No
RSI values:    Has an Average delta: No
RDI values:    Has an Average delta: No
/lib64/ld-linux-x86-64.so.2, 0x7b91398fc000, stat64, 0x7b9139921a00, 36, 6
RAX values:    Has an Average delta: No
RBX values:    Has an Average delta: No
RCX values:    Has an Average delta: No
RDX values: 0x7fff00798dc0 -> 0x7fff00798dc0 -> 0x7fff00798dc0 -> 0x7fff00798dc0 -> 0x7fff00798dc0 -> 0x7fff00798dc0   Has an Average delta: Yes   Average delta: 0x0
RSI values: 0x7fff00798d00 -> 0x7fff00798d00 -> 0x7fff00798d00 -> 0x7fff00798d00 -> 0x7fff00798d00 -> 0x7fff00798d00   Has an Average delta: Yes   Average delta: 0x0
RDI values:    Has an Average delta: No
/lib/x86_64-linux-gnu/libc.so.6, 0x7b9125000000, __memset_avx2_unaligned_erms, 0x7b9125189480, 35, 2
RAX values: 0x2d8b52a8 -> 0x2d8b52c0   Has an Average delta: Yes   Average delta: 0x18
RBX values:    Has an Average delta: No
RCX values:    Has an Average delta: No
RDX values:    Has an Average delta: No
RSI values:    Has an Average delta: No
RDI values: 0x2d8b5328   Has an Average delta: No
/home/noam/binary_translation/ex4/ex2ref/bzip2, 0x400000, __libc_csu_init, 0x418580, 34, 1
RAX values:    Has an Average delta: No
RBX values: 0x1 -> 0x7fff00799d18   Has an Average delta: Yes   Average delta: 0x7fff00799d17
RCX values:    Has an Average delta: No
RDX values: 0x7fff00799d40   Has an Average delta: No
RSI values: 0x7fff00799d18   Has an Average delta: No
RDI values:    Has an Average delta: No
/lib/x86_64-linux-gnu/libc.so.6, 0x7b9125000000, __pthread_mutex_unlock, 0x7b91250a1a70, 34, 1
RAX values:    Has an Average delta: No
RBX values:    Has an Average delta: No
RCX values:    Has an Average delta: No
RDX values:    Has an Average delta: No
RSI values:    Has an Average delta: No
RDI values:    Has an Average delta: No
/lib64/ld-linux-x86-64.so.2, 0x7b91398fc000, _dl_debug_initialize, 0x7b91398fe880, 34, 1
RAX values: 0x0 -> 0x7b91398fe820 -> 0x0 -> 0x0 -> 0x7b91399352e0 -> 0x7b9139935128   Has an Average delta: Yes   Average delta: 0x4a23ef57075e
RBX values:    Has an Average delta: No
RCX values: 0x0 -> 0x7b9139935128   Has an Average delta: Yes   Average delta: 0x7b9139935128
RDX values: 0x0 -> 0x7b9139934000   Has an Average delta: Yes   Average delta: 0x7b9139934000
RSI values:    Has an Average delta: No
RDI values:    Has an Average delta: No
/lib/x86_64-linux-gnu/libgomp.so.1, 0x7b9125286000, GOACC_get_thread_num, 0x7b91252c09f0, 33, 0
RAX values:    Has an Average delta: No
RBX values: 0x7b91252db480 -> 0x0   Has an Average delta: Yes   Average delta: 0x7b91252db480
RCX values:    Has an Average delta: No
RDX values: 0x7b91252db840   Has an Average delta: No
RSI values:    Has an Average delta: No
RDI values: 0x7b91252db480   Has an Average delta: No
/lib64/ld-linux-x86-64.so.2, 0x7b91398fc000, _dl_audit_activity_nsid, 0x7b91399169e0, 33, 3
RAX values: 0x0 -> 0x0 -> 0x7b91399352e0 -> 0x0 -> 0x0 -> 0x7b91399352e0 -> 0x0 -> 0x0 -> 0x7b91399352e0   Has an Average delta: Yes   Average delta: 0x4d3ac3fc13cc
RBX values:    Has an Average delta: No
RCX values:    Has an Average delta: No
RDX values: 0x7b9139934000 -> 0x7b9139934000 -> 0x7b9139934000   Has an Average delta: Yes   Average delta: 0x0
RSI values:    Has an Average delta: No
RDI values:    Has an Average delta: No
/lib64/ld-linux-x86-64.so.2, 0x7b91398fc000, _dl_cet_check, 0x7b9139913bc0, 33, 1
RAX values:    Has an Average delta: No
RBX values: 0x7fff007999e0   Has an Average delta: No
RCX values:    Has an Average delta: No
RDX values: 0x100000001   Has an Average delta: No
RSI values:    Has an Average delta: No
RDI values:    Has an Average delta: No
/home/noam/binary_translation/ex4/ex2ref/bzip2, 0x400000, applySavedMetaInfoToOutputFile, 0x4029f0, 33, 1
RAX values: 0x6a466ed7 -> 0x56f26bd2 -> 0x61dbc0 -> 0x61dbc0 -> 0x61dbc0   Has an Average delta: Yes   Average delta: 0x1a7924c5
RBX values:    Has an Average delta: No
RCX values:    Has an Average delta: No
RDX values: 0x7fff00799ab0   Has an Average delta: No
RSI values: 0x7fff00799ab0   Has an Average delta: No
RDI values: 0x61dbc0 -> 0x61dbc0 -> 0x61dbc0   Has an Average delta: Yes   Average delta: 0x0
/lib/x86_64-linux-gnu/libc.so.6, 0x7b9125000000, __new_exitfn, 0x7b9125047000, 33, 1
RAX values: 0x0 -> 0x0 -> 0x7b9125204fd0   Has an Average delta: Yes   Average delta: 0x3dc8929027e8
RBX values: 0x7b9125203680 -> 0x7b9125204fa8   Has an Average delta: Yes   Average delta: 0x1928
RCX values:    Has an Average delta: No
RDX values: 0x7b9125204fd0   Has an Average delta: No
RSI values: 0x7b9125204fc0   Has an Average delta: No
RDI values: 0x7b9125204fc0   Has an Average delta: No
/lib64/ld-linux-x86-64.so.2, 0x7b91398fc000, strncmp, 0x7b9139924ca0, 32, 1
RAX values: 0x11   Has an Average delta: No
RBX values:    Has an Average delta: No
RCX values: 0x6   Has an Average delta: No
RDX values: 0x1   Has an Average delta: No
RSI values:    Has an Average delta: No
RDI values:    Has an Average delta: No
/lib64/ld-linux-x86-64.so.2, 0x7b91398fc000, __set_vma_name, 0x7b9139921e10, 32, 2
RAX values:    Has an Average delta: No
RBX values: 0x7b913933c000 -> 0x140   Has an Average delta: Yes   Average delta: 0x7b913933bec0
RCX values:    Has an Average delta: No
RDX values:    Has an Average delta: No
RSI values: 0x7fff0079987c   Has an Average delta: No
RDI values:    Has an Average delta: No
/lib/x86_64-linux-gnu/libc.so.6, 0x7b9125000000, pthread_key_delete, 0x7b912509e880, 32, 2
RAX values: 0x1 -> 0x1   Has an Average delta: Yes   Average delta: 0x0
RBX values:    Has an Average delta: No
RCX values: 0x1 -> 0x1   Has an Average delta: Yes   Average delta: 0x0
RDX values: 0x7b9125205780 -> 0x7b9125205780 -> 0x7b9125205780 -> 0x7b9125205790   Has an Average delta: Yes   Average delta: 0x5
RSI values:    Has an Average delta: No
RDI values: 0x0 -> 0x10   Has an Average delta: Yes   Average delta: 0x10
/lib/x86_64-linux-gnu/libgomp.so.1, 0x7b9125286000, acc_prof_unregister, 0x7b91252cacc0, 30, 0
RAX values:    Has an Average delta: No
RBX values: 0x0   Has an Average delta: No
RCX values:    Has an Average delta: No
RDX values:    Has an Average delta: No
RSI values:    Has an Average delta: No
RDI values: 0x7b91252d0a0c   Has an Average delta: No
/lib/x86_64-linux-gnu/libc.so.6, 0x7b9125000000, __libc_start_call_main, 0x7b912502a150, 28, 1
RAX values: 0xc82b96c5a01a5200 -> 0x0 -> 0x0 -> 0x7fff00799c20 -> 0x7b912520ad58 -> 0x4040af   Has an Average delta: Yes   Average delta: 0xb2aaea4e01e8783
RBX values:    Has an Average delta: No
RCX values:    Has an Average delta: No
RDX values: 0x7fff00799d40   Has an Average delta: No
RSI values: 0x7fff00799d18   Has an Average delta: No
RDI values: 0x7fff00799c20   Has an Average delta: No
/lib64/ld-linux-x86-64.so.2, 0x7b91398fc000, _dl_debug_update, 0x7b91398fe830, 28, 4
RAX values: 0x7b9139935128 -> 0x7b9139935128 -> 0x7b9139935128 -> 0x7b9139935128   Has an Average delta: Yes   Average delta: 0x0
RBX values:    Has an Average delta: No
RCX values:    Has an Average delta: No
RDX values:    Has an Average delta: No
RSI values:    Has an Average delta: No
RDI values:    Has an Average delta: No
/lib/x86_64-linux-gnu/libc.so.6, 0x7b9125000000, __GI__IO_un_link, 0x7b9125094960, 28, 7
RAX values:    Has an Average delta: No
RBX values:    Has an Average delta: No
RCX values:    Has an Average delta: No
RDX values:    Has an Average delta: No
RSI values:    Has an Average delta: No
RDI values:    Has an Average delta: No
/lib/x86_64-linux-gnu/libc.so.6, 0x7b9125000000, __open_nocancel, 0x7b912511c8a0, 27, 1
RAX values: 0xc82b96c5a01a5200   Has an Average delta: No
RBX values:    Has an Average delta: No
RCX values:    Has an Average delta: No
RDX values: 0xc82b96c5a01a5200 -> 0x0   Has an Average delta: Yes   Average delta: 0x37d4693a5fe5ae00
RSI values: 0x7b91251d2f10   Has an Average delta: No
RDI values:    Has an Average delta: No
/lib/x86_64-linux-gnu/libc.so.6, 0x7b9125000000, utime, 0x7b912511c490, 26, 1
RAX values: 0xc82b96c5a01a5200 -> 0x6a466ed7 -> 0x56f26bd2   Has an Average delta: Yes   Average delta: 0x1bea349d6ec00fee
RBX values:    Has an Average delta: No
RCX values:    Has an Average delta: No
RDX values: 0x7fff00799ab0 -> 0x7fff00799a60 -> 0xc82b96c5a01a5200 -> 0x0   Has an Average delta: Yes   Average delta: 0x253870d14016fce5
RSI values: 0x61dbc0   Has an Average delta: No
RDI values:    Has an Average delta: No
/lib/x86_64-linux-gnu/libc.so.6, 0x7b9125000000, __init_misc, 0x7b9125129920, 26, 1
RAX values: 0x7b9125204370 -> 0x7b9125204378   Has an Average delta: Yes   Average delta: 0x8
RBX values: 0x7fff00799d18 -> 0x7b91251ffc78   Has an Average delta: Yes   Average delta: 0x46ddb59a0a0
RCX values:    Has an Average delta: No
RDX values: 0x7fff0079a9f3 -> 0x7fff0079a9f1   Has an Average delta: Yes   Average delta: 0x2
RSI values:    Has an Average delta: No
RDI values: 0x7fff0079a9f1   Has an Average delta: No
/home/noam/binary_translation/ex4/ex2ref/bzip2, 0x400000, addFlagsFromEnvVar, 0x403f51, 26, 2
RAX values: 0x41a011 -> 0x41a017   Has an Average delta: Yes   Average delta: 0x6
RBX values:    Has an Average delta: No
RCX values:    Has an Average delta: No
RDX values:    Has an Average delta: No
RSI values:    Has an Average delta: No
RDI values: 0x41a011 -> 0x41a017   Has an Average delta: Yes   Average delta: 0x6
/lib64/ld-linux-x86-64.so.2, 0x7b91398fc000, _dl_audit_objclose, 0x7b9139916cd0, 25, 5
RAX values:    Has an Average delta: No
RBX values:    Has an Average delta: No
RCX values:    Has an Average delta: No
RDX values:    Has an Average delta: No
RSI values:    Has an Average delta: No
RDI values:    Has an Average delta: No
/lib/x86_64-linux-gnu/libc.so.6, 0x7b9125000000, strlen_ifunc, 0x7b91250b4ce0, 25, 1
RAX values: 0x7b9139933aa0 -> 0x7b91250c1910 -> 0x7b912518b7c0   Has an Average delta: Yes   Average delta: 0xa49e020
RBX values:    Has an Average delta: No
RCX values:    Has an Average delta: No
RDX values: 0x7b91250c1910 -> 0x7b9125194280 -> 0x7b912518b7c0 -> 0x7b912518b7c0   Has an Average delta: Yes   Average delta: 0x49165
RSI values:    Has an Average delta: No
RDI values:    Has an Average delta: No
/home/noam/binary_translation/ex4/ex2ref/bzip2, 0x400000, fopen_output_safely, 0x4028ba, 25, 1
RAX values: 0x61dbc0 -> 0x2d8b55d0   Has an Average delta: Yes   Average delta: 0x2d297a10
RBX values:    Has an Average delta: No
RCX values:    Has an Average delta: No
RDX values: 0x419762   Has an Average delta: No
RSI values: 0x419762   Has an Average delta: No
RDI values: 0x61dbc0   Has an Average delta: No
/lib64/ld-linux-x86-64.so.2, 0x7b91398fc000, _dl_call_libc_early_init, 0x7b91398fd000, 25, 1
RAX values:    Has an Average delta: No
RBX values: 0x7b913933cd60 -> 0x31af764dc15f   Has an Average delta: Yes   Average delta: 0x49e1c2e60c01
RCX values: 0x7b9139929b35   Has an Average delta: No
RDX values: 0x7b9125000000 -> 0x7b91251854d0   Has an Average delta: Yes   Average delta: 0x1854d0
RSI values: 0x7b9139929b43   Has an Average delta: No
RDI values:    Has an Average delta: No
/lib64/ld-linux-x86-64.so.2, 0x7b91398fc000, _dl_assign_tls_modid, 0x7b913990fde0, 24, 2
RAX values: 0x1 -> 0x2   Has an Average delta: Yes   Average delta: 0x1
RBX values:    Has an Average delta: No
RCX values: 0x1 -> 0x2   Has an Average delta: Yes   Average delta: 0x1
RDX values:    Has an Average delta: No
RSI values:    Has an Average delta: No
RDI values:    Has an Average delta: No
/lib64/ld-linux-x86-64.so.2, 0x7b91398fc000, __GI___fstat64, 0x7b91399218f0, 24, 4
RAX values:    Has an Average delta: No
RBX values:    Has an Average delta: No
RCX values:    Has an Average delta: No
RDX values:    Has an Average delta: No
RSI values:    Has an Average delta: No
RDI values:    Has an Average delta: No
/lib64/ld-linux-x86-64.so.2, 0x7b91398fc000, mprotect, 0x7b9139921db0, 24, 4
RAX values:    Has an Average delta: No
RBX values:    Has an Average delta: No
RCX values:    Has an Average delta: No
RDX values:    Has an Average delta: No
RSI values:    Has an Average delta: No
RDI values:    Has an Average delta: No
/lib64/ld-linux-x86-64.so.2, 0x7b91398fc000, __GI___close_nocancel, 0x7b9139921a20, 24, 4
RAX values:    Has an Average delta: No
RBX values:    Has an Average delta: No
RCX values:    Has an Average delta: No
RDX values:    Has an Average delta: No
RSI values:    Has an Average delta: No
RDI values:    Has an Average delta: No
/lib/x86_64-linux-gnu/libc.so.6, 0x7b9125000000, __GI___close_nocancel, 0x7b912511c630, 24, 4
RAX values:    Has an Average delta: No
RBX values:    Has an Average delta: No
RCX values:    Has an Average delta: No
RDX values:    Has an Average delta: No
RSI values:    Has an Average delta: No
RDI values:    Has an Average delta: No
/lib/x86_64-linux-gnu/libc.so.6, 0x7b9125000000, .plt.got, 0x7b91250283e0, 24, 6
RAX values:    Has an Average delta: No
RBX values:    Has an Average delta: No
RCX values:    Has an Average delta: No
RDX values:    Has an Average delta: No
RSI values:    Has an Average delta: No
RDI values:    Has an Average delta: No
/lib/x86_64-linux-gnu/libc.so.6, 0x7b9125000000, fcntl64, 0x7b9125117000, 23, 1
RAX values: 0xc82b96c5a01a5200 -> 0x7fff00799a60 -> 0x7fff00799a20   Has an Average delta: Yes   Average delta: 0x1bea749cb02fa450
RBX values:    Has an Average delta: No
RCX values:    Has an Average delta: No
RDX values: 0xc82b96c5a01a5200 -> 0x0   Has an Average delta: Yes   Average delta: 0x37d4693a5fe5ae00
RSI values:    Has an Average delta: No
RDI values:    Has an Average delta: No
/lib64/ld-linux-x86-64.so.2, 0x7b91398fc000, _dl_help, 0x7b913991b270, 23, 0
RAX values: 0x401310   Has an Average delta: No
RBX values:    Has an Average delta: No
RCX values: 0x7fff00799d40   Has an Average delta: No
RDX values: 0x4 -> 0x7fff00799d18 -> 0x7b9139901380   Has an Average delta: Yes   Average delta: 0x423663b19356
RSI values: 0x4   Has an Average delta: No
RDI values: 0x7fff00799d10 -> 0x7b91399352e0   Has an Average delta: Yes   Average delta: 0x46dc6e64a30
/lib/x86_64-linux-gnu/libc.so.6, 0x7b9125000000, __strrchr_avx2, 0x7b912518d670, 22, 1
RAX values: 0x7fff0079a9f2   Has an Average delta: No
RBX values:    Has an Average delta: No
RCX values:    Has an Average delta: No
RDX values:    Has an Average delta: No
RSI values:    Has an Average delta: No
RDI values:    Has an Average delta: No
/lib/x86_64-linux-gnu/libc.so.6, 0x7b9125000000, __xstat, 0x7b912512ab60, 22, 2
RAX values:    Has an Average delta: No
RBX values:    Has an Average delta: No
RCX values:    Has an Average delta: No
RDX values:    Has an Average delta: No
RSI values: 0x7fff00799af0 -> 0x61d2c0   Has an Average delta: Yes   Average delta: 0x7fff0017c830
RDI values: 0x61dfe0 -> 0x61dfe0   Has an Average delta: Yes   Average delta: 0x0
/lib/x86_64-linux-gnu/libc.so.6, 0x7b9125000000, pthread_getaffinity_np, 0x7b912509dd30, 22, 1
RAX values: 0x8   Has an Average delta: No
RBX values:    Has an Average delta: No
RCX values:    Has an Average delta: No
RDX values: 0x8 -> 0x0   Has an Average delta: Yes   Average delta: 0x8
RSI values: 0x8   Has an Average delta: No
RDI values: 0x2d8b52a8   Has an Average delta: No
/lib/x86_64-linux-gnu/libc.so.6, 0x7b9125000000, __sigsetjmp, 0x7b9125044ed0, 22, 1
RAX values: 0x7fff00799c90 -> 0xc2b444db4a537516 -> 0x89b694a6ea2d8568 -> 0x7b912502a181 -> 0xc2b440b56f284807 -> 0x816ade50900f8568   Has an Average delta: Yes   Average delta: 0x156eafe6fad0dcab
RBX values:    Has an Average delta: No
RCX values:    Has an Average delta: No
RDX values: 0x7fff00799c00 -> 0xc2b444db4a537586 -> 0x89b694a6eb0d8568   Has an Average delta: Yes   Average delta: 0x3b24f5ac0ab60b4c
RSI values:    Has an Average delta: No
RDI values:    Has an Average delta: No
/lib/x86_64-linux-gnu/libc.so.6, 0x7b9125000000, _init_first, 0x7b912502a060, 22, 1
RAX values: 0x7b9125203000 -> 0x7b9139933aa0 -> 0x7b912520ad58   Has an Average delta: Yes   Average delta: 0x1472cbf4
RBX values: 0x7b91251ffc78   Has an Average delta: No
RCX values:    Has an Average delta: No
RDX values:    Has an Average delta: No
RSI values:    Has an Average delta: No
RDI values:    Has an Average delta: No
/lib64/ld-linux-x86-64.so.2, 0x7b91398fc000, _dl_receive_error, 0x7b91398fd3e0, 22, 1
RAX values: 0x7b913991bb20   Has an Average delta: No
RBX values: 0x0 -> 0x7fff007999e0   Has an Average delta: Yes   Average delta: 0x7fff007999e0
RCX values:    Has an Average delta: No
RDX values:    Has an Average delta: No
RSI values:    Has an Average delta: No
RDI values: 0x7fff007999e0   Has an Average delta: No
/lib/x86_64-linux-gnu/libc.so.6, 0x7b9125000000, __default_morecore, 0x7b91250aaa10, 20, 2
RAX values:    Has an Average delta: No
RBX values:    Has an Average delta: No
RCX values:    Has an Average delta: No
RDX values:    Has an Average delta: No
RSI values:    Has an Average delta: No
RDI values:    Has an Average delta: No
/home/noam/binary_translation/ex4/ex2ref/bzip2, 0x400000, strlen@plt, 0x401150, 20, 18
RAX values:    Has an Average delta: No
RBX values:    Has an Average delta: No
RCX values:    Has an Average delta: No
RDX values:    Has an Average delta: No
RSI values:    Has an Average delta: No
RDI values:    Has an Average delta: No
/lib64/ld-linux-x86-64.so.2, 0x7b91398fc000, _dl_audit_objopen, 0x7b9139916bb0, 20, 4
RAX values:    Has an Average delta: No
RBX values:    Has an Average delta: No
RCX values:    Has an Average delta: No
RDX values:    Has an Average delta: No
RSI values:    Has an Average delta: No
RDI values:    Has an Average delta: No
/lib/x86_64-linux-gnu/libc.so.6, 0x7b9125000000, __memchr_avx2, 0x7b9125188080, 19, 1
RAX values: 0x7fff00799684   Has an Average delta: No
RBX values:    Has an Average delta: No
RCX values:    Has an Average delta: No
RDX values:    Has an Average delta: No
RSI values:    Has an Average delta: No
RDI values:    Has an Average delta: No
/lib64/ld-linux-x86-64.so.2, 0x7b91398fc000, bcmp, 0x7b9139922640, 19, 1
RAX values: 0x762d34362d363878 -> 0x32762d34362d3638 -> 0x38362d36342d7632 -> 0xffffffffffffffff   Has an Average delta: Yes   Average delta: 0x2b39bc1363123d79
RBX values:    Has an Average delta: No
RCX values: 0x762d34362d363878 -> 0x33762d34362d3638 -> 0x38362d36342d7633   Has an Average delta: Yes   Average delta: 0x23bb8381fa84a11d
RDX values:    Has an Average delta: No
RSI values:    Has an Average delta: No
RDI values:    Has an Average delta: No
/lib/x86_64-linux-gnu/libc.so.6, 0x7b9125000000, strcmp_ifunc, 0x7b91250b31c0, 19, 1
RAX values: 0x7b9125193ad0 -> 0x7b912518b010   Has an Average delta: Yes   Average delta: 0x8ac0
RBX values:    Has an Average delta: No
RCX values:    Has an Average delta: No
RDX values: 0x7b9139933aa0   Has an Average delta: No
RSI values:    Has an Average delta: No
RDI values:    Has an Average delta: No
/lib/x86_64-linux-gnu/libc.so.6, 0x7b9125000000, strncpy_ifunc, 0x7b91250b4fb0, 19, 1
RAX values: 0x7b91250c65d0 -> 0x7b9125195a00 -> 0x7b912518cf00 -> 0x7b912518cf00   Has an Average delta: Yes   Average delta: 0x47fba
RBX values:    Has an Average delta: No
RCX values: 0x7b9139933aa0   Has an Average delta: No
RDX values: 0x7b91250c65d0   Has an Average delta: No
RSI values:    Has an Average delta: No
RDI values:    Has an Average delta: No
/home/noam/binary_translation/ex4/ex2ref/bzip2, 0x400000, init_RL, 0x404fdc, 18, 2
RAX values: 0x2d8b6bb0 -> 0x2d8b6bb0 -> 0x2d8b6bb0 -> 0x2d8b6bb0   Has an Average delta: Yes   Average delta: 0x0
RBX values:    Has an Average delta: No
RCX values:    Has an Average delta: No
RDX values:    Has an Average delta: No
RSI values:    Has an Average delta: No
RDI values:    Has an Average delta: No
/lib/x86_64-linux-gnu/libc.so.6, 0x7b9125000000, __fcntl64_nocancel_adjusted, 0x7b912511c7a0, 18, 1
RAX values: 0xc82b96c5a01a5200   Has an Average delta: No
RBX values:    Has an Average delta: No
RCX values:    Has an Average delta: No
RDX values: 0xc82b96c5a01a5200 -> 0x0   Has an Average delta: Yes   Average delta: 0x37d4693a5fe5ae00
RSI values:    Has an Average delta: No
RDI values:    Has an Average delta: No
/lib/x86_64-linux-gnu/libc.so.6, 0x7b9125000000, brk, 0x7b912511d7a0, 18, 2
RAX values:    Has an Average delta: No
RBX values:    Has an Average delta: No
RCX values:    Has an Average delta: No
RDX values: 0x7b912520ad70 -> 0x7b912520ad70   Has an Average delta: Yes   Average delta: 0x0
RSI values:    Has an Average delta: No
RDI values:    Has an Average delta: No
/lib/x86_64-linux-gnu/libc.so.6, 0x7b9125000000, __munmap, 0x7b9125125d70, 18, 3
RAX values:    Has an Average delta: No
RBX values:    Has an Average delta: No
RCX values:    Has an Average delta: No
RDX values:    Has an Average delta: No
RSI values:    Has an Average delta: No
RDI values:    Has an Average delta: No
/lib64/ld-linux-x86-64.so.2, 0x7b91398fc000, __read_nocancel, 0x7b9139921be0, 18, 3
RAX values:    Has an Average delta: No
RBX values:    Has an Average delta: No
RCX values:    Has an Average delta: No
RDX values:    Has an Average delta: No
RSI values:    Has an Average delta: No
RDI values:    Has an Average delta: No
/lib/x86_64-linux-gnu/libc.so.6, 0x7b9125000000, pthread_attr_init, 0x7b912509a120, 18, 1
RAX values: 0x1000   Has an Average delta: No
RBX values: 0x7b91252db7c0 -> 0x7b91252db7c0   Has an Average delta: Yes   Average delta: 0x0
RCX values:    Has an Average delta: No
RDX values:    Has an Average delta: No
RSI values:    Has an Average delta: No
RDI values:    Has an Average delta: No
/lib64/ld-linux-x86-64.so.2, 0x7b91398fc000, __tls_pre_init_tp, 0x7b9139910e70, 17, 1
RAX values: 0x7b91399350b8 -> 0x7b91399350c8 -> 0x7b91399350d8 -> 0x7b9139910e60   Has an Average delta: Yes   Average delta: 0xc0dd
RBX values:    Has an Average delta: No
RCX values:    Has an Average delta: No
RDX values:    Has an Average delta: No
RSI values:    Has an Average delta: No
RDI values:    Has an Average delta: No
/lib64/ld-linux-x86-64.so.2, 0x7b91398fc000, _dl_audit_activity_map, 0x7b9139916930, 17, 1
RAX values:    Has an Average delta: No
RBX values: 0x0 -> 0x400888   Has an Average delta: Yes   Average delta: 0x400888
RCX values:    Has an Average delta: No
RDX values:    Has an Average delta: No
RSI values:    Has an Average delta: No
RDI values:    Has an Average delta: No
/lib/x86_64-linux-gnu/libc.so.6, 0x7b9125000000, strcpy_ifunc, 0x7b91250b42c0, 17, 1
RAX values: 0x7b9139933aa0 -> 0x7b9125194030 -> 0x7b912518b570   Has an Average delta: Yes   Average delta: 0xa3d4298
RBX values:    Has an Average delta: No
RCX values:    Has an Average delta: No
RDX values:    Has an Average delta: No
RSI values:    Has an Average delta: No
RDI values:    Has an Average delta: No
/home/noam/binary_translation/ex4/ex2ref/bzip2, 0x400000, flush_RL, 0x405628, 16, 1
RAX values: 0x2d8b6bb0 -> 0x2d8b6bb0 -> 0x2d8b6bb0   Has an Average delta: Yes   Average delta: 0x0
RBX values:    Has an Average delta: No
RCX values:    Has an Average delta: No
RDX values:    Has an Average delta: No
RSI values:    Has an Average delta: No
RDI values: 0x2d8b6bb0 -> 0x2d8b6bb0   Has an Average delta: Yes   Average delta: 0x0
/lib64/ld-linux-x86-64.so.2, 0x7b91398fc000, __sbrk, 0x7b9139921300, 16, 1
RAX values: 0x2d8b5000   Has an Average delta: No
RBX values: 0x0 -> 0x7b913991caf0   Has an Average delta: Yes   Average delta: 0x7b913991caf0
RCX values:    Has an Average delta: No
RDX values:    Has an Average delta: No
RSI values:    Has an Average delta: No
RDI values:    Has an Average delta: No
/lib64/ld-linux-x86-64.so.2, 0x7b91398fc000, version_check_doit, 0x7b913991bc70, 15, 1
RAX values:    Has an Average delta: No
RBX values: 0x7fff007999e0 -> 0x0   Has an Average delta: Yes   Average delta: 0x7fff007999e0
RCX values:    Has an Average delta: No
RDX values:    Has an Average delta: No
RSI values:    Has an Average delta: No
RDI values: 0x7b91399352e0   Has an Average delta: No
/lib64/ld-linux-x86-64.so.2, 0x7b91398fc000, __minimal_free, 0x7b9139908200, 15, 3
RAX values:    Has an Average delta: No
RBX values:    Has an Average delta: No
RCX values: 0x7b913933c1c0 -> 0x7b913933c240 -> 0x7b913933c240   Has an Average delta: Yes   Average delta: 0x40
RDX values:    Has an Average delta: No
RSI values:    Has an Average delta: No
RDI values:    Has an Average delta: No
/lib64/ld-linux-x86-64.so.2, 0x7b91398fc000, _dl_sort_maps_init, 0x7b913990f370, 14, 1
RAX values:    Has an Average delta: No
RBX values:    Has an Average delta: No
RCX values:    Has an Average delta: No
RDX values:    Has an Average delta: No
RSI values: 0x7fff00799bfc   Has an Average delta: No
RDI values:    Has an Average delta: No
/lib64/ld-linux-x86-64.so.2, 0x7b91398fc000, __GI___pread64_nocancel, 0x7b9139921bb0, 14, 2
RAX values:    Has an Average delta: No
RBX values:    Has an Average delta: No
RCX values:    Has an Average delta: No
RDX values:    Has an Average delta: No
RSI values:    Has an Average delta: No
RDI values:    Has an Average delta: No
/lib64/ld-linux-x86-64.so.2, 0x7b91398fc000, _dl_hwcaps_split, 0x7b9139918f40, 13, 1
RAX values:    Has an Average delta: No
RBX values: 0x0 -> 0x0   Has an Average delta: Yes   Average delta: 0x0
RCX values:    Has an Average delta: No
RDX values:    Has an Average delta: No
RSI values:    Has an Average delta: No
RDI values:    Has an Average delta: No
/home/noam/binary_translation/ex4/ex2ref/bzip2, 0x400000, saveInputFileMetaInfo, 0x4029c3, 13, 1
RAX values: 0x61dfe0   Has an Average delta: No
RBX values:    Has an Average delta: No
RCX values:    Has an Average delta: No
RDX values:    Has an Average delta: No
RSI values:    Has an Average delta: No
RDI values: 0x61dfe0   Has an Average delta: No
/home/noam/binary_translation/ex4/ex2ref/bzip2, 0x400000, free@plt, 0x401080, 13, 11
RAX values:    Has an Average delta: No
RBX values:    Has an Average delta: No
RCX values:    Has an Average delta: No
RDX values:    Has an Average delta: No
RSI values:    Has an Average delta: No
RDI values:    Has an Average delta: No
/lib/x86_64-linux-gnu/libc.so.6, 0x7b9125000000, __call_tls_dtors, 0x7b91250476f0, 13, 1
RAX values:    Has an Average delta: No
RBX values: 0x0 -> 0x7fff00799d18   Has an Average delta: Yes   Average delta: 0x7fff00799d18
RCX values:    Has an Average delta: No
RDX values:    Has an Average delta: No
RSI values:    Has an Average delta: No
RDI values:    Has an Average delta: No
/home/noam/binary_translation/ex4/ex2ref/bzip2, 0x400000, register_tm_clones, 0x401390, 13, 1
RAX values: 0x0 -> 0x0 -> 0x0   Has an Average delta: Yes   Average delta: 0x0
RBX values:    Has an Average delta: No
RCX values:    Has an Average delta: No
RDX values: 0x0 -> 0x0   Has an Average delta: Yes   Average delta: 0x0
RSI values: 0x0 -> 0x0   Has an Average delta: Yes   Average delta: 0x0
RDI values:    Has an Average delta: No
/lib/x86_64-linux-gnu/libc.so.6, 0x7b9125000000, __sigjmp_save, 0x7b9125044f50, 13, 1
RAX values:    Has an Average delta: No
RBX values: 0x7fff00799c20 -> 0x7fff00799d18   Has an Average delta: Yes   Average delta: 0xf8
RCX values:    Has an Average delta: No
RDX values:    Has an Average delta: No
RSI values:    Has an Average delta: No
RDI values:    Has an Average delta: No
/home/noam/binary_translation/ex4/ex2ref/bzip2, 0x400000, malloc@plt, 0x401220, 13, 11
RAX values:    Has an Average delta: No
RBX values:    Has an Average delta: No
RCX values:    Has an Average delta: No
RDX values:    Has an Average delta: No
RSI values:    Has an Average delta: No
RDI values:    Has an Average delta: No
/lib/x86_64-linux-gnu/libpthread.so.0, 0x7b912593c000, __do_global_dtors_aux, 0x7b912593d0b0, 13, 1
RAX values:    Has an Average delta: No
RBX values:    Has an Average delta: No
RCX values:    Has an Average delta: No
RDX values:    Has an Average delta: No
RSI values:    Has an Average delta: No
RDI values: 0x7b9125940000   Has an Average delta: No
/lib/x86_64-linux-gnu/libc.so.6, 0x7b9125000000, __libc_strstr_ifunc, 0x7b91250b5bc0, 13, 1
RAX values: 0x7b9139933aa0 -> 0x7b91250c7e10 -> 0x7b91250c7e10   Has an Average delta: Yes   Average delta: 0xa435e48
RBX values:    Has an Average delta: No
RCX values:    Has an Average delta: No
RDX values: 0x7b91250b5830   Has an Average delta: No
RSI values:    Has an Average delta: No
RDI values:    Has an Average delta: No
/lib64/ld-linux-x86-64.so.2, 0x7b91398fc000, _dl_unload_cache, 0x7b9139913390, 13, 1
RAX values: 0x7b9138665fff   Has an Average delta: No
RBX values:    Has an Average delta: No
RCX values:    Has an Average delta: No
RDX values:    Has an Average delta: No
RSI values: 0x503f   Has an Average delta: No
RDI values: 0x7b9138666000   Has an Average delta: No
/lib/x86_64-linux-gnu/libgomp.so.1, 0x7b9125286000, acc_on_device, 0x7b91252c20c0, 12, 0
RAX values:    Has an Average delta: No
RBX values:    Has an Average delta: No
RCX values:    Has an Average delta: No
RDX values:    Has an Average delta: No
RSI values: 0x7b91252c0f20   Has an Average delta: No
RDI values: 0x7b91252db898   Has an Average delta: No
/lib/x86_64-linux-gnu/libc.so.6, 0x7b9125000000, fstat64, 0x7b91251173b0, 12, 2
RAX values:    Has an Average delta: No
RBX values:    Has an Average delta: No
RCX values:    Has an Average delta: No
RDX values:    Has an Average delta: No
RSI values:    Has an Average delta: No
RDI values:    Has an Average delta: No
/lib/x86_64-linux-gnu/libc.so.6, 0x7b9125000000, __isoc23_strtoull, 0x7b9125057b40, 12, 2
RAX values: 0xfffffffffffffee8 -> 0xfffffffffffffee8   Has an Average delta: Yes   Average delta: 0x0
RBX values:    Has an Average delta: No
RCX values:    Has an Average delta: No
RDX values:    Has an Average delta: No
RSI values:    Has an Average delta: No
RDI values:    Has an Average delta: No
/lib/x86_64-linux-gnu/libc.so.6, 0x7b9125000000, __libc_secure_getenv, 0x7b912504a8d0, 12, 2
RAX values: 0x7b9139933a48 -> 0x7b9139933a48   Has an Average delta: Yes   Average delta: 0x0
RBX values:    Has an Average delta: No
RCX values:    Has an Average delta: No
RDX values:    Has an Average delta: No
RSI values:    Has an Average delta: No
RDI values:    Has an Average delta: No
/lib/x86_64-linux-gnu/libc.so.6, 0x7b9125000000, check_stdfiles_vtables, 0x7b912502a0d0, 12, 1
RAX values: 0x7b9125202030   Has an Average delta: No
RBX values:    Has an Average delta: No
RCX values:    Has an Average delta: No
RDX values: 0x7b91252038e0 -> 0x7b91252045c0 -> 0x7b91252044e0   Has an Average delta: Yes   Average delta: 0x6e0
RSI values:    Has an Average delta: No
RDI values:    Has an Average delta: No
/home/noam/binary_translation/ex4/ex2ref/bzip2, 0x400000, _start, 0x401310, 11, 1
RAX values:    Has an Average delta: No
RBX values:    Has an Average delta: No
RCX values: 0x418580   Has an Average delta: No
RDX values: 0x7fff00799d18   Has an Average delta: No
RSI values: 0x4   Has an Average delta: No
RDI values: 0x4040af   Has an Average delta: No
/lib64/ld-linux-x86-64.so.2, 0x7b91398fc000, __rtld_malloc_init_stubs, 0x7b91399191f0, 10, 1
RAX values: 0x7b91399081c0 -> 0x7b9139908200 -> 0x7b9139908070 -> 0x7b9139908240   Has an Average delta: Yes   Average delta: 0x135
RBX values:    Has an Average delta: No
RCX values:    Has an Average delta: No
RDX values:    Has an Average delta: No
RSI values:    Has an Average delta: No
RDI values:    Has an Average delta: No
/lib/x86_64-linux-gnu/libpthread.so.0, 0x7b912593c000, register_tm_clones, 0x7b912593d070, 10, 1
RAX values: 0x0 -> 0x0   Has an Average delta: Yes   Average delta: 0x0
RBX values:    Has an Average delta: No
RCX values:    Has an Average delta: No
RDX values:    Has an Average delta: No
RSI values: 0x7b9125940008 -> 0x0 -> 0x0 -> 0x0 -> 0x0   Has an Average delta: Yes   Average delta: 0x1ee449650002
RDI values: 0x7b9125940008   Has an Average delta: No
/lib64/ld-linux-x86-64.so.2, 0x7b91398fc000, access, 0x7b91399218c0, 9, 1
RAX values:    Has an Average delta: No
RBX values:    Has an Average delta: No
RCX values:    Has an Average delta: No
RDX values:    Has an Average delta: No
RSI values:    Has an Average delta: No
RDI values:    Has an Average delta: No
/lib/x86_64-linux-gnu/libc.so.6, 0x7b9125000000, _IO_file_close, 0x7b9125093930, 9, 3
RAX values:    Has an Average delta: No
RBX values:    Has an Average delta: No
RCX values:    Has an Average delta: No
RDX values:    Has an Average delta: No
RSI values:    Has an Average delta: No
RDI values:    Has an Average delta: No
/home/noam/binary_translation/ex4/ex2ref/bzip2, 0x400000, BZ2_bsInitWrite, 0x40c8a8, 9, 1
RAX values: 0x2d8b6bb0 -> 0x2d8b6bb0   Has an Average delta: Yes   Average delta: 0x0
RBX values:    Has an Average delta: No
RCX values:    Has an Average delta: No
RDX values:    Has an Average delta: No
RSI values:    Has an Average delta: No
RDI values:    Has an Average delta: No
/lib/x86_64-linux-gnu/libc.so.6, 0x7b9125000000, get_nprocs_conf, 0x7b912511fda0, 9, 1
RAX values:    Has an Average delta: No
RBX values:    Has an Average delta: No
RCX values:    Has an Average delta: No
RDX values:    Has an Average delta: No
RSI values:    Has an Average delta: No
RDI values: 0x7b91251d2f10   Has an Average delta: No
/home/noam/binary_translation/ex4/ex2ref/bzip2, 0x400000, strstr@plt, 0x4012f0, 8, 6
RAX values:    Has an Average delta: No
RBX values:    Has an Average delta: No
RCX values:    Has an Average delta: No
RDX values:    Has an Average delta: No
RSI values:    Has an Average delta: No
RDI values:    Has an Average delta: No
/home/noam/binary_translation/ex4/ex2ref/bzip2, 0x400000, __do_global_dtors_aux, 0x4013d0, 8, 1
RAX values:    Has an Average delta: No
RBX values:    Has an Average delta: No
RCX values:    Has an Average delta: No
RDX values:    Has an Average delta: No
RSI values:    Has an Average delta: No
RDI values:    Has an Average delta: No
/home/noam/binary_translation/ex4/ex2ref/bzip2, 0x400000, stat, 0x418610, 8, 2
RAX values:    Has an Average delta: No
RBX values:    Has an Average delta: No
RCX values:    Has an Average delta: No
RDX values: 0x7fff00799af0 -> 0x61d2c0   Has an Average delta: Yes   Average delta: 0x7fff0017c830
RSI values: 0x61dfe0 -> 0x61dfe0   Has an Average delta: Yes   Average delta: 0x0
RDI values:    Has an Average delta: No
/home/noam/binary_translation/ex4/ex2ref/bzip2, 0x400000, deregister_tm_clones, 0x401360, 8, 1
RAX values: 0x7   Has an Average delta: No
RBX values:    Has an Average delta: No
RCX values:    Has an Average delta: No
RDX values:    Has an Average delta: No
RSI values:    Has an Average delta: No
RDI values:    Has an Average delta: No
/lib64/ld-linux-x86-64.so.2, 0x7b91398fc000, __brk, 0x7b91399209c0, 8, 1
RAX values:    Has an Average delta: No
RBX values:    Has an Average delta: No
RCX values:    Has an Average delta: No
RDX values:    Has an Average delta: No
RSI values:    Has an Average delta: No
RDI values:    Has an Average delta: No
/lib/x86_64-linux-gnu/libpthread.so.0, 0x7b912593c000, _init, 0x7b912593d000, 7, 1
RAX values: 0x0   Has an Average delta: No
RBX values:    Has an Average delta: No
RCX values:    Has an Average delta: No
RDX values:    Has an Average delta: No
RSI values:    Has an Average delta: No
RDI values:    Has an Average delta: No
/lib/x86_64-linux-gnu/libgomp.so.1, 0x7b9125286000, _init, 0x7b9125291000, 7, 1
RAX values: 0x0   Has an Average delta: No
RBX values:    Has an Average delta: No
RCX values:    Has an Average delta: No
RDX values:    Has an Average delta: No
RSI values:    Has an Average delta: No
RDI values:    Has an Average delta: No
/lib/x86_64-linux-gnu/libc.so.6, 0x7b9125000000, __GI___utimensat64_helper, 0x7b912511c500, 7, 1
RAX values:    Has an Average delta: No
RBX values:    Has an Average delta: No
RCX values:    Has an Average delta: No
RDX values:    Has an Average delta: No
RSI values:    Has an Average delta: No
RDI values:    Has an Average delta: No
/home/noam/binary_translation/ex4/ex2ref/bzip2, 0x400000, _fini, 0x418630, 7, 1
RAX values:    Has an Average delta: No
RBX values:    Has an Average delta: No
RCX values:    Has an Average delta: No
RDX values:    Has an Average delta: No
RSI values:    Has an Average delta: No
RDI values:    Has an Average delta: No
/lib/x86_64-linux-gnu/libc.so.6, 0x7b9125000000, exit, 0x7b9125047ba0, 7, 1
RAX values:    Has an Average delta: No
RBX values:    Has an Average delta: No
RCX values:    Has an Average delta: No
RDX values:    Has an Average delta: No
RSI values: 0x7b9125203680   Has an Average delta: No
RDI values:    Has an Average delta: No
/home/noam/binary_translation/ex4/ex2ref/bzip2, 0x400000, signal@plt, 0x4011d0, 7, 5
RAX values:    Has an Average delta: No
RBX values:    Has an Average delta: No
RCX values:    Has an Average delta: No
RDX values:    Has an Average delta: No
RSI values:    Has an Average delta: No
RDI values:    Has an Average delta: No
/home/noam/binary_translation/ex4/ex2ref/bzip2, 0x400000, strncpy@plt, 0x4010a0, 7, 5
RAX values:    Has an Average delta: No
RBX values:    Has an Average delta: No
RCX values:    Has an Average delta: No
RDX values:    Has an Average delta: No
RSI values:    Has an Average delta: No
RDI values:    Has an Average delta: No
/lib64/ld-linux-x86-64.so.2, 0x7b91398fc000, _dl_count_modids, 0x7b913990ff00, 6, 1
RAX values: 0x0   Has an Average delta: No
RBX values:    Has an Average delta: No
RCX values:    Has an Average delta: No
RDX values:    Has an Average delta: No
RSI values: 0x0   Has an Average delta: No
RDI values:    Has an Average delta: No
/lib/x86_64-linux-gnu/libc.so.6, 0x7b9125000000, __read_nocancel, 0x7b912511ca10, 6, 1
RAX values:    Has an Average delta: No
RBX values:    Has an Average delta: No
RCX values:    Has an Average delta: No
RDX values:    Has an Average delta: No
RSI values:    Has an Average delta: No
RDI values:    Has an Average delta: No
/lib/x86_64-linux-gnu/libc.so.6, 0x7b9125000000, __getpagesize, 0x7b912511f670, 6, 1
RAX values: 0x7b9139933aa0 -> 0x1000   Has an Average delta: Yes   Average delta: 0x7b9139932aa0
RBX values:    Has an Average delta: No
RCX values:    Has an Average delta: No
RDX values:    Has an Average delta: No
RSI values:    Has an Average delta: No
RDI values:    Has an Average delta: No
/home/noam/binary_translation/ex4/ex2ref/bzip2, 0x400000, containsDubiousChars, 0x402a74, 6, 1
RAX values:    Has an Average delta: No
RBX values:    Has an Average delta: No
RCX values:    Has an Average delta: No
RDX values:    Has an Average delta: No
RSI values:    Has an Average delta: No
RDI values:    Has an Average delta: No
/lib64/ld-linux-x86-64.so.2, 0x7b91398fc000, munmap, 0x7b9139921de0, 6, 1
RAX values:    Has an Average delta: No
RBX values:    Has an Average delta: No
RCX values:    Has an Average delta: No
RDX values:    Has an Average delta: No
RSI values:    Has an Average delta: No
RDI values:    Has an Average delta: No
/lib/x86_64-linux-gnu/libc.so.6, 0x7b9125000000, _Exit, 0x7b91250ee200, 6, 1
RAX values:    Has an Average delta: No
RBX values:    Has an Average delta: No
RCX values:    Has an Average delta: No
RDX values:    Has an Average delta: No
RSI values: 0xfffffffffffffef8   Has an Average delta: No
RDI values:    Has an Average delta: No
/lib64/ld-linux-x86-64.so.2, 0x7b91398fc000, __x86_cpu_features_ifunc, 0x7b91399168d0, 6, 1
RAX values:    Has an Average delta: No
RBX values:    Has an Average delta: No
RCX values:    Has an Average delta: No
RDX values:    Has an Average delta: No
RSI values:    Has an Average delta: No
RDI values:    Has an Average delta: No
/lib/x86_64-linux-gnu/libc.so.6, 0x7b9125000000, chown, 0x7b91251166e0, 6, 1
RAX values:    Has an Average delta: No
RBX values:    Has an Average delta: No
RCX values:    Has an Average delta: No
RDX values:    Has an Average delta: No
RSI values:    Has an Average delta: No
RDI values:    Has an Average delta: No
/lib/x86_64-linux-gnu/libc.so.6, 0x7b9125000000, chmod, 0x7b91251166b0, 6, 1
RAX values:    Has an Average delta: No
RBX values:    Has an Average delta: No
RCX values:    Has an Average delta: No
RDX values:    Has an Average delta: No
RSI values:    Has an Average delta: No
RDI values:    Has an Average delta: No
/lib/x86_64-linux-gnu/libc.so.6, 0x7b9125000000, __GI__IO_file_stat, 0x7b91250938e0, 6, 2
RAX values:    Has an Average delta: No
RBX values:    Has an Average delta: No
RCX values:    Has an Average delta: No
RDX values:    Has an Average delta: No
RSI values:    Has an Average delta: No
RDI values:    Has an Average delta: No
/home/noam/binary_translation/ex4/ex2ref/bzip2, 0x400000, call_gmon_start, 0x40133c, 6, 1
RAX values: 0x0   Has an Average delta: No
RBX values:    Has an Average delta: No
RCX values:    Has an Average delta: No
RDX values:    Has an Average delta: No
RSI values:    Has an Average delta: No
RDI values:    Has an Average delta: No
/home/noam/binary_translation/ex4/ex2ref/bzip2, 0x400000, strncmp@plt, 0x4010c0, 5, 3
RAX values:    Has an Average delta: No
RBX values:    Has an Average delta: No
RCX values:    Has an Average delta: No
RDX values:    Has an Average delta: No
RSI values:    Has an Average delta: No
RDI values:    Has an Average delta: No
/lib/x86_64-linux-gnu/libpthread.so.0, 0x7b912593c000, deregister_tm_clones, 0x7b912593d040, 5, 1
RAX values: 0x7b9125940008   Has an Average delta: No
RBX values:    Has an Average delta: No
RCX values:    Has an Average delta: No
RDX values:    Has an Average delta: No
RSI values:    Has an Average delta: No
RDI values: 0x7b9125940008   Has an Average delta: No
/home/noam/binary_translation/ex4/ex2ref/bzip2, 0x400000, fopen@plt, 0x401290, 5, 3
RAX values:    Has an Average delta: No
RBX values:    Has an Average delta: No
RCX values:    Has an Average delta: No
RDX values:    Has an Average delta: No
RSI values:    Has an Average delta: No
RDI values:    Has an Average delta: No
/lib64/ld-linux-x86-64.so.2, 0x7b91398fc000, _dl_audit_preinit, 0x7b9139916da0, 5, 1
RAX values:    Has an Average delta: No
RBX values:    Has an Average delta: No
RCX values:    Has an Average delta: No
RDX values:    Has an Average delta: No
RSI values:    Has an Average delta: No
RDI values:    Has an Average delta: No
/lib64/ld-linux-x86-64.so.2, 0x7b91398fc000, _dl_x86_init_cpu_features, 0x7b9139916900, 5, 1
RAX values:    Has an Average delta: No
RBX values:    Has an Average delta: No
RCX values:    Has an Average delta: No
RDX values:    Has an Average delta: No
RSI values:    Has an Average delta: No
RDI values:    Has an Average delta: No
/home/noam/binary_translation/ex4/ex2ref/bzip2, 0x400000, strcpy@plt, 0x4010d0, 5, 3
RAX values:    Has an Average delta: No
RBX values:    Has an Average delta: No
RCX values:    Has an Average delta: No
RDX values:    Has an Average delta: No
RSI values:    Has an Average delta: No
RDI values:    Has an Average delta: No
/home/noam/binary_translation/ex4/ex2ref/bzip2, 0x400000, fclose@plt, 0x401120, 5, 3
RAX values:    Has an Average delta: No
RBX values:    Has an Average delta: No
RCX values:    Has an Average delta: No
RDX values:    Has an Average delta: No
RSI values:    Has an Average delta: No
RDI values:    Has an Average delta: No
/home/noam/binary_translation/ex4/ex2ref/bzip2, 0x400000, bz_config_ok, 0x404f08, 5, 1
RAX values:    Has an Average delta: No
RBX values:    Has an Average delta: No
RCX values:    Has an Average delta: No
RDX values:    Has an Average delta: No
RSI values:    Has an Average delta: No
RDI values:    Has an Average delta: No
/lib64/ld-linux-x86-64.so.2, 0x7b91398fc000, _dl_cet_setup_features, 0x7b9139913b40, 4, 1
RAX values:    Has an Average delta: No
RBX values:    Has an Average delta: No
RCX values:    Has an Average delta: No
RDX values:    Has an Average delta: No
RSI values:    Has an Average delta: No
RDI values:    Has an Average delta: No
/lib64/ld-linux-x86-64.so.2, 0x7b91398fc000, _dl_debug_state, 0x7b91398fe820, 4, 2
RAX values:    Has an Average delta: No
RBX values:    Has an Average delta: No
RCX values:    Has an Average delta: No
RDX values:    Has an Average delta: No
RSI values:    Has an Average delta: No
RDI values:    Has an Average delta: No
/home/noam/binary_translation/ex4/ex2ref/bzip2, 0x400000, __xstat@plt, 0x401210, 4, 2
RAX values:    Has an Average delta: No
RBX values:    Has an Average delta: No
RCX values:    Has an Average delta: No
RDX values:    Has an Average delta: No
RSI values:    Has an Average delta: No
RDI values:    Has an Average delta: No
/home/noam/binary_translation/ex4/ex2ref/bzip2, 0x400000, fflush@plt, 0x401230, 4, 2
RAX values:    Has an Average delta: No
RBX values:    Has an Average delta: No
RCX values:    Has an Average delta: No
RDX values:    Has an Average delta: No
RSI values:    Has an Average delta: No
RDI values:    Has an Average delta: No
/lib/x86_64-linux-gnu/libpthread.so.0, 0x7b912593c000, _fini, 0x7b912593d108, 4, 1
RAX values:    Has an Average delta: No
RBX values:    Has an Average delta: No
RCX values:    Has an Average delta: No
RDX values:    Has an Average delta: No
RSI values:    Has an Average delta: No
RDI values:    Has an Average delta: No
/home/noam/binary_translation/ex4/ex2ref/bzip2, 0x400000, getenv@plt, 0x401060, 4, 2
RAX values:    Has an Average delta: No
RBX values:    Has an Average delta: No
RCX values:    Has an Average delta: No
RDX values:    Has an Average delta: No
RSI values:    Has an Average delta: No
RDI values:    Has an Average delta: No
/lib/x86_64-linux-gnu/libgomp.so.1, 0x7b9125286000, .fini, 0x7b91252ccce4, 4, 1
RAX values:    Has an Average delta: No
RBX values:    Has an Average delta: No
RCX values:    Has an Average delta: No
RDX values:    Has an Average delta: No
RSI values:    Has an Average delta: No
RDI values:    Has an Average delta: No
/home/noam/binary_translation/ex4/ex2ref/bzip2, 0x400000, _init, 0x401038, 4, 1
RAX values:    Has an Average delta: No
RBX values:    Has an Average delta: No
RCX values:    Has an Average delta: No
RDX values:    Has an Average delta: No
RSI values:    Has an Average delta: No
RDI values:    Has an Average delta: No
/lib/x86_64-linux-gnu/libc.so.6, 0x7b9125000000, pthread_self, 0x7b91250a36d0, 3, 1
RAX values: 0x7b912593ac00   Has an Average delta: No
RBX values:    Has an Average delta: No
RCX values:    Has an Average delta: No
RDX values:    Has an Average delta: No
RSI values:    Has an Average delta: No
RDI values:    Has an Average delta: No
/home/noam/binary_translation/ex4/ex2ref/bzip2, 0x400000, fdopen@plt, 0x401260, 3, 1
RAX values:    Has an Average delta: No
RBX values:    Has an Average delta: No
RCX values:    Has an Average delta: No
RDX values:    Has an Average delta: No
RSI values:    Has an Average delta: No
RDI values:    Has an Average delta: No
/home/noam/binary_translation/ex4/ex2ref/bzip2, 0x400000, frame_dummy, 0x4013f0, 3, 1
RAX values:    Has an Average delta: No
RBX values:    Has an Average delta: No
RCX values:    Has an Average delta: No
RDX values:    Has an Average delta: No
RSI values:    Has an Average delta: No
RDI values:    Has an Average delta: No
/home/noam/binary_translation/ex4/ex2ref/bzip2, 0x400000, __libc_start_main@plt, 0x4011b0, 3, 1
RAX values:    Has an Average delta: No
RBX values:    Has an Average delta: No
RCX values:    Has an Average delta: No
RDX values:    Has an Average delta: No
RSI values:    Has an Average delta: No
RDI values:    Has an Average delta: No
/home/noam/binary_translation/ex4/ex2ref/bzip2, 0x400000, chmod@plt, 0x401270, 3, 1
RAX values:    Has an Average delta: No
RBX values:    Has an Average delta: No
RCX values:    Has an Average delta: No
RDX values:    Has an Average delta: No
RSI values:    Has an Average delta: No
RDI values:    Has an Average delta: No
/home/noam/binary_translation/ex4/ex2ref/bzip2, 0x400000, utime@plt, 0x401070, 3, 1
RAX values:    Has an Average delta: No
RBX values:    Has an Average delta: No
RCX values:    Has an Average delta: No
RDX values:    Has an Average delta: No
RSI values:    Has an Average delta: No
RDI values:    Has an Average delta: No
/lib/x86_64-linux-gnu/libc.so.6, 0x7b9125000000, _setjmp, 0x7b9125044fa0, 3, 1
RAX values:    Has an Average delta: No
RBX values:    Has an Average delta: No
RCX values:    Has an Average delta: No
RDX values:    Has an Average delta: No
RSI values:    Has an Average delta: No
RDI values:    Has an Average delta: No
/home/noam/binary_translation/ex4/ex2ref/bzip2, 0x400000, open@plt, 0x401280, 3, 1
RAX values:    Has an Average delta: No
RBX values:    Has an Average delta: No
RCX values:    Has an Average delta: No
RDX values:    Has an Average delta: No
RSI values:    Has an Average delta: No
RDI values:    Has an Average delta: No
/home/noam/binary_translation/ex4/ex2ref/bzip2, 0x400000, chown@plt, 0x401250, 3, 1
RAX values:    Has an Average delta: No
RBX values:    Has an Average delta: No
RCX values:    Has an Average delta: No
RDX values:    Has an Average delta: No
RSI values:    Has an Average delta: No
RDI values:    Has an Average delta: No
/lib/x86_64-linux-gnu/libpthread.so.0, 0x7b912593c000, frame_dummy, 0x7b912593d0f0, 2, 1
RAX values:    Has an Average delta: No
RBX values:    Has an Average delta: No
RCX values:    Has an Average delta: No
RDX values:    Has an Average delta: No
RSI values:    Has an Average delta: No
RDI values:    Has an Average delta: No
/lib/x86_64-linux-gnu/libpthread.so.0, 0x7b912593c000, .plt.got, 0x7b912593d030, 2, 1
RAX values:    Has an Average delta: No
RBX values:    Has an Average delta: No
RCX values:    Has an Average delta: No
RDX values:    Has an Average delta: No
RSI values:    Has an Average delta: No
RDI values:    Has an Average delta: No
/lib/x86_64-linux-gnu/libgomp.so.1, 0x7b9125286000, .plt.got, 0x7b9125291770, 2, 0
RAX values:    Has an Average delta: No
RBX values:    Has an Average delta: No
RCX values:    Has an Average delta: No
RDX values:    Has an Average delta: No
RSI values:    Has an Average delta: No
RDI values:    Has an Average delta: No
/lib64/ld-linux-x86-64.so.2, 0x7b91398fc000, _dl_sysdep_start_cleanup, 0x7b913991af80, 2, 1
RAX values:    Has an Average delta: No
RBX values:    Has an Average delta: No
RCX values:    Has an Average delta: No
RDX values:    Has an Average delta: No
RSI values:    Has an Average delta: No
RDI values:    Has an Average delta: No
