/home/noamgrosman/technionCourses/binary_translation/ex1/bzip2, 0x400000, fallbackSort, 0x409c33, 2547275, 1
RAX values: 0x75ab75e47010 -> 0x0 -> 0x1 -> 0x2 -> 0x3 -> 0x4 -> 0x5 -> 0x6 -> 0x7 -> 0x8 -> 0x9 -> 0xa -> 0xb -> 0xc -> 0xd -> 0xe -> 0xf -> 0x10 -> 0x11 -> 0x12  Has an Average delta: Yes  Average delta: 0x63171fe8ca3
RBX values: 0x7ffeed95cf48  Has an Average delta: No
RCX values: 0x0 -> 0x0 -> 0x0 -> 0x4 -> 0x4 -> 0x4 -> 0x4 -> 0x4 -> 0x4 -> 0x4 -> 0x8 -> 0x14 -> 0x18 -> 0x18 -> 0x18 -> 0x18 -> 0x18 -> 0x18 -> 0x18 -> 0x18  Has an Average delta: Yes  Average delta: 0x1
RDX values: 0x0 -> 0x23 -> 0x1 -> 0x20 -> 0x2 -> 0x46 -> 0x3 -> 0x6f -> 0x4 -> 0x75 -> 0x5 -> 0x6e -> 0x6 -> 0x64 -> 0x7 -> 0x20 -> 0x8 -> 0x64 -> 0x9 -> 0x79  Has an Average delta: Yes  Average delta: 0x4c
RSI values: 0x75ab75e47010 -> 0x75ab75e47010 -> 0x75ab75e47010 -> 0x75ab75e47010 -> 0x75ab75e47010 -> 0x75ab75e47010 -> 0x75ab75e47010 -> 0x75ab75e47010 -> 0x75ab75e47010 -> 0x75ab75e47010 -> 0x75ab75e47010 -> 0x75ab75e47010 -> 0x75ab75e47010 -> 0x75ab75e47010 -> 0x75ab75e47010 -> 0x75ab75e47010 -> 0x75ab75e47010 -> 0x75ab75e47010 -> 0x75ab75e47010 -> 0x75ab75e47010  Has an Average delta: Yes  Average delta: 0x0
RDI values: 0x75ab77011010 -> 0x75ab77011010 -> 0x75ab77011010 -> 0x75ab77011010 -> 0x75ab77011010 -> 0x75ab77011010 -> 0x75ab77011010 -> 0x75ab77011010 -> 0x75ab77011010 -> 0x75ab77011010 -> 0x75ab77011010 -> 0x75ab77011010 -> 0x75ab77011010 -> 0x75ab77011010 -> 0x75ab77011010 -> 0x75ab77011010 -> 0x75ab77011010 -> 0x75ab77011010 -> 0x75ab77011010 -> 0x75ab77011010  Has an Average delta: Yes  Average delta: 0x0
/home/noamgrosman/technionCourses/binary_translation/ex1/bzip2, 0x400000, sendMTFValues, 0x40ceee, 1479734, 1
RAX values: 0x37edbb0 -> 0x75ab77011010 -> 0x37edbb0 -> 0x37edbb0 -> 0x0 -> 0x0 -> 0x0 -> 0x37edbb0 -> 0x37edbb0 -> 0x37f6ef0 -> 0x0 -> 0x0 -> 0x0 -> 0x37edbb0 -> 0x37edbb1 -> 0x37f6ef1 -> 0x0 -> 0x0 -> 0x0 -> 0x37edbb0  Has an Average delta: Yes  Average delta: 0xc62e4d7924f
RBX values: 0x7ffeed95cf48  Has an Average delta: No
RCX values: 0x37edbb0 -> 0x37edbb0 -> 0x37edbb0 -> 0x37edbb0 -> 0x37edbb0 -> 0x37edbb0 -> 0x37edbb0 -> 0x37edbb0 -> 0x37edbb0 -> 0x37edbb0 -> 0x37edbb0 -> 0x37edbb0 -> 0x37edbb0 -> 0x37edbb0 -> 0x37edbb0 -> 0x37edbb0 -> 0x37edbb0 -> 0x37edbb0 -> 0x37edbb0 -> 0x37edbb0  Has an Average delta: Yes  Average delta: 0x0
RDX values: 0x0 -> 0x1 -> 0x2 -> 0x3 -> 0x4 -> 0x5 -> 0x6 -> 0x7 -> 0x8 -> 0x9 -> 0xa -> 0xb -> 0xc -> 0xd -> 0xe -> 0xf -> 0x10 -> 0x11 -> 0x12 -> 0x13  Has an Average delta: Yes  Average delta: 0x1
RSI values: 0x0 -> 0x0 -> 0x0 -> 0x0 -> 0x0 -> 0x0 -> 0x0 -> 0x0 -> 0x0 -> 0x0 -> 0x0 -> 0x0 -> 0x0 -> 0x0 -> 0x0 -> 0x0 -> 0x0 -> 0x0 -> 0x0 -> 0x0  Has an Average delta: Yes  Average delta: 0x0
RDI values: 0x0 -> 0x0 -> 0x2 -> 0x100 -> 0x4 -> 0x200 -> 0x6 -> 0x300 -> 0x8 -> 0x400 -> 0x0 -> 0x0 -> 0x2 -> 0x100 -> 0x4 -> 0x200 -> 0x6 -> 0x300 -> 0x8 -> 0x400  Has an Average delta: Yes  Average delta: 0x1e1
/home/noamgrosman/technionCourses/binary_translation/ex1/bzip2, 0x400000, fallbackQSort3, 0x4095ec, 1288846, 1383
RAX values: 0x0 -> 0x0 -> 0x0 -> 0x0 -> 0x75ab77011010 -> 0x0 -> 0x0 -> 0x0 -> 0x0 -> 0x1e -> 0x75ab77011010 -> 0x75ab77011088 -> 0x75ab75e47010 -> 0x75ab75e49394 -> 0x6 -> 0x75ab77011010 -> 0x75ab77011028 -> 0x75ab75e47010 -> 0x75ab75e4b124 -> 0x7  Has an Average delta: Yes  Average delta: 0x2528ac513823
RBX values: 0x40 -> 0x800000 -> 0x8000000 -> 0x80000000 -> 0x8000 -> 0x1 -> 0x2 -> 0x20 -> 0x80 -> 0x400 -> 0x40000 -> 0x1000000 -> 0x8 -> 0x80000 -> 0x20000000 -> 0x4 -> 0x400000 -> 0x2000 -> 0x1000 -> 0x1  Has an Average delta: Yes  Average delta: 0x10f94359
RCX values: 0x18 -> 0x1c -> 0x20 -> 0x24 -> 0x28 -> 0x2c -> 0x30 -> 0x34 -> 0x38 -> 0x3c -> 0x40 -> 0x44 -> 0x48 -> 0x4c -> 0x50 -> 0x54 -> 0x58 -> 0x5c -> 0x60 -> 0x64  Has an Average delta: Yes  Average delta: 0x4
RDX values: 0x78 -> 0x2384 -> 0x18 -> 0x4114 -> 0x1c -> 0x40d4 -> 0x1c -> 0x1c -> 0x75ab7701102c -> 0x18 -> 0x75ab77011028 -> 0x20 -> 0x3d00 -> 0x20 -> 0x20 -> 0x75ab77011030 -> 0x1c -> 0x75ab7701102c -> 0x24 -> 0x3c4c  Has an Average delta: Yes  Average delta: 0x318b906c5797
RSI values: 0x75ab75e47010 -> 0x75ab75e47010 -> 0x75ab75e47010 -> 0x75ab75e47010 -> 0x75ab75e47010 -> 0x75ab75e47010 -> 0x75ab75e47010 -> 0x75ab75e47010 -> 0x75ab75e47010 -> 0x75ab75e47010 -> 0x75ab75e47010 -> 0x75ab75e47010 -> 0x75ab75e47010 -> 0x75ab75e47010 -> 0x75ab75e47010 -> 0x75ab75e47010 -> 0x75ab75e47010 -> 0x75ab75e47010 -> 0x75ab75e47010 -> 0x75ab75e47010  Has an Average delta: Yes  Average delta: 0x0
RDI values: 0x75ab77011010 -> 0x75ab77011010 -> 0x75ab77011010 -> 0x75ab77011010 -> 0x75ab77011010 -> 0x75ab77011010 -> 0x75ab77011010 -> 0x75ab77011010 -> 0x75ab77011010 -> 0x75ab77011010 -> 0x75ab77011010 -> 0x75ab77011010 -> 0x75ab77011010 -> 0x75ab77011010 -> 0x75ab77011010 -> 0x75ab77011010 -> 0x75ab77011010 -> 0x75ab77011010 -> 0x75ab77011010 -> 0x75ab77011010  Has an Average delta: Yes  Average delta: 0x0
/home/noamgrosman/technionCourses/binary_translation/ex1/bzip2, 0x400000, BZ2_hbMakeCodeLengths, 0x417d54, 960949, 20
RAX values: 0x0 -> 0x37f8d38 -> 0x37f8d38 -> 0x0 -> 0x37f8d38 -> 0x37f8d38 -> 0x1 -> 0x37f8d38 -> 0x37f8d3c -> 0x1 -> 0x37f8d38 -> 0x37f8d3c -> 0x2 -> 0x37f8d38 -> 0x37f8d40 -> 0x2 -> 0x37f8d38 -> 0x37f8d40 -> 0x3 -> 0x37f8d38  Has an Average delta: Yes  Average delta: 0x264bef2
RBX values:   Has an Average delta: No
RCX values: 0x0 -> 0x0 -> 0x4 -> 0x4 -> 0x8 -> 0x8 -> 0xc -> 0xc -> 0x10 -> 0x10 -> 0x14 -> 0x14 -> 0x18 -> 0x18 -> 0x1c -> 0x1c -> 0x20 -> 0x20 -> 0x24 -> 0x24  Has an Average delta: Yes  Average delta: 0x1
RDX values: 0x1 -> 0x2 -> 0x3 -> 0x4 -> 0x5 -> 0x6 -> 0x7 -> 0x8 -> 0x9 -> 0xa -> 0xb -> 0xc -> 0xd -> 0xe -> 0xf -> 0x10 -> 0x11 -> 0x12 -> 0x13 -> 0x14  Has an Average delta: Yes  Average delta: 0x1
RSI values:   Has an Average delta: No
RDI values:   Has an Average delta: No
/home/noamgrosman/technionCourses/binary_translation/ex1/bzip2, 0x400000, fallbackSimpleSort, 0x4093f0, 424864, 1847
RAX values: 0x1 -> 0x75ab77011010 -> 0x75ab77011014 -> 0x1f4 -> 0x75ab75e47010 -> 0x75ab75e477e0 -> 0x5 -> 0x75ab77011010 -> 0x75ab77011024 -> 0x75ab75e47010 -> 0x75ab75e47438 -> 0x5 -> 0x1 -> 0x75ab77011010 -> 0x0 -> 0x75ab77011010 -> 0x75ab77011010 -> 0x1070 -> 0x75ab75e47010 -> 0x75ab75e4b1d0  Has an Average delta: Yes  Average delta: 0x441fe667e55a
RBX values:   Has an Average delta: No
RCX values: 0x10 -> 0x8 -> 0xc -> 0x290 -> 0x30c -> 0x320 -> 0x324 -> 0x334 -> 0x330 -> 0x4b8 -> 0x4b8 -> 0x4a8 -> 0x4ac -> 0xf70 -> 0xf74 -> 0xdf8 -> 0xe00 -> 0xdfc -> 0xec4 -> 0xeb8  Has an Average delta: Yes  Average delta: 0xf2
RDX values: 0x4 -> 0x7d0 -> 0x14 -> 0x428 -> 0x4 -> 0x75ab77011014 -> 0x0 -> 0x41c0 -> 0x10 -> 0x54c -> 0x0 -> 0x75ab77011010 -> 0x10 -> 0x75ab77011020 -> 0x10 -> 0x41c0 -> 0x14 -> 0x428 -> 0x10 -> 0x75ab77011020  Has an Average delta: Yes  Average delta: 0x2b5a1e5ec523
RSI values:   Has an Average delta: No
RDI values:   Has an Average delta: No
/home/noamgrosman/technionCourses/binary_translation/ex1/bzip2, 0x400000, copy_input_until_stop, 0x40565c, 384560, 3
RAX values: 0x37edbb0 -> 0x37edbb0 -> 0x37edbb0 -> 0x37edbb0 -> 0x37edb48 -> 0x37edbb0 -> 0x37edb48 -> 0x7ffeed95b950 -> 0x37edbb0 -> 0x37edbb0 -> 0x37edbb0 -> 0x37edbb0 -> 0x37edbb0 -> 0x37edbb0 -> 0x37edbb0 -> 0x37edb48 -> 0x37edbb0 -> 0x37edb48 -> 0x37edbb0 -> 0x37edb48  Has an Average delta: Yes  Average delta: 0xd79261d5ae3
RBX values:   Has an Average delta: No
RCX values:   Has an Average delta: No
RDX values: 0x7ffeed95b950 -> 0x7ffeed95b951 -> 0x37edbb0 -> 0x75ab75e47010 -> 0x75ab75e47010 -> 0x7ffeed95b951 -> 0x7ffeed95b952 -> 0x37edbb0 -> 0x75ab75e47010 -> 0x75ab75e47011 -> 0x7ffeed95b952 -> 0x7ffeed95b953 -> 0x37edbb0 -> 0x75ab75e47010 -> 0x75ab75e47012 -> 0x7ffeed95b953 -> 0x7ffeed95b954 -> 0x37edbb0 -> 0x75ab75e47010 -> 0x75ab75e47013  Has an Average delta: Yes  Average delta: 0x35597736310b
RSI values:   Has an Average delta: No
RDI values: 0x37edbb0 -> 0x37edbb0 -> 0x37edbb0 -> 0x37edbb0 -> 0x37edbb0 -> 0x37edbb0 -> 0x37edbb0 -> 0x37edbb0 -> 0x37edbb0 -> 0x37edbb0 -> 0x37edbb0 -> 0x37edbb0 -> 0x37edbb0 -> 0x37edbb0 -> 0x37edbb0 -> 0x37edbb0 -> 0x37edbb0 -> 0x37edbb0 -> 0x37edbb0 -> 0x37edbb0  Has an Average delta: Yes  Average delta: 0x0
/home/noamgrosman/technionCourses/binary_translation/ex1/bzip2, 0x400000, generateMTFValues, 0x40cb2c, 266623, 1
RAX values: 0x37edbb0 -> 0x75ab77011010 -> 0x37edbb0 -> 0x75ab75e47010 -> 0x37edbb0 -> 0x75ab77011010 -> 0x37edbb0 -> 0x37edbb0 -> 0x37edbb0 -> 0x37edbb0 -> 0x37edbb0 -> 0x37edbb0 -> 0x37edbb0 -> 0x37edbb0 -> 0x37edbb0 -> 0x37edbb0 -> 0x37edbb0 -> 0x37edbb0 -> 0x37edbb0 -> 0x37edbb0  Has an Average delta: Yes  Average delta: 0x2528ab18a161
RBX values: 0x7ffeed95b671 -> 0x7ffeed95b672 -> 0x7ffeed95b673 -> 0x7ffeed95b674 -> 0x7ffeed95b675 -> 0x7ffeed95b676 -> 0x7ffeed95b677 -> 0x7ffeed95b678 -> 0x7ffeed95b679 -> 0x7ffeed95b67a -> 0x7ffeed95b67b -> 0x7ffeed95b67c -> 0x7ffeed95b67d -> 0x7ffeed95b67e -> 0x7ffeed95b67f -> 0x7ffeed95b680 -> 0x7ffeed95b681 -> 0x7ffeed95b682 -> 0x7ffeed95b671 -> 0x7ffeed95b672  Has an Average delta: Yes  Average delta: 0x1
RCX values: 0x7ffeed95b682 -> 0x12 -> 0x13 -> 0xbb -> 0x7ffeed95b67e -> 0xe -> 0xf -> 0xb7 -> 0x7ffeed95b692 -> 0x22 -> 0x23 -> 0xcb -> 0x7ffeed95b672 -> 0x2 -> 0x3 -> 0xab -> 0x7ffeed95b672 -> 0x2 -> 0x3 -> 0xab  Has an Average delta: Yes  Average delta: 0x3ca12d2bf822
RDX values: 0x0 -> 0xa8 -> 0x1 -> 0xa9 -> 0x2 -> 0xaa -> 0x3 -> 0xab -> 0x4 -> 0xac -> 0x5 -> 0xad -> 0x6 -> 0xae -> 0x7 -> 0xaf -> 0x8 -> 0xb0 -> 0x9 -> 0xb1  Has an Average delta: Yes  Average delta: 0xa7
RSI values:   Has an Average delta: No
RDI values: 0x37edbb0  Has an Average delta: No
/home/noamgrosman/technionCourses/binary_translation/ex1/bzip2, 0x400000, bsW, 0x40c94c, 130586, 2648
RAX values: 0x37edbb0 -> 0x37edbb0 -> 0x37edbb0 -> 0x37edbb0 -> 0x37edbb0 -> 0x37edbb0 -> 0x37edbb0 -> 0x37edbb0 -> 0x37edbb0 -> 0x0 -> 0x37edbb0 -> 0x37edbb0 -> 0x37edbb0 -> 0x37edbb0 -> 0x37edbb0 -> 0x37edbb0 -> 0x37edbb0 -> 0x37edbb0 -> 0x37edbb0 -> 0x37edbb0  Has an Average delta: Yes  Average delta: 0x5e3212
RBX values: 0x7ffeed95cf48 -> 0x7ffeed95cf48 -> 0x7ffeed95cf48 -> 0x7ffeed95cf48 -> 0x7ffeed95cf48 -> 0x7ffeed95cf48 -> 0x7ffeed95cf48 -> 0x7ffeed95cf48 -> 0x7ffeed95cf48 -> 0x7ffeed95cf48 -> 0x7ffeed95cf48 -> 0x7ffeed95cf48 -> 0x7ffeed95cf48 -> 0x7ffeed95cf48 -> 0x7ffeed95cf48 -> 0x7ffeed95cf48 -> 0x7ffeed95cf48 -> 0x7ffeed95cf48 -> 0x7ffeed95cf48 -> 0x7ffeed95cf48  Has an Average delta: Yes  Average delta: 0x0
RCX values:   Has an Average delta: No
RDX values: 0x75ab75e480e5 -> 0x75ab75e480e5 -> 0x75ab75e480e5 -> 0x75ab75e480e6 -> 0x75ab75e480e5 -> 0x75ab75e480e7 -> 0x75ab75e480e5 -> 0x75ab75e480e8 -> 0x75ab75e480e5 -> 0x75ab75e480e9 -> 0x75ab75e480e5 -> 0x75ab75e480ea -> 0x75ab75e480e5 -> 0x75ab75e480eb -> 0x75ab75e480e5 -> 0x75ab75e480ec -> 0x75ab75e480e5 -> 0x75ab75e480ed -> 0x75ab75e480e5 -> 0x75ab75e480ee  Has an Average delta: Yes  Average delta: 0x4
RSI values:   Has an Average delta: No
RDI values:   Has an Average delta: No
/home/noamgrosman/technionCourses/binary_translation/ex1/bzip2, 0x400000, add_pair_to_block, 0x405388, 67179, 376
RAX values: 0x37edbb0 -> 0x37edbb0 -> 0x37edbb0 -> 0x37edbb0 -> 0x37edbb0 -> 0x37edbb0 -> 0x37edbb0 -> 0x37edbb0 -> 0x37edbb0 -> 0x37edbb0 -> 0x37edbb0 -> 0x37edbb0 -> 0x37edbb0 -> 0x37edbb0 -> 0x1b -> 0x37edbb0 -> 0x37edbb0 -> 0x37edbb0 -> 0x37edbb0 -> 0x1c  Has an Average delta: Yes  Average delta: 0x8d4b17
RBX values:   Has an Average delta: No
RCX values:   Has an Average delta: No
RDX values: 0x37edbb0 -> 0x75ab75e47010 -> 0x75ab75e4702b -> 0x75ab75e47010 -> 0x75ab75e4702c -> 0x37edbb0 -> 0x75ab75e47010 -> 0x75ab75e47031 -> 0x75ab75e47010 -> 0x75ab75e47032 -> 0x37edbb0 -> 0x75ab75e47010 -> 0x75ab75e47053 -> 0x75ab75e47010 -> 0x75ab75e47054 -> 0x37edbb0 -> 0x75ab75e47010 -> 0x75ab75e47084 -> 0x75ab75e47010 -> 0x75ab75e47085  Has an Average delta: Yes  Average delta: 0x2b5a1cac295e
RSI values:   Has an Average delta: No
RDI values:   Has an Average delta: No
/lib64/ld-linux-x86-64.so.2, 0x75ab8b9ca000, do_lookup_x, 0x75ab8b9d4530, 64517, 145
RAX values: 0x75ab8ba038c0 -> 0x7ffeed9f5430 -> 0x7ffeed9f5000 -> 0x7ffeed9f5300 -> 0x2004111b024c1 -> 0x2004111 -> 0x7ffeed9f5188 -> 0x7ffeed95ca24 -> 0x7ffeed9f51b4 -> 0x24 -> 0x9 -> 0x7ffeed95cb00 -> 0x75ab8ba038c0 -> 0x7ffeed9f5430 -> 0x7ffeed9f5000 -> 0x7ffeed9f5300 -> 0x2004111b024c1 -> 0x2004111b024c1 -> 0x7ffeed9f5188 -> 0x7ffeed95ca24  Has an Average delta: Yes  Average delta: 0x6d792def862d
RBX values: 0x75ab8ba038c0 -> 0x75ab8ba00370 -> 0x75ab8ba038c0 -> 0x75ab8ba00370 -> 0x75ab8ba038c0 -> 0x75ab8ba00370 -> 0x75ab8ba038c0 -> 0x75ab8ba00370 -> 0x75ab8ba038c0 -> 0x75ab8ba00370 -> 0x75ab8ba032e0 -> 0x75ab8a8662d0 -> 0x75ab8a866820 -> 0x75ab8a866d60 -> 0x75ab8a867ab0 -> 0x75ab8ba032e0 -> 0x75ab8a8662d0 -> 0x75ab8a866820 -> 0x75ab8a866d60 -> 0x75ab8a867ab0  Has an Average delta: Yes  Average delta: 0x2c9c2c
RCX values: 0x7ffeed95ca28 -> 0x7ffeed9f52a0 -> 0x7ffeed95ca28 -> 0x7ffeed9f51f8 -> 0x7ffeed95ca28 -> 0x7ffeed9f5258 -> 0x7ffeed95ca28 -> 0x7ffeed9f52d0 -> 0x7ffeed95ca28 -> 0x7ffeed9f5228 -> 0x5f0 -> 0x662 -> 0x6620 -> 0x6685 -> 0x66850 -> 0x668c3 -> 0x7ffeed95c8f8 -> 0x75ab77a19570 -> 0x730 -> 0x7a6  Has an Average delta: Yes  Average delta: 0x1435b9be590a
RDX values: 0x7ffeed9f5420 -> 0x7ffeed9f5178 -> 0x2004111b024c1 -> 0x8010446c093 -> 0x4011 -> 0x7ffeed9f5190 -> 0x1b -> 0x75ab8ba00370 -> 0x7ffeed9f5420 -> 0x7ffeed9f5178 -> 0x2004111b024c1 -> 0x2004111b -> 0x1 -> 0x7ffeed9f5190 -> 0x6 -> 0x75ab8ba00370 -> 0x7ffeed9f5420 -> 0x7ffeed9f5178 -> 0x2004111b024c1 -> 0x200411  Has an Average delta: Yes  Average delta: 0xb5f96e777e01
RSI values: 0x1c8 -> 0x7ffeed9f51c8 -> 0x7ffeed95cc10 -> 0x1c8 -> 0x7ffeed9f51c8 -> 0x7ffeed95cc10 -> 0x1c8 -> 0x7ffeed9f51c8 -> 0x7ffeed95cc10 -> 0x1c8 -> 0x7ffeed9f51c8 -> 0x7ffeed95cc10 -> 0x1c8 -> 0x7ffeed9f51c8 -> 0x7ffeed95cc10 -> 0x4003c0 -> 0x75ab77a19570 -> 0x75ab77cacdc8 -> 0x75ab783614f8 -> 0x75ab77a095e0  Has an Average delta: Yes  Average delta: 0x498f328db855
RDI values: 0x75ab8b9f8ec5 -> 0x75ab8b9f8eda -> 0x75ab8b9f8eee -> 0x75ab8b9f8efa -> 0x75ab8b9f8f08 -> 0x7ffeed95c8f4 -> 0x75ab77a22b97 -> 0x75ab77a22b97 -> 0x7ffeed95c8f4 -> 0x75ab77a1dd10 -> 0x75ab77a1dd10 -> 0x7ffeed95c8f4 -> 0x75ab77a1be47 -> 0x75ab77a1be47 -> 0x7ffeed95c8f4 -> 0x75ab77a1c2bb -> 0x75ab77a1c2bb -> 0x75ab77a1c2bb -> 0x75ab77a1c2bb -> 0x7ffeed95c8f4  Has an Average delta: Yes  Average delta: 0x4e42958b4f9
/home/noamgrosman/technionCourses/binary_translation/ex1/bzip2, 0x400000, copy_output_until_stop, 0x4059f2, 53381, 1
RAX values: 0x37edbb0 -> 0x37edb48 -> 0x37edbb0 -> 0x37edbb0 -> 0x37edbb0 -> 0x37edb48 -> 0x37ec7b8 -> 0x37edbb0 -> 0x37edbb0 -> 0x37edbb0 -> 0x37edb48 -> 0x37edbb0 -> 0x37edb48 -> 0x37edbb0 -> 0x37edb48 -> 0x37edbb0 -> 0x37edb48 -> 0x37edbb0 -> 0x37edb48 -> 0x37edbb0  Has an Average delta: Yes  Average delta: 0x25b
RBX values:   Has an Average delta: No
RCX values: 0x75ab75e480e5 -> 0x75ab75e480e5 -> 0x75ab75e480e5 -> 0x75ab75e480e5 -> 0x75ab75e480e5 -> 0x75ab75e480e5 -> 0x75ab75e480e5 -> 0x75ab75e480e5 -> 0x75ab75e480e5 -> 0x75ab75e480e5 -> 0x75ab75e480e5 -> 0x75ab75e480e5 -> 0x75ab75e480e5 -> 0x75ab75e480e5 -> 0x75ab75e480e5 -> 0x75ab75e480e5 -> 0x75ab75e480e5 -> 0x75ab75e480e5 -> 0x75ab75e480e5 -> 0x75ab75e480e5  Has an Average delta: Yes  Average delta: 0x0
RDX values: 0x37edbb0 -> 0x37edbb0 -> 0x0 -> 0x75ab75e480e5 -> 0x37ec7b8 -> 0x37ec7b9 -> 0x37edbb0 -> 0x37edbb0 -> 0x1 -> 0x75ab75e480e6 -> 0x37ec7b9 -> 0x37ec7ba -> 0x37edbb0 -> 0x37edbb0 -> 0x2 -> 0x75ab75e480e7 -> 0x37ec7ba -> 0x37ec7bb -> 0x37edbb0 -> 0x37edbb0  Has an Average delta: Yes  Average delta: 0x2528abf7576d
RSI values:   Has an Average delta: No
RDI values:   Has an Average delta: No
/home/noamgrosman/technionCourses/binary_translation/ex1/bzip2, 0x400000, BZ2_hbAssignCodes, 0x418294, 33896, 5
RAX values: 0x37f6efc -> 0x37f6efc -> 0x0 -> 0x37f7508 -> 0x37f6efc -> 0x37f6efd -> 0x37f6efc -> 0x37f6efe -> 0x37f6efc -> 0x37f6eff -> 0x37f6efc -> 0x37f6f00 -> 0x37f6efc -> 0x37f6f01 -> 0x37f6efc -> 0x37f6f02 -> 0x37f6efc -> 0x37f6f03 -> 0x37f6efc -> 0x37f6f04  Has an Average delta: Yes  Average delta: 0x5e423a
RBX values:   Has an Average delta: No
RCX values:   Has an Average delta: No
RDX values: 0x0 -> 0x0 -> 0x37f7508 -> 0x1 -> 0x2 -> 0x3 -> 0x4 -> 0x5 -> 0x6 -> 0x7 -> 0x8 -> 0x9 -> 0xa -> 0xb -> 0xc -> 0xd -> 0xe -> 0xf -> 0x10 -> 0x11  Has an Average delta: Yes  Average delta: 0x5e4237
RSI values:   Has an Average delta: No
RDI values:   Has an Average delta: No
/lib64/ld-linux-x86-64.so.2, 0x75ab8b9ca000, _dl_relocate_object, 0x75ab8b9d9240, 30205, 6
RAX values: 0x0 -> 0x75ab8ba02ab0 -> 0x75ab77c02af0 -> 0x75ab77a27290 -> 0x75ab77c02b00 -> 0x1ffc60 -> 0x75ab77bffc60 -> 0x913800001fdf811d -> 0x489c00000fefc08e -> 0x244e000007f7e047 -> 0x1227000003fbf023 -> 0x913800001fdf811 -> 0x489c00000fefc08 -> 0x244e000007f7e04 -> 0x1227000003fbf02 -> 0x913800001fdf81 -> 0x489c00000fefc0 -> 0x244e000007f7e0 -> 0x1227000003fbf0 -> 0x913800001fdf8  Has an Average delta: Yes  Average delta: 0xd78e1da005a9ec0
RBX values: 0x75ab77a264c8 -> 0x75ab77a264e0 -> 0x75ab77a264f8 -> 0x75ab77a26510 -> 0x75ab77a26528 -> 0x75ab77a26540 -> 0x75ab77a26558 -> 0x75ab77a26570 -> 0x75ab77a26588 -> 0x75ab77a265a0 -> 0x75ab77a265b8 -> 0x75ab77a265d0 -> 0x75ab77a265e8 -> 0x75ab77a26600 -> 0x75ab77a26618 -> 0x75ab77a26630 -> 0x75ab77a26648 -> 0x75ab77a26660 -> 0x75ab77a26678 -> 0x75ab77a26690  Has an Average delta: Yes  Average delta: 0x18
RCX values: 0x75ab77bffc68 -> 0x75ab77bffc70 -> 0x75ab77bffc78 -> 0x75ab77bffc80 -> 0x75ab77bffc88 -> 0x75ab77bffc90 -> 0x75ab77bffc98 -> 0x75ab77bffca0 -> 0x75ab77bffca8 -> 0x75ab77bffcb0 -> 0x75ab77bffcb8 -> 0x75ab77bffcc0 -> 0x75ab77bffcc8 -> 0x75ab77bffcd0 -> 0x75ab77bffcd8 -> 0x75ab77bffce0 -> 0x75ab77bffce8 -> 0x75ab77bffcf0 -> 0x75ab77bffcf8 -> 0x75ab77bffd00  Has an Average delta: Yes  Average delta: 0x8
RDX values: 0xeb56ef427290 -> 0x75ab77a27290 -> 0x75ab77a27298 -> 0x75ab77a272a0 -> 0x75ab77a272a8 -> 0x75ab77a272b0 -> 0x75ab77a272b8 -> 0x75ab77a272c0 -> 0x75ab77a272c8 -> 0x75ab77a272d0 -> 0x75ab77a272d8 -> 0x75ab77a272e0 -> 0x75ab77a272e8 -> 0x75ab77a272f0 -> 0x75ab77a272f8 -> 0x75ab77a27300 -> 0x75ab77a27308 -> 0x75ab77a27310 -> 0x75ab77a27318 -> 0x75ab77a27320  Has an Average delta: Yes  Average delta: 0x6317215e515
RSI values: 0x100 -> 0x75ab77a27390 -> 0x810 -> 0xeb56ef4095e0 -> 0x75ab77a24630 -> 0x7ffeed95caf0 -> 0x75ab77a00000 -> 0x75ab77bffc68 -> 0x75ab8a866d60 -> 0x75ab77a00000 -> 0x75ab77c02d80 -> 0x75ab77c02d80 -> 0x75ab77a00000 -> 0x75ab77c02d88 -> 0x75ab77c02d88 -> 0x75ab77a00000 -> 0x75ab77c02d90 -> 0x75ab77c02d90 -> 0x75ab77a00000 -> 0x75ab77c02d98  Has an Average delta: Yes  Average delta: 0x200d7ec67b32
RDI values: 0x75ab77bffc68 -> 0x75ab77bffe60 -> 0x75ab77c00058 -> 0x75ab77c00250 -> 0x75ab77c00448 -> 0x75ab77c00640 -> 0x75ab77c00838 -> 0x75ab77c00a30 -> 0x75ab77c00c28 -> 0x75ab77c00e20 -> 0x75ab77c01018 -> 0x75ab77c01210 -> 0x75ab77c01408 -> 0x75ab77c01600 -> 0x75ab77c017f8 -> 0x75ab77c019f0 -> 0x75ab77c01be8 -> 0x75ab77c01de0 -> 0x75ab77c01fd8 -> 0x75ab77c021d0  Has an Average delta: Yes  Average delta: 0x1f8
/lib64/ld-linux-x86-64.so.2, 0x75ab8b9ca000, _dl_lookup_symbol_x, 0x75ab8b9d50d0, 26150, 145
RAX values: 0x75ab8ba03c90 -> 0x0 -> 0x7ffeed95cc10 -> 0x75ab8ba00370 -> 0x75ab8ba038c0 -> 0x75ab8ba03c90 -> 0x0 -> 0x7ffeed95cc10 -> 0x75ab8ba00370 -> 0x75ab8ba038c0 -> 0x75ab8ba03c90 -> 0x0 -> 0x7ffeed95cc10 -> 0x75ab8ba00370 -> 0x75ab8ba038c0 -> 0x75ab8ba03c90 -> 0x0 -> 0x7ffeed95cc10 -> 0x75ab8ba00370 -> 0x75ab8ba038c0  Has an Average delta: Yes  Average delta: 0x35e499ee52d3
RBX values: 0x75ab8ba00370 -> 0x75ab8b9f8ec5 -> 0x7ffeed95cc10 -> 0x75ab8ba00370 -> 0x75ab8b9f8eda -> 0x7ffeed95cc10 -> 0x75ab8ba00370 -> 0x75ab8b9f8eee -> 0x7ffeed95cc10 -> 0x75ab8ba00370 -> 0x75ab8b9f8efa -> 0x7ffeed95cc10 -> 0x75ab8ba00370 -> 0x75ab8b9f8f08 -> 0x7ffeed95cc10 -> 0x75ab8a867ab0 -> 0x75ab77a22b97 -> 0x75ab77a264c8 -> 0x75ab8a867ab0 -> 0x75ab77a1dd10  Has an Average delta: Yes  Average delta: 0x56f4412cc36
RCX values: 0x75ab8b9f8ec5 -> 0x75ab8b9f8ec7 -> 0x75ab8b9f8ec9 -> 0x75ab8b9f8ecb -> 0x75ab8b9f8ecd -> 0x75ab8b9f8ecf -> 0x75ab8b9f8ed1 -> 0x75ab8b9f8ed3 -> 0x75ab8b9f8ed5 -> 0x75ab8b9f8ed7 -> 0x75ab8b9f8ed9 -> 0x7ffeed95cc10 -> 0x7ffeed95cc10 -> 0x75ab8b9f8eda -> 0x75ab8b9f8edc -> 0x75ab8b9f8ede -> 0x75ab8b9f8ee0 -> 0x75ab8b9f8ee2 -> 0x75ab8b9f8ee4 -> 0x75ab8b9f8ee6  Has an Average delta: Yes  Average delta: 0x1164034de07
RDX values: 0x7ffeed95caf8 -> 0x0 -> 0x7ffeed95caf8 -> 0x0 -> 0x7ffeed95caf8 -> 0x0 -> 0x7ffeed95caf8 -> 0x0 -> 0x7ffeed95caf8 -> 0x0 -> 0x7ffeed95c9c8 -> 0x0 -> 0x7ffeed95c9c8 -> 0x0 -> 0x7ffeed95c9c8 -> 0x0 -> 0x7ffeed95c9c8 -> 0x0 -> 0x7ffeed95c9c8 -> 0x0  Has an Average delta: Yes  Average delta: 0x7ffeed95ca58
RSI values: 0x7ffeed95cb00 -> 0x7ffeed95cc00 -> 0x7ffeed95cb00 -> 0x7ffeed95cc00 -> 0x7ffeed95cb00 -> 0x7ffeed95cc00 -> 0x7ffeed95cb00 -> 0x7ffeed95cc00 -> 0x7ffeed95cb00 -> 0x7ffeed95cc00 -> 0x7ffeed95c9d0 -> 0x7ffeed95caf8 -> 0x7ffeed95c9d0 -> 0x7ffeed95caf8 -> 0x7ffeed95c9d0 -> 0x7ffeed95caf8 -> 0x7ffeed95c9d0 -> 0x7ffeed95caf8 -> 0x7ffeed95c9d0 -> 0x7ffeed95caf8  Has an Average delta: Yes  Average delta: 0x122
RDI values: 0x7ffeed95caf8 -> 0x75ab8b9f8ec5 -> 0x7ffeed9f52a0 -> 0x7ffeed95caf8 -> 0x75ab8b9f8eda -> 0x7ffeed9f51f8 -> 0x7ffeed95caf8 -> 0x75ab8b9f8eee -> 0x7ffeed9f5258 -> 0x7ffeed95caf8 -> 0x75ab8b9f8efa -> 0x7ffeed9f52d0 -> 0x7ffeed95caf8 -> 0x75ab8b9f8f08 -> 0x7ffeed9f5228 -> 0x7ffeed95c9c8 -> 0x75ab77a22b97 -> 0x75ab77a19570 -> 0x7ffeed95c9c8 -> 0x75ab77a1dd10  Has an Average delta: Yes  Average delta: 0x710a484bc47
/lib64/ld-linux-x86-64.so.2, 0x75ab8b9ca000, check_match, 0x75ab8b9d4390, 16137, 362
RAX values: 0x0 -> 0x7ffeed9f52a0 -> 0x0 -> 0x7ffeed9f51f8 -> 0x0 -> 0x7ffeed9f5258 -> 0x0 -> 0x7ffeed9f52d0 -> 0x0 -> 0x7ffeed9f5228 -> 0x75ab77a24630 -> 0x8002 -> 0x75ab8a867a80 -> 0x75ab8a867ab0 -> 0x75ab77a19570 -> 0x75ab77a24630 -> 0x8002 -> 0x75ab8a867a80 -> 0x75ab8a867ab0 -> 0x75ab77a1b058  Has an Average delta: Yes  Average delta: 0x55f21aaafdaa
RBX values: 0x7ffeed9f52a0 -> 0x75ab8ba038c0 -> 0x7ffeed9f51f8 -> 0x75ab8ba038c0 -> 0x7ffeed9f5258 -> 0x75ab8ba038c0 -> 0x7ffeed9f52d0 -> 0x75ab8ba038c0 -> 0x7ffeed9f5228 -> 0x75ab8ba038c0 -> 0x400828 -> 0x75ab8ba032e0 -> 0x75ab77a19570 -> 0x75ab8a866d60 -> 0x400708 -> 0x75ab8ba032e0 -> 0x75ab77a1b058 -> 0x75ab8a866d60 -> 0x4003d8 -> 0x75ab8ba032e0  Has an Average delta: Yes  Average delta: 0x2a0cd7ac6d8c
RCX values:   Has an Average delta: No
RDX values: 0x6 -> 0x6 -> 0x6 -> 0x6 -> 0x6 -> 0x15 -> 0x63 -> 0x6 -> 0x6 -> 0x6 -> 0x6 -> 0x6 -> 0x6 -> 0x6 -> 0x6 -> 0x6 -> 0x6 -> 0x6 -> 0x15 -> 0x6  Has an Average delta: Yes  Average delta: 0xb
RSI values: 0x75ab8b9f8ec5 -> 0x75ab8b9f8eda -> 0x75ab8b9f8eee -> 0x75ab8b9f8efa -> 0x75ab8b9f8f08 -> 0x75ab77a24470 -> 0x75ab77a24470 -> 0x75ab77a24470 -> 0x75ab77a24470 -> 0x75ab77a24470 -> 0x75ab77a1db9e -> 0x75ab77a24622 -> 0x75ab77a245c3 -> 0x75ab77a24470 -> 0x75ab77a1d80a -> 0x75ab77a24470 -> 0x75ab77a1da21 -> 0x75ab77a24470 -> 0x75ab77a1dd35 -> 0x75ab77a24470  Has an Average delta: Yes  Average delta: 0x10d8176
RDI values: 0x7ffeed9f5321 -> 0x0 -> 0x7ffeed9f5301 -> 0x0 -> 0x7ffeed9f5315 -> 0x0 -> 0x7ffeed9f534a -> 0x0 -> 0x7ffeed9f5336 -> 0x0 -> 0x75ab77a24470 -> 0x75ab77a24470 -> 0x75ab77a24470 -> 0x75ab77a24470 -> 0x75ab77a24470 -> 0x75ab8b9caaa9 -> 0x75ab8b9cac0c -> 0x75ab77a245c3 -> 0x75ab77a24470 -> 0x40099e  Has an Average delta: Yes  Average delta: 0x4904137389d4
/lib64/ld-linux-x86-64.so.2, 0x75ab8b9ca000, __GI___tunables_init, 0x75ab8b9df8b0, 15762, 1
RAX values: 0x2 -> 0x3 -> 0x4 -> 0x5 -> 0x6 -> 0x7ffeed95d2b8 -> 0x2 -> 0x3 -> 0x4 -> 0x5 -> 0x6 -> 0x7 -> 0x8 -> 0x9 -> 0xa -> 0xb -> 0xc -> 0xd -> 0xe -> 0xf  Has an Average delta: Yes  Average delta: 0xd79267b8f72
RBX values: 0x75ab8ba00440 -> 0x75ab8b9eaaf0  Has an Average delta: Yes  Average delta: 0x15950
RCX values: 0x1 -> 0x2 -> 0x3 -> 0x4 -> 0x5 -> 0x7ffeed95d2b8 -> 0x7ffeed95d2b8 -> 0x7ffeed95d2b8 -> 0x7ffeed95d2b8 -> 0x7ffeed95d2b8 -> 0x7ffeed95d2b8 -> 0x7ffeed95d2b8 -> 0x7ffeed95d2b8 -> 0x7ffeed95d2b8 -> 0x7ffeed95d2b8 -> 0x7ffeed95d2b8 -> 0x7ffeed95d2b8 -> 0x7ffeed95d2b8 -> 0x7ffeed95d2b8 -> 0x7ffeed95d2b8  Has an Average delta: Yes  Average delta: 0x6bc933dc7b8
RDX values: 0x75ab8ba004a9 -> 0x75ab8ba00531 -> 0x75ab8ba005b9 -> 0x75ab8ba00641 -> 0x75ab8ba006c9 -> 0x75ab8ba00751 -> 0x75ab8ba007d9 -> 0x75ab8ba00861 -> 0x75ab8ba008e9 -> 0x75ab8ba00971 -> 0x75ab8ba009f9 -> 0x75ab8ba00a81 -> 0x75ab8ba00b09 -> 0x75ab8ba00b91 -> 0x75ab8ba00c19 -> 0x75ab8ba00ca1 -> 0x75ab8ba00d29 -> 0x75ab8ba00db1 -> 0x75ab8ba00e39 -> 0x75ab8ba00ec1  Has an Average delta: Yes  Average delta: 0x88
RSI values: 0x75ab8b9f8302 -> 0x75ab8b9f8302 -> 0x75ab8b9f8302 -> 0x75ab8b9f8302 -> 0x75ab8b9f8302 -> 0x75ab8b9f8302 -> 0x75ab8b9f8302 -> 0x75ab8b9f8302 -> 0x75ab8b9f8302 -> 0x75ab8b9f8302 -> 0x75ab8b9f8302 -> 0x75ab8b9f8302 -> 0x75ab8b9f8302 -> 0x75ab8b9f8302 -> 0x75ab8b9f8302 -> 0x75ab8b9f8302 -> 0x75ab8b9f8302 -> 0x75ab8b9f8302 -> 0x75ab8b9f8302 -> 0x75ab8b9f8302  Has an Average delta: Yes  Average delta: 0x0
RDI values:   Has an Average delta: No
/home/noamgrosman/technionCourses/binary_translation/ex1/bzip2, 0x400000, BZ2_blockSort, 0x40c679, 14959, 1
RAX values: 0x37edbb0 -> 0x75ab77011010 -> 0x37edbb0 -> 0x75ab75e47010 -> 0x37edbb0 -> 0x75ab77c6a010 -> 0x37edbb0 -> 0x37edbb0 -> 0x37edbb0 -> 0x37edbb0 -> 0x37edbb0 -> 0x75ab77011010 -> 0x37edbb0 -> 0x37edbb0 -> 0x0 -> 0x75ab77011010 -> 0x75ab77011010 -> 0x37edbb0 -> 0x1 -> 0x75ab77011010  Has an Average delta: Yes  Average delta: 0x441fe541fa0b
RBX values:   Has an Average delta: No
RCX values:   Has an Average delta: No
RDX values: 0x75ab77c6a010 -> 0x0 -> 0x4 -> 0x8 -> 0xc -> 0x10 -> 0x14 -> 0x18 -> 0x1c -> 0x20 -> 0x24 -> 0x28 -> 0x2c -> 0x30 -> 0x34 -> 0x38 -> 0x3c -> 0x40 -> 0x44 -> 0x48  Has an Average delta: Yes  Average delta: 0x6317217ed7d
RSI values: 0x75ab75e47010  Has an Average delta: No
RDI values: 0x75ab77011010  Has an Average delta: No
/lib64/ld-linux-x86-64.so.2, 0x75ab8b9ca000, strcmp, 0x75ab8b9f14e0, 14571, 391
RAX values: 0x0 -> 0x21 -> 0x1 -> 0x15 -> 0xa -> 0x10 -> 0x36 -> 0xe -> 0x9 -> 0x9 -> 0x9 -> 0x9 -> 0x9 -> 0x9 -> 0x9 -> 0x9 -> 0x9 -> 0x19 -> 0x19 -> 0x22  Has an Average delta: Yes  Average delta: 0xb
RBX values:   Has an Average delta: No
RCX values: 0x1 -> 0x5 -> 0x1a -> 0x2e -> 0x3a -> 0x10 -> 0x8 -> 0x10 -> 0x38 -> 0x38 -> 0x0 -> 0x0 -> 0x1 -> 0x1 -> 0x31 -> 0x31 -> 0x31 -> 0x5 -> 0xe -> 0x2b  Has an Average delta: Yes  Average delta: 0x12
RDX values: 0x0 -> 0x4 -> 0x3 -> 0xb -> 0x7 -> 0xb -> 0x0 -> 0x0 -> 0x0 -> 0x0 -> 0x1 -> 0x1 -> 0x2 -> 0x2 -> 0x2 -> 0x0 -> 0x1 -> 0x3 -> 0x0 -> 0x0  Has an Average delta: Yes  Average delta: 0x2
RSI values: 0x75ab8b9f8ed5 -> 0x75ab8b9f8ed0 -> 0x75ab8b9f8ed5 -> 0x75ab8b9f8eea -> 0x75ab8b9f8ee0 -> 0x75ab8b9f8eea -> 0x75ab8b9f8ef0 -> 0x75ab8b9f8f00 -> 0x75ab8b9f8f00 -> 0x75ab8b9f8f10 -> 0x75ab8ba038b0 -> 0x400880 -> 0x400889 -> 0x75ab8ba038b8 -> 0x75ab8ba038b0 -> 0x400880 -> 0x400889 -> 0x75ab8ba038b8 -> 0x7ffeed9f5370 -> 0x400880  Has an Average delta: Yes  Average delta: 0x200d7fd5e28d
RDI values: 0x7ffeed9f5331 -> 0x7ffeed9f5330 -> 0x7ffeed9f5331 -> 0x7ffeed9f5311 -> 0x7ffeed9f5310 -> 0x7ffeed9f5311 -> 0x7ffeed9f5340 -> 0x7ffeed9f5350 -> 0x7ffeed9f5330 -> 0x7ffeed9f533e -> 0x400880 -> 0x75ab8ba038b0 -> 0x75ab8ba038b8 -> 0x400889 -> 0x400880 -> 0x75ab8ba038b0 -> 0x75ab8ba038b8 -> 0x400889 -> 0x400880 -> 0x7ffeed9f5370  Has an Average delta: Yes  Average delta: 0x263ef2f5dc2a
/lib64/ld-linux-x86-64.so.2, 0x75ab8b9ca000, _dl_check_map_versions, 0x75ab8b9dfc90, 7405, 6
RAX values: 0x400888 -> 0x0 -> 0x0 -> 0x0 -> 0x400ac5 -> 0x75ab8a8662d0 -> 0x7ffeed95cf48 -> 0x75ab8b9f7cb5 -> 0x75ab77cffe08 -> 0x75ab8ba01aa0 -> 0x75ab77cffeb8 -> 0x400ac4 -> 0x75ab8a8662d0 -> 0x7ffeed95cf48 -> 0x75ab8b9f7cb5 -> 0x75ab77cffe08 -> 0x75ab8ba01aa0 -> 0x75ab77cffeb8 -> 0x400888 -> 0x0  Has an Average delta: Yes  Average delta: 0x1af2511f8f4a
RBX values: 0x0 -> 0x400889 -> 0x400b60 -> 0x400b70 -> 0x40093c -> 0x400b90 -> 0x40095d -> 0x400bb0 -> 0x400bc0 -> 0x0 -> 0x75ab8ba032e0 -> 0x7ffeed9f5460 -> 0x75ab8ba038c0 -> 0x75ab77cffeb8 -> 0x75ab77cb3318 -> 0x75ab77cb3e88 -> 0x75ab77cb3e98 -> 0x75ab77cb3ea8 -> 0x75ab77cb3eb8 -> 0x75ab77cb3ec8  Has an Average delta: Yes  Average delta: 0x747b46b2374
RCX values: 0x400888 -> 0x75ab8ba02000 -> 0x400888 -> 0x400888 -> 0x75ab8ba02000 -> 0x400888 -> 0x75ab8ba02000 -> 0x400888 -> 0x400888 -> 0x400888 -> 0x400888 -> 0x300 -> 0x7ffeed9f5300 -> 0x7ffeed9f5300 -> 0x75ab77cb0698 -> 0x75ab8ba02000 -> 0x75ab77cb0698 -> 0x75ab77cb0698 -> 0x75ab77cb0698 -> 0x75ab77cb0698  Has an Average delta: Yes  Average delta: 0x2c70693e3b07
RDX values: 0x61c2a0 -> 0x400b50 -> 0x400b50 -> 0x8970 -> 0x75ab77cb3970 -> 0x8970 -> 0x75ab77cb3970 -> 0x920 -> 0x75ab78361920 -> 0x25ed8 -> 0x75ab77a25ed8 -> 0x25ed8 -> 0x75ab77a25ed8 -> 0x0 -> 0x7ffeed9f5420 -> 0x3a8 -> 0x7ffeed9f53a8 -> 0x7ffeed9f53c4 -> 0x7ffeed9f5000 -> 0x7ffeed9f53a8  Has an Average delta: Yes  Average delta: 0x52242eb3b783
RSI values: 0x75ab8ba032e0 -> 0x75ab8ba032e0 -> 0x75ab8ba038c0 -> 0x75ab8a8662d0 -> 0x75ab8a8662d0 -> 0x75ab77cb334a -> 0x75ab77cb3349 -> 0x75ab8ba032e0 -> 0x75ab8ba032e0 -> 0x75ab8ba038c0 -> 0x75ab8a8662d0 -> 0x75ab8a866820 -> 0x75ab8a866820 -> 0x75ab78361840 -> 0x75ab8ba032e0 -> 0x75ab8ba032e0 -> 0x75ab8ba038c0 -> 0x75ab8a8662d0 -> 0x75ab8a866820 -> 0x75ab8a866d60  Has an Average delta: Yes  Average delta: 0x4306eff
RDI values: 0x400889 -> 0x400889 -> 0x400889 -> 0x400ac5 -> 0x400ac4 -> 0x40093c -> 0x40093c -> 0x40093c -> 0x40093c -> 0x400acd -> 0x40095d -> 0x40095d -> 0x40095d -> 0x40095d -> 0x40095d -> 0x400ad9 -> 0x400acd -> 0x75ab8a867360 -> 0x75ab8a867410 -> 0x75ab77cb3318  Has an Average delta: Yes  Average delta: 0x631740d9022
/lib64/ld-linux-x86-64.so.2, 0x75ab8b9ca000, _dl_map_object_from_fd, 0x75ab8b9d1a20, 4052, 3
RAX values: 0x830 -> 0x0 -> 0x2e0 -> 0x7ffeed95c198 -> 0x2af -> 0x0 -> 0x7ffeed95bcc7 -> 0x7ffeed95bcc0 -> 0x7ffeed95c198 -> 0xfff -> 0x7ffeed95c198 -> 0x7ffeed95c1d0 -> 0x7ffeed95c208 -> 0x7ffeed95c240 -> 0x7ffeed95c278 -> 0x7ffeed95c2b0 -> 0x7ffeed95c2e8 -> 0x7ffeed95c320 -> 0x7ffeed95c358 -> 0x7ffeed95c390  Has an Average delta: Yes  Average delta: 0x21aee034e0f5
RBX values: 0x75ab8ba032e0 -> 0x60 -> 0x54 -> 0x2a0 -> 0x1000 -> 0xfffffffffffff000 -> 0x1 -> 0x2 -> 0x3 -> 0x4 -> 0x70000029 -> 0x2d -> 0x70000029 -> 0x2c -> 0x70000029 -> 0x2b -> 0x70000029 -> 0x2a -> 0x70000029 -> 0x39  Has an Average delta: Yes  Average delta: 0x631ae15eb10
RCX values: 0xc8e0 -> 0x75ab8ba032e0 -> 0x40 -> 0x2af -> 0x2a0 -> 0x1 -> 0x2 -> 0x3 -> 0x4 -> 0x7ffeed95bcc0 -> 0xb000 -> 0xb000 -> 0xb000 -> 0xa398 -> 0x7ffeed95bcc0 -> 0x46cf1 -> 0x7ffeed95bcc0 -> 0x53c40 -> 0x7ffeed95bcc0 -> 0x55a10  Has an Average delta: Yes  Average delta: 0x424780338e88
RDX values: 0x0 -> 0x0 -> 0x0 -> 0x60 -> 0x54 -> 0x2a0 -> 0x7ffeed95c438 -> 0x0 -> 0x1 -> 0x2 -> 0x3 -> 0x0 -> 0x75ab77d00a10 -> 0x348 -> 0x75ab77cffd78 -> 0x75ab77cffd88 -> 0x75ab77cffd98 -> 0x75ab77cffda8 -> 0x75ab77cffdb8 -> 0x75ab77cffdc8  Has an Average delta: Yes  Average delta: 0x200d7cc4d1e3
RSI values: 0x7ffeed95bff0 -> 0x75ab8ba02000 -> 0x400889 -> 0x7ffeed95bf60 -> 0x7ffeed95bf60 -> 0x1000 -> 0x0 -> 0xa398 -> 0x1000 -> 0xb000 -> 0x46cf1 -> 0x1000 -> 0x47000 -> 0x53c40 -> 0x1000 -> 0x54a00 -> 0x55a10 -> 0x1000 -> 0x54d78 -> 0x200  Has an Average delta: Yes  Average delta: 0x1435b9b4c46f
RDI values: 0x75ab8a8662a0 -> 0x0 -> 0x0 -> 0x0 -> 0x0 -> 0x7ffeed95bcc0 -> 0x7ffeed95bcc0 -> 0xb000 -> 0x0 -> 0x8 -> 0x7 -> 0x7ffeed95bcf8 -> 0x7ffeed95bcc0 -> 0x47000 -> 0x0 -> 0x10 -> 0xe -> 0x7ffeed95bd30 -> 0x7ffeed95bcc0 -> 0x54a00  Has an Average delta: Yes  Average delta: 0x2e9ce686ec21
/lib64/ld-linux-x86-64.so.2, 0x75ab8b9ca000, _dl_fixup, 0x75ab8b9dcaf0, 3758, 37
RAX values: 0x75ab77cffe18 -> 0x75ab77cab000 -> 0x75ab77cfff08 -> 0x75ab8a867460 -> 0x75ab77a00000 -> 0x75ab77b10050 -> 0x75ab77cffe18 -> 0x75ab77cab000 -> 0x75ab77cfff08 -> 0x75ab8a867460 -> 0x75ab77a00000 -> 0x75ab77aad670 -> 0x75ab77cffe18 -> 0x75ab77cab000 -> 0x75ab77cfff08 -> 0x75ab8a867460 -> 0x75ab77a00000 -> 0x75ab77aa36d0 -> 0x75ab77cffe18 -> 0x75ab77cab000  Has an Average delta: Yes  Average delta: 0x5f9e334
RBX values: 0x75ab8a8662d0 -> 0x7ffeed95cd60 -> 0x75ab8a8662d0 -> 0x7ffeed95cd40 -> 0x75ab8a8662d0 -> 0x7ffeed95cd60 -> 0x75ab8a8662d0 -> 0x7ffeed95cd60 -> 0x75ab8a8662d0 -> 0x7ffeed95cd60 -> 0x75ab8a8662d0 -> 0x7ffeed95cd40 -> 0x75ab8a8662d0 -> 0x7ffeed95cd90 -> 0x75ab8a8662d0 -> 0x7ffeed95cd90 -> 0x75ab8a8662d0 -> 0x7ffeed95cd90 -> 0x75ab8a8662d0 -> 0x7ffeed95cd90  Has an Average delta: Yes  Average delta: 0xa53630f6a9a
RCX values: 0x105 -> 0x74 -> 0x74 -> 0x75ab77cb3524 -> 0x72 -> 0x75ab8a866670 -> 0xbd -> 0x5e -> 0x5e -> 0x75ab77cb350e -> 0x72 -> 0x75ab8a866670 -> 0xf3 -> 0x70 -> 0x70 -> 0x75ab77cb3520 -> 0x72 -> 0x75ab8a866670 -> 0x12c -> 0x8c  Has an Average delta: Yes  Average delta: 0x4a515f0c4bd1
RDX values: 0x75ab77cffe08 -> 0x75ab77cffe78 -> 0x75ab77cb48b8 -> 0x3a00000007 -> 0x3a -> 0xae -> 0x75ab77cad338 -> 0x7ffeed95c330 -> 0x75ab77a0b650 -> 0x0 -> 0x75ab77cffe08 -> 0x75ab77cffe78 -> 0x75ab77cb48b8 -> 0x2f00000007 -> 0x2f -> 0x8d -> 0x75ab77cad230 -> 0x7ffeed95c330 -> 0x75ab77a13f30 -> 0x0  Has an Average delta: Yes  Average delta: 0x2d86a3405eb9
RSI values: 0x3a00000007 -> 0x7ffeed95c330 -> 0x75ab8a8662d0 -> 0x2f00000007 -> 0x7ffeed95c330 -> 0x75ab8a8662d0 -> 0x3800000007 -> 0x7ffeed95c330 -> 0x75ab8a8662d0 -> 0x4600000007 -> 0x7ffeed95c330 -> 0x75ab8a8662d0 -> 0x1400000007 -> 0x7ffeed95c330 -> 0x75ab8a8662d0 -> 0x2300000007 -> 0x7ffeed95c330 -> 0x75ab8a8662d0 -> 0xc00000007 -> 0x7ffeed95c370  Has an Average delta: Yes  Average delta: 0x5777294b858b
RDI values: 0x75ab77cb0698 -> 0x75ab77cb0698 -> 0x75ab77cb08e9 -> 0x75ab77cb0698 -> 0x75ab77cb0698 -> 0x75ab77cb254e -> 0x75ab77cb0698 -> 0x75ab77cb0698 -> 0x75ab77cb1978 -> 0x75ab77cb0698 -> 0x75ab77cb0698 -> 0x75ab77cb1ad6 -> 0x75ab77cb0698 -> 0x75ab77cb0698 -> 0x75ab77cb1ac5 -> 0x75ab77cb0698 -> 0x75ab77cb0698 -> 0x75ab77cb2c6b -> 0x75ab77cb0698 -> 0x75ab77cb0698  Has an Average delta: Yes  Average delta: 0xdb3
/home/noamgrosman/technionCourses/binary_translation/ex1/bzip2, 0x400000, makeMaps_e, 0x40cac2, 3239, 1
RAX values: 0x37edbb0 -> 0x0 -> 0x37edbb0 -> 0x0 -> 0x37edbb0 -> 0x37edbb0 -> 0x1 -> 0x2 -> 0x37edbb0 -> 0x2 -> 0x37edbb0 -> 0x37edbb0 -> 0x3 -> 0x37edbb0 -> 0x3 -> 0x37edbb0 -> 0x37edbb0 -> 0x4 -> 0x37edbb0 -> 0x4  Has an Average delta: Yes  Average delta: 0x2c27789
RBX values:   Has an Average delta: No
RCX values:   Has an Average delta: No
RDX values: 0x37edbb0 -> 0x37edbb0 -> 0x37edbb0 -> 0x37edbb0 -> 0x37edbb0 -> 0x37edbb0 -> 0x37edbb0 -> 0x37edbb0 -> 0x37edbb0 -> 0x37edbb0 -> 0x37edbb0 -> 0x37edbb0 -> 0x37edbb0 -> 0x37edbb0 -> 0x37edbb0 -> 0x37edbb0 -> 0x37edbb0 -> 0x37edbb0 -> 0x37edbb0 -> 0x37edbb0  Has an Average delta: Yes  Average delta: 0x0
RSI values:   Has an Average delta: No
RDI values:   Has an Average delta: No
/lib64/ld-linux-x86-64.so.2, 0x75ab8b9ca000, _dl_cache_libcmp, 0x75ab8b9e0630, 2277, 28
RAX values:   Has an Average delta: No
RBX values:   Has an Average delta: No
RCX values:   Has an Average delta: No
RDX values:   Has an Average delta: No
RSI values: 0x400895 -> 0x40094b -> 0x400966  Has an Average delta: Yes  Average delta: 0x68
RDI values: 0x40088a -> 0x40088b -> 0x40088c -> 0x40088a -> 0x40088b -> 0x40088c -> 0x40088a -> 0x40088b -> 0x40088c -> 0x40088a -> 0x40088b -> 0x40088c -> 0x40088d -> 0x40088e -> 0x40088a -> 0x40088b -> 0x40088c -> 0x40088d -> 0x40088a -> 0x40088b  Has an Average delta: Yes  Average delta: 0x1
/home/noamgrosman/technionCourses/binary_translation/ex1/bzip2, 0x400000, prepare_new_block, 0x404f65, 1814, 1
RAX values: 0x37edbb0 -> 0x37edbb0 -> 0x37edbb0 -> 0x37edbb0 -> 0x0 -> 0x1 -> 0x2 -> 0x3 -> 0x4 -> 0x5 -> 0x6 -> 0x7 -> 0x8 -> 0x9 -> 0xa -> 0xb -> 0xc -> 0xd -> 0xe -> 0xf  Has an Average delta: Yes  Average delta: 0x2f190a
RBX values:   Has an Average delta: No
RCX values:   Has an Average delta: No
RDX values: 0x37edbb0 -> 0x37edbb0 -> 0x37edbb0 -> 0x37edbb0 -> 0x37edbb0 -> 0x37edbb0 -> 0x37edbb0 -> 0x37edbb0 -> 0x37edbb0 -> 0x37edbb0 -> 0x37edbb0 -> 0x37edbb0 -> 0x37edbb0 -> 0x37edbb0 -> 0x37edbb0 -> 0x37edbb0 -> 0x37edbb0 -> 0x37edbb0 -> 0x37edbb0 -> 0x37edbb0  Has an Average delta: Yes  Average delta: 0x0
RSI values:   Has an Average delta: No
RDI values:   Has an Average delta: No
/lib64/ld-linux-x86-64.so.2, 0x75ab8b9ca000, _dl_map_object_deps, 0x75ab8b9cca40, 1727, 1
RAX values: 0x6 -> 0x47 -> 0x4 -> 0x40 -> 0x7ffeed95c630 -> 0x61c2a0 -> 0x1 -> 0x400889 -> 0x75ab8a8662d0 -> 0x1 -> 0x40093c -> 0x75ab8a866820 -> 0x1 -> 0x40095d -> 0x75ab8a866d60 -> 0xf -> 0xd -> 0xc -> 0xc -> 0xd  Has an Average delta: Yes  Average delta: 0x32a1d8f6d771
RBX values: 0x61c1f0 -> 0x61c200 -> 0x61c210 -> 0x61c220 -> 0x61c230 -> 0x61c240 -> 0x61c250 -> 0x61c260 -> 0x61c270 -> 0x61c280 -> 0x61c290 -> 0x61c2a0 -> 0x61c2b0 -> 0x61c2c0 -> 0x61c2d0 -> 0x61c2e0 -> 0x61c2f0 -> 0x61c300 -> 0x61c310 -> 0x61c320  Has an Average delta: Yes  Average delta: 0x10
RCX values: 0x40 -> 0x0 -> 0x7ffeed95c630 -> 0x0 -> 0x0 -> 0x0 -> 0x7ffeed95c630 -> 0x7ffeed95c610 -> 0x7ffeed95c610 -> 0x7ffeed95c740 -> 0x7ffeed95c610 -> 0x7ffeed95c610 -> 0x7ffeed95c610 -> 0x7ffeed95c5f0 -> 0x7ffeed95c5f0 -> 0x7ffeed95c740 -> 0x7ffeed95c5f0 -> 0x7ffeed95c5f0 -> 0x7ffeed95c5f0 -> 0x7ffeed95c5d0  Has an Average delta: Yes  Average delta: 0x1435b9b9557b
RDX values: 0x7ffeed95c670 -> 0x7ffeed95c670 -> 0x7ffeed95c648 -> 0x7ffeed95c700 -> 0x7ffeed95c630 -> 0x7ffeed95c61f -> 0x7ffeed95c610 -> 0x7ffeed95c700 -> 0x7ffeed95c610 -> 0x7ffeed95c5ff -> 0x7ffeed95c5f0 -> 0x7ffeed95c700 -> 0x7ffeed95c5f0 -> 0x7ffeed95c5df -> 0x7ffeed95c5d0 -> 0x7ffeed95c700 -> 0x10 -> 0x10 -> 0x7ffeed95c700 -> 0x10  Has an Average delta: Yes  Average delta: 0x1435b9b955b0
RSI values: 0x0 -> 0x75ab8b9cc9f0 -> 0x7ffeed95c630 -> 0x75ab8b9cc9f0 -> 0x7ffeed95c610 -> 0x75ab8b9cc9f0 -> 0x7ffeed95c5f0 -> 0x0 -> 0x0 -> 0x7ffeed95c740 -> 0x75ab8b9cc9f0 -> 0x7ffeed95c740 -> 0x7ffeed95c740 -> 0x75ab8a867270 -> 0x0 -> 0x7ffeed95c740 -> 0x75ab8b9cc9f0 -> 0x7ffeed95c740 -> 0x7ffeed95c740 -> 0x75ab8a8672a0  Has an Average delta: Yes  Average delta: 0x26930132be1e
RDI values: 0x7ffeed95c63f -> 0x7ffeed95c630 -> 0x400889 -> 0x7ffeed95c6e0 -> 0x40093c -> 0x7ffeed95c6e0 -> 0x40095d -> 0x7ffeed95c6e0 -> 0x7ffeed95c730 -> 0x75ab77cb3318 -> 0x7ffeed95c6e0 -> 0x28 -> 0x75ab8a867278 -> 0x75ab8a867288 -> 0x7ffeed95c730 -> 0x75ab78361826 -> 0x7ffeed95c6e0 -> 0x28 -> 0x75ab8a8672a8 -> 0x75ab8a8672b8  Has an Average delta: Yes  Average delta: 0x44ff24b78355
/lib64/ld-linux-x86-64.so.2, 0x75ab8b9ca000, dl_main, 0x75ab8b9eaaf0, 1624, 1
RAX values: 0x7ffeed95cf70 -> 0x75ab8b9e9540 -> 0x75ab8b9f8fa7 -> 0x7ffeed95ce50 -> 0x401310 -> 0x40 -> 0x38 -> 0x400040 -> 0x400078 -> 0x4000b0 -> 0x4000e8 -> 0x400120 -> 0x400158 -> 0x400190 -> 0x4001c8 -> 0x400200 -> 0x0 -> 0x75ab8ba032e0 -> 0x0 -> 0x75ab8ba032e0  Has an Average delta: Yes  Average delta: 0x1a672ce39fe1
RBX values: 0x7ffeed95cc10 -> 0x75ab8ba032e0 -> 0x400200 -> 0x4001c8 -> 0x400190 -> 0x400158 -> 0x400120 -> 0x4000e8 -> 0x4000b0 -> 0x400078 -> 0x400040 -> 0x0 -> 0x271 -> 0x75ab8b9cabc1 -> 0x70000029 -> 0x2b -> 0x70000029 -> 0x2a -> 0x70000029 -> 0x39  Has an Average delta: Yes  Average delta: 0x131f9118602c
RCX values: 0x0 -> 0x7ffeed95d2a0 -> 0x41d1d3 -> 0x41d000 -> 0x61f3ff -> 0x61f000 -> 0x75ab8ba03320 -> 0x61c310 -> 0x75ab8ba032e0 -> 0x75ab8ba032e0 -> 0x7ffeed9f5000 -> 0x75ab8ba03900 -> 0x300 -> 0x75ab8ba03c90 -> 0x75ab8ba03c90 -> 0x75ab8ba03c90 -> 0x0 -> 0x75ab8ba03c90 -> 0x75ab8ba03c90 -> 0x0  Has an Average delta: Yes  Average delta: 0x401affbb2ed2
RDX values: 0xffffffffffff4224 -> 0x75ab8b9eb3c8 -> 0x400040 -> 0x0 -> 0xffffffffffff4240 -> 0x75ab8b9eb3e4 -> 0x0 -> 0x400200 -> 0xffffffffffff3f72 -> 0x75ab8b9eb116 -> 0x400000 -> 0x41c1d4 -> 0x41c1d4 -> 0x41d1d3 -> 0xffffffffffff3f72 -> 0x75ab8b9eb116 -> 0x61c1d8 -> 0x61e400 -> 0x61e400 -> 0x61f3ff  Has an Average delta: Yes  Average delta: 0x318b991c77f5
RSI values: 0x75ab8b9f8fa7 -> 0x75ab8b9f71a4 -> 0x75ab8b9cabc1 -> 0xfffffffffffffffe -> 0x6fffffff -> 0x1 -> 0xffffffffffffffff -> 0x6fffffff -> 0x0 -> 0xfffffffffffffff0 -> 0x6fffffff -> 0xf -> 0x75ab8b9f8fa7 -> 0x7ffeed9f5120 -> 0x7ffeed9f5000 -> 0x7ffeed9f5000 -> 0x75ab8ba038c0 -> 0x75ab8ba038c0 -> 0x0 -> 0x75ab8ba038c0  Has an Average delta: Yes  Average delta: 0x19dc302199d3
RDI values: 0x7ffeed95cc10 -> 0x7ffeed95ce50 -> 0x75ab8b9f8fa7 -> 0x75ab8ba032e0 -> 0x75ab8ba032e0 -> 0x400200 -> 0x75ab8ba032e0 -> 0x75ab8ba032e0 -> 0x75ab8ba032e0 -> 0x75ab8b9f8fa7 -> 0xfffffffffffffef5 -> 0x6fffffff -> 0x10a -> 0xffffffffffffff0a -> 0xa -> 0x53 -> 0xfffffffffffffffc -> 0x6fffffff -> 0x3 -> 0x70000029  Has an Average delta: Yes  Average delta: 0x131f96f7218e
/lib64/ld-linux-x86-64.so.2, 0x75ab8b9ca000, _dl_name_match_p, 0x75ab8b9d6380, 1487, 54
RAX values:   Has an Average delta: No
RBX values: 0x75ab8ba032e0 -> 0x75ab8ba038a0 -> 0x0 -> 0x400889 -> 0x75ab8ba02ab0 -> 0x75ab8ba03280 -> 0x75ab8ba03240 -> 0x0 -> 0x400889 -> 0x75ab8ba038c0 -> 0x75ab8ba03e80 -> 0x0 -> 0x400889 -> 0x75ab8ba032e0 -> 0x75ab8ba038a0 -> 0x0 -> 0x40093c -> 0x75ab8ba02ab0 -> 0x75ab8ba03280 -> 0x75ab8ba03240  Has an Average delta: Yes  Average delta: 0x318b991b0a55
RCX values:   Has an Average delta: No
RDX values:   Has an Average delta: No
RSI values: 0x75ab8ba038b8 -> 0x75ab8ba038b8 -> 0x400200 -> 0x400200 -> 0x75ab8b9cabc1 -> 0x7ffeed9f5371 -> 0x7ffeed9f5371 -> 0x75ab8ba038b8 -> 0x75ab8ba038b8 -> 0x400200 -> 0x400200 -> 0x75ab8b9cabc1 -> 0x7ffeed9f5371 -> 0x7ffeed9f5371 -> 0x75ab8a8662a0 -> 0x75ab8a8667a8 -> 0x75ab8ba038b8 -> 0x75ab8ba038b8 -> 0x400200 -> 0x400200  Has an Average delta: Yes  Average delta: 0x2123c02952fb
RDI values: 0x400889 -> 0x400889 -> 0x400889 -> 0x400889 -> 0x40093c -> 0x40093c -> 0x40093c -> 0x40093c -> 0x40093c -> 0x40095d -> 0x40095d -> 0x40095d -> 0x40095d -> 0x40095d -> 0x40095d -> 0x75ab77cb3318 -> 0x75ab77cb3318 -> 0x75ab77cb3318 -> 0x75ab77cb3318 -> 0x75ab77cb3318  Has an Average delta: Yes  Average delta: 0x6317214cc58
/lib64/ld-linux-x86-64.so.2, 0x75ab8b9ca000, _dl_runtime_resolve_xsavec, 0x75ab8b9df2f0, 1443, 37
RAX values: 0x0 -> 0x10 -> 0x37ec2a0 -> 0x75ab8a145c00 -> 0x0 -> 0x10 -> 0x75ab77c0ad58 -> 0x0 -> 0x37ec2c0 -> 0x493e0 -> 0x0 -> 0x38 -> 0x0 -> 0x4198ba -> 0x61dfe0 -> 0x41a011 -> 0x10 -> 0x37ec350 -> 0x37ec350 -> 0x61d362  Has an Average delta: Yes  Average delta: 0x18c5cb0dd82f
RBX values: 0x7ffeed95cd60 -> 0x75ab77cffa10 -> 0x7ffeed95cd40 -> 0x8 -> 0x7ffeed95cd60 -> 0x75ab77cffa10 -> 0x7ffeed95cd60 -> 0x75ab8a145c00 -> 0x7ffeed95cd60 -> 0x75ab8a145c00 -> 0x7ffeed95cd40 -> 0x60 -> 0x7ffeed95cd90 -> 0x75ab77cffa10 -> 0x7ffeed95cd90 -> 0x75ab77cf4bf3 -> 0x7ffeed95cd90 -> 0x75ab77cf4bfe -> 0x7ffeed95cd90 -> 0x75ab77d007c0  Has an Average delta: Yes  Average delta: 0x23193a4f24c0
RCX values: 0x75ab77cffdb8 -> 0x75ab77b1c63b -> 0x37ec2b0 -> 0x37ec2b0 -> 0x0 -> 0xf -> 0x0 -> 0xc -> 0x7ffeed95ce28 -> 0x405fc6 -> 0x0 -> 0x418580 -> 0x418580 -> 0x75ab77a4541a -> 0x4198ba -> 0x7 -> 0x7 -> 0x37ec360 -> 0x7478742e747570 -> 0x2d  Has an Average delta: Yes  Average delta: 0xc62a0742acc79
RDX values: 0x7ffeed95cf70 -> 0x0 -> 0x0 -> 0x37ec2a0 -> 0x0 -> 0x0 -> 0x4 -> 0x4 -> 0x0 -> 0x10 -> 0x0 -> 0x7ffeed95cf48 -> 0x7ffeed95cf70 -> 0x0 -> 0x400 -> 0x61d6e0 -> 0x7ffeed95d2a8 -> 0x7ffeed95d2a8 -> 0x37ec370 -> 0x9  Has an Average delta: Yes  Average delta: 0x21aee0931586
RSI values: 0x57 -> 0x7ffeed95cf48 -> 0x3f -> 0xf -> 0x51 -> 0x8 -> 0x64 -> 0x8 -> 0x1b -> 0x37ec2a0 -> 0x33 -> 0x60 -> 0xb -> 0x75ab77cf4bc0 -> 0x0 -> 0xd -> 0x10 -> 0x0 -> 0x30 -> 0x0  Has an Average delta: Yes  Average delta: 0x19dc0b0a8334
RDI values: 0x75ab8a8662d0 -> 0x53 -> 0x75ab8a8662d0 -> 0x8 -> 0x75ab8a8662d0 -> 0x37ec2a0 -> 0x75ab8a8662d0 -> 0x75ab8a145c00 -> 0x75ab8a8662d0 -> 0x8 -> 0x75ab8a8662d0 -> 0x1 -> 0x75ab8a8662d0 -> 0x7ffeed95d2b8 -> 0x75ab8a8662d0 -> 0x75ab77cf4bf3 -> 0x75ab8a8662d0 -> 0x75ab77cf4bfe -> 0x75ab8a8662d0 -> 0x75ab77d007c0  Has an Average delta: Yes  Average delta: 0x3f04c3ba866b
/home/noamgrosman/technionCourses/binary_translation/ex1/bzip2, 0x400000, main, 0x4040af, 1432, 1
RAX values: 0x7ffeed95cf48 -> 0x7ffeed95d2a0 -> 0x61d360 -> 0x61d360 -> 0x61d361 -> 0x61d361 -> 0x61d361 -> 0x61d362 -> 0x61d362 -> 0x61d362 -> 0x61d363 -> 0x61d363 -> 0x61d364 -> 0x61d364 -> 0x61d365 -> 0x61d365 -> 0x61d366 -> 0x61d366 -> 0x61d367 -> 0x7ffeed95cdf0  Has an Average delta: Yes  Average delta: 0xd7926714338
RBX values:   Has an Average delta: No
RCX values:   Has an Average delta: No
RDX values: 0x8 -> 0x7ffeed95d2a8 -> 0x10 -> 0x7ffeed95d2ab -> 0x18 -> 0x7ffeed95d2ae -> 0x37ec350 -> 0x37ec350 -> 0x37ec350 -> 0x37ec390 -> 0x37ec390 -> 0x37ec390  Has an Average delta: Yes  Average delta: 0x45d0de5d786b
RSI values: 0x7ffeed95d2a0 -> 0x7ffeed95d2a8 -> 0x7ffeed95d2ab -> 0x7ffeed95d2ae  Has an Average delta: Yes  Average delta: 0x4
RDI values: 0x7ffeed95cdf0 -> 0x7ffeed95cdf0 -> 0x0 -> 0x37ec330 -> 0x37ec330 -> 0x37ec350 -> 0x37ec390 -> 0x37ec3d0 -> 0x37ec3d0 -> 0x37ec3d0 -> 0x61d362 -> 0x61d362 -> 0x61d362 -> 0x61d362 -> 0x61d362 -> 0x61d362 -> 0x37ec350 -> 0x37ec390 -> 0x37ec3d0 -> 0x37ec350  Has an Average delta: Yes  Average delta: 0x6bc93c0c2b0
/lib64/ld-linux-x86-64.so.2, 0x75ab8b9ca000, _dl_map_object, 0x75ab8b9d32f0, 1319, 6
RAX values: 0x0 -> 0x0 -> 0x0 -> 0x0 -> 0x75ab8ba01e58 -> 0x75ab8ba01e88 -> 0x7ffeed9f53e0 -> 0x7ffeed9f5420 -> 0x7ffeed9f5000 -> 0xd -> 0x75ab8a866180 -> 0x7ffeed95c137 -> 0x75ab8ba032e0 -> 0xffffffffffffffff -> 0x7ffeed95cf40 -> 0x7ffeed95c140 -> 0x75ab8a8662d0 -> 0x0 -> 0x0 -> 0x0  Has an Average delta: Yes  Average delta: 0x286b7373ac44
RBX values: 0x400889 -> 0x7ffeed95c150 -> 0x400889 -> 0x7ffeed95c700 -> 0x40093c -> 0x40093c -> 0x7ffeed95c700 -> 0x40095d -> 0x40095d -> 0x7ffeed95c700 -> 0x75ab77cb3318 -> 0x7ffeed95c700 -> 0x75ab78361826 -> 0x7ffeed95c700 -> 0x75ab77a24451 -> 0x7ffeed95c700  Has an Average delta: Yes  Average delta: 0x3fdc9dd6a572
RCX values: 0x75ab8ba03648 -> 0x7ffeed95c150 -> 0x7ffeed95c130 -> 0x7ffeed95c110  Has an Average delta: Yes  Average delta: 0x37120a72e6d
RDX values: 0x75ab8b9ca950 -> 0x300 -> 0x75ab8ba032e0 -> 0x75ab8b9ca950 -> 0x300 -> 0x75ab77cb0698 -> 0x75ab8ba032e0 -> 0x75ab8b9ca950 -> 0x300 -> 0x75ab77cb0698 -> 0x75ab783617b0 -> 0x75ab8ba032e0 -> 0x75ab8b9ca950 -> 0x300 -> 0x75ab77cb0698 -> 0x75ab783617b0 -> 0x75ab8b9ca950 -> 0x300 -> 0x75ab77cb0698 -> 0x75ab783617b0  Has an Average delta: Yes  Average delta: 0x3dee7e5ba3ba
RSI values: 0x75ab8ba032e0 -> 0x75ab8ba02ab0 -> 0x271 -> 0x75ab8b9cabc1 -> 0x75ab8b9cabc1 -> 0x75ab8ba038c0 -> 0x71 -> 0x371 -> 0x7ffeed9f5371 -> 0xd -> 0x7ffeed95c150 -> 0x0 -> 0x75ab8ba032e0 -> 0x75ab8ba02ab0 -> 0x271 -> 0x75ab8b9cabc1 -> 0x75ab8b9cabc1 -> 0x75ab8ba038c0 -> 0x71 -> 0x371  Has an Average delta: Yes  Average delta: 0x464c72efc4e4
RDI values: 0x400889 -> 0x400889 -> 0x400889 -> 0x400889 -> 0x400889 -> 0x400889 -> 0x400889 -> 0x400889 -> 0x75ab8ba036d0 -> 0x400889 -> 0x75ab8a8662a0 -> 0x75ab8a8662a0 -> 0x75ab8a8662a0 -> 0x400889 -> 0x40093c -> 0x40093c -> 0x40093c -> 0x40093c -> 0x40093c -> 0x40093c  Has an Average delta: Yes  Average delta: 0x18c5cc625f3b
/lib64/ld-linux-x86-64.so.2, 0x75ab8b9ca000, __minimal_malloc, 0x75ab8b9d6070, 1104, 35
RAX values: 0x75ab8ba032d8 -> 0x75ab8ba032e7 -> 0x75ab8ba032e0 -> 0x75ab8ba038b9 -> 0x75ab8ba038c8 -> 0x75ab8ba038c0 -> 0x75ab8ba03e99 -> 0x75ab8ba03ea8 -> 0x75ab8ba03ea0 -> 0x75ab8ba03ed0 -> 0x75ab8ba03edf -> 0x75ab8ba03ed0 -> 0x75ab8ba03f55 -> 0x75ab8ba03f64 -> 0x75ab8ba03f60 -> 0x75ab8ba03f88 -> 0x75ab8ba03f97 -> 0x75ab8ba03f90 -> 0x113f -> 0x1000  Has an Average delta: Yes  Average delta: 0x63173236182
RBX values: 0x5d9 -> 0x10 -> 0x5d9 -> 0x10 -> 0x30 -> 0x9 -> 0x85 -> 0x75ab8ba03ea0 -> 0x28 -> 0x0 -> 0x140 -> 0xa -> 0x3e -> 0x400a86 -> 0x18 -> 0x75ab8ba03648 -> 0x20 -> 0x75ab8a866140 -> 0x5a -> 0x0  Has an Average delta: Yes  Average delta: 0x2528b2bd5c0c
RCX values: 0x1000 -> 0xfffffffffffff000 -> 0x75ab8ba038b9 -> 0x75ab8ba03e99 -> 0x75ab8ba03ed0 -> 0x75ab8ba03f55 -> 0x75ab8ba03f88 -> 0x75ab8ba040d0 -> 0x1000 -> 0xfffffffffffff000 -> 0x75ab8a866140 -> 0x75ab8a86617e -> 0x75ab8a866198 -> 0x75ab8a8661c0 -> 0x75ab8a86621a -> 0x75ab8a86623e -> 0x75ab8a866298 -> 0x75ab8a8662c3 -> 0x75ab8a8667b5 -> 0x75ab8a8667e3  Has an Average delta: Yes  Average delta: 0x1294595b53de
RDX values: 0x0 -> 0x75ab8ba042d7 -> 0x75ab8ba04000 -> 0x75ab8ba032e0 -> 0xffff8a54745fcd20 -> 0x75ab8ba04000 -> 0x75ab8ba038c0 -> 0xffff8a54745fc740 -> 0x75ab8ba04000 -> 0x75ab8ba03ea0 -> 0xffff8a54745fc160 -> 0x75ab8ba04000 -> 0x75ab8ba03ed0 -> 0xffff8a54745fc130 -> 0x75ab8ba04000 -> 0x75ab8ba03f60 -> 0xffff8a54745fc0a0 -> 0x75ab8ba04000 -> 0x1000 -> 0x75ab8b9f806d  Has an Average delta: Yes  Average delta: 0x8e71582db8c9
RSI values: 0x2000 -> 0x2000 -> 0x2000 -> 0x2000  Has an Average delta: Yes  Average delta: 0x0
RDI values: 0x75ab8a866000 -> 0x75ab8a145000  Has an Average delta: Yes  Average delta: 0x721000
/lib64/ld-linux-x86-64.so.2, 0x75ab8b9ca000, _dl_load_cache_lookup, 0x75ab8b9e0710, 1024, 3
RAX values: 0x646c2d6362696c67 -> 0x0 -> 0x0 -> 0xaaaaaaaaaaaaaaab -> 0x1b45 -> 0x8000000000000 -> 0xffffffffffffffff -> 0x7ffeed95c070 -> 0x6 -> 0xa7 -> 0x1f5 -> 0xfb -> 0x2f1 -> 0xd1 -> 0x273 -> 0xbc -> 0x234 -> 0xb1 -> 0x213 -> 0xb6  Has an Average delta: Yes  Average delta: 0xcc33cabb61aa86
RBX values: 0x7ffeed95d1d9 -> 0x2 -> 0x75ab8a147000 -> 0x2 -> 0x75ab8a1481a4 -> 0x75ab8a14818c -> 0x2 -> 0x400889 -> 0x7ffeed95d1d9 -> 0x2 -> 0x75ab8a147000 -> 0x2 -> 0x75ab8a147814 -> 0x75ab8a1477fc -> 0x2 -> 0x40093c -> 0x7ffeed95d1d9 -> 0x2 -> 0x75ab8a147000 -> 0x2  Has an Average delta: Yes  Average delta: 0x5f9d5ec66765
RCX values: 0x51ff -> 0x4000000000000 -> 0x75ab8a1481b8 -> 0x7ffeed95bfe0 -> 0x7ffeed95bfe0 -> 0x51ff -> 0x4000000000000 -> 0x75ab8a147828 -> 0x7ffeed95bfc0 -> 0x7ffeed95bfc0 -> 0x51ff -> 0x4000000000000 -> 0x75ab8a148950 -> 0x7ffeed95bfa0 -> 0x7ffeed95bfa0  Has an Average delta: Yes  Average delta: 0x1b223d088022e
RDX values: 0x686361632e6f732e -> 0x0 -> 0x51cf -> 0x368a -> 0x368 -> 0xffffffffffffffff -> 0x6 -> 0x2 -> 0xfffffc0000000000 -> 0x0 -> 0xf000000000000 -> 0x3a -> 0x30 -> 0x23 -> 0xffffffffffffffff -> 0x6 -> 0x2 -> 0xfffffc0000000000 -> 0x0 -> 0xf000000000000  Has an Average delta: Yes  Average delta: 0x580dd8bf4f86cfe
RSI values: 0x75ab8ba031c0 -> 0x75ab8ba01d45 -> 0x75ab8ba01d4e -> 0x7ffeed95c070 -> 0x75ab8a149c6a -> 0x75ab8a14bac2 -> 0x75ab8a14b350 -> 0x75ab8a14be72 -> 0x75ab8a14bfc0 -> 0x75ab8a14a639 -> 0x75ab8a14a49d -> 0x75ab8a14b731 -> 0x75ab8a14ab5e -> 0x75ab8a14b731 -> 0x23 -> 0x75ab8a14ab48 -> 0x75ab8ba01d45 -> 0x75ab8ba01d4e -> 0x7ffeed95c050 -> 0x75ab8a149c6a  Has an Average delta: Yes  Average delta: 0xe8f66c534f7
RDI values: 0x75ab8b9f838f -> 0x7ffeed95d1d9 -> 0x7ffeed95d1d9 -> 0x400889 -> 0x400889 -> 0x400889 -> 0x400889 -> 0x400889 -> 0x400889 -> 0x400889 -> 0x400889 -> 0x400889 -> 0x400889 -> 0x75ab8a14ab48 -> 0x7ffeed95bfbf -> 0x7ffeed95bfb0 -> 0x7ffeed95bfb0 -> 0x7ffeed95d1d9 -> 0x7ffeed95d1d9 -> 0x40093c  Has an Average delta: Yes  Average delta: 0x14c0d9c9aa9c
/lib64/ld-linux-x86-64.so.2, 0x75ab8b9ca000, __tunable_get_val, 0x75ab8b9dfc10, 909, 39
RAX values: 0xb -> 0xb0 -> 0xbb -> 0x5d8 -> 0x2 -> 0xb -> 0xb0 -> 0xbb -> 0x8 -> 0x80 -> 0x88 -> 0x440 -> 0x0 -> 0x8 -> 0x80 -> 0x88 -> 0x9 -> 0x90 -> 0x99 -> 0x4c8  Has an Average delta: Yes  Average delta: 0x16f
RBX values:   Has an Average delta: No
RCX values: 0x7ffeed95ce2c -> 0x5d8 -> 0x7ffeed95cdf0 -> 0x440 -> 0x7ffeed95cdf0 -> 0x4c8 -> 0x7ffeed95cdf0 -> 0x3b8 -> 0x7ffeed95cdf0 -> 0x220 -> 0x7ffeed95cdf0 -> 0xd48 -> 0x7ffeed95cdf0 -> 0x1320 -> 0x7ffeed95cdf0 -> 0x6e8 -> 0x7ffeed95cdf0 -> 0xaa0 -> 0x7ffeed95cdf0 -> 0xf68  Has an Average delta: Yes  Average delta: 0x7ffeed95c5b3
RDX values:   Has an Average delta: No
RSI values: 0x75ab8ba00a18 -> 0x75ab8ba00880 -> 0x75ab8ba00908 -> 0x75ab8ba007f8 -> 0x75ab8ba00660 -> 0x75ab8ba01188 -> 0x75ab8ba01760 -> 0x75ab8ba00b28 -> 0x75ab8ba00ee0 -> 0x75ab8ba013a8 -> 0x75ab8ba00cc0 -> 0x75ab8ba00dd0 -> 0x75ab8ba00e58 -> 0x75ab8ba00e58 -> 0x75ab8ba00e58 -> 0x75ab8ba00ff0 -> 0x75ab8ba00d48 -> 0x75ab8ba01980 -> 0x75ab8ba005d8 -> 0x75ab8ba00f68  Has an Average delta: Yes  Average delta: 0x516
RDI values:   Has an Average delta: No
/lib64/ld-linux-x86-64.so.2, 0x75ab8b9ca000, _dl_new_object, 0x75ab8b9d66c0, 866, 5
RAX values: 0x75ab8b9f8fa7 -> 0x75ab8ba038a0 -> 0x75ab8ba02ab0 -> 0x75ab8ba032e0 -> 0x75ab8ba03300 -> 0x75ab8ba03320 -> 0x75ab8ba03340 -> 0x75ab8ba03360 -> 0x75ab8ba03380 -> 0x75ab8ba033a0 -> 0x75ab8ba033c0 -> 0x75ab8ba033e0 -> 0x0 -> 0x0 -> 0x0 -> 0x75ab8ba035d8 -> 0x75ab8ba032e0 -> 0x1 -> 0x75ab8ba03e80 -> 0x75ab8ba02ab0  Has an Average delta: Yes  Average delta: 0x18c5cc8d901a
RBX values: 0x100 -> 0x0 -> 0x100 -> 0x39 -> 0x23 -> 0x75ab8ba032e0 -> 0x26 -> 0x75ab8ba032e0 -> 0x20 -> 0x75ab8ba032e0  Has an Average delta: Yes  Average delta: 0x415f4d91e39e
RCX values: 0x75ab8b9f8fa7 -> 0x75ab8b9f8fa7 -> 0x75ab8a8662a0 -> 0x75ab8a8667f0 -> 0x75ab8a866d40  Has an Average delta: Yes  Average delta: 0x464de9
RDX values: 0x100 -> 0x1 -> 0x75ab8ba038b8 -> 0x75ab8ba033e0 -> 0x75ab8ba02000 -> 0x100 -> 0x1 -> 0x75ab8ba03e98 -> 0x75ab8ba039c0 -> 0x75ab8ba02000 -> 0x75ab8ba035d8 -> 0x0 -> 0x0 -> 0xd -> 0x75ab8a8662a0 -> 0x75ab8ba02000 -> 0x75ab8ba035d8 -> 0x75ab8ba035d8 -> 0x23 -> 0x75ab8a8667e3  Has an Average delta: Yes  Average delta: 0x2b5a25e8d6a9
RSI values: 0x75ab8b9f8fa7 -> 0x75ab8ba03680 -> 0x75ab8b9f8fa7 -> 0x75ab8ba03c60 -> 0x75ab8ba03c68 -> 0x400889 -> 0x75ab8a866670 -> 0x75ab8a8662a0 -> 0x40093c -> 0x75ab8a866bc0 -> 0x75ab8a8667f0 -> 0x40095d -> 0x75ab8a867100 -> 0x75ab8a866d40  Has an Average delta: Yes  Average delta: 0x364f2c3650bf
RDI values: 0x75ab8ba038b8 -> 0x75ab8ba035d8 -> 0x75ab8b9f8fa7 -> 0x75ab8b9f8fa7 -> 0x5d9 -> 0x75ab8ba03e98 -> 0x75ab8ba03bb8 -> 0x75ab8b9f8fa7 -> 0x400889 -> 0x4e5 -> 0x75ab8a8667a8 -> 0x75ab8ba035d8 -> 0x75ab8ba035d8 -> 0x75ab8a8662a0 -> 0x23 -> 0x75ab8a8667c0 -> 0x40093c -> 0x4e8 -> 0x75ab8a866cf8 -> 0x75ab8ba035d8  Has an Average delta: Yes  Average delta: 0x318b98fd5eb4
/lib/x86_64-linux-gnu/libgomp.so.1, 0x75ab77cab000, omp_test_nest_lock, 0x75ab77ccfe80, 782, 0
RAX values: 0x10 -> 0x8 -> 0x40 -> 0x3f -> 0x3e -> 0x3d -> 0x3c -> 0x3b -> 0x3a -> 0x39 -> 0x38 -> 0x37 -> 0x36 -> 0x35 -> 0x34 -> 0x33 -> 0x32 -> 0x31 -> 0x30 -> 0x2f  Has an Average delta: Yes  Average delta: 0x4
RBX values: 0x75ab8a145c00 -> 0x75ab77cffa10  Has an Average delta: Yes  Average delta: 0x124461f0
RCX values: 0x3f -> 0x7 -> 0x3e -> 0x7 -> 0x3d -> 0x7 -> 0x3c -> 0x7 -> 0x3b -> 0x7 -> 0x3a -> 0x7 -> 0x39 -> 0x7 -> 0x38 -> 0x7 -> 0x37 -> 0x6 -> 0x36 -> 0x6  Has an Average delta: Yes  Average delta: 0x33
RDX values: 0x37ec2a0 -> 0x3f -> 0x3e -> 0x3d -> 0x3c -> 0x3b -> 0x3a -> 0x39 -> 0x38 -> 0x37 -> 0x36 -> 0x35 -> 0x34 -> 0x33 -> 0x32 -> 0x31 -> 0x30 -> 0x2f -> 0x2e -> 0x2d  Has an Average delta: Yes  Average delta: 0x2f17b5
RSI values: 0x8 -> 0x37ec2a0 -> 0x8  Has an Average delta: Yes  Average delta: 0x37ec298
RDI values: 0x4f -> 0x1 -> 0x8 -> 0x75ab8a145c00 -> 0x37ec2a0 -> 0x8 -> 0x37ec2a0  Has an Average delta: Yes  Average delta: 0x27392e9be9cf
/lib64/ld-linux-x86-64.so.2, 0x75ab8b9ca000, strlen, 0x75ab8b9f2b00, 737, 27
RAX values: 0x7ffeed95d1d9 -> 0x75ab8b9f8fa7 -> 0x75ab8b9f9464 -> 0x75ab8b9f9464 -> 0x75ab8b9f9464 -> 0x400a86 -> 0x400a80 -> 0x400a80 -> 0x400ac0 -> 0x400ac3 -> 0x3d -> 0x75ab8a866140 -> 0x75ab8a866140 -> 0x75ab8a866140 -> 0x1f -> 0x75ab8a8661a0 -> 0x75ab8a8661a0 -> 0x75ab8a866180 -> 0x1f -> 0x75ab8ba038b8  Has an Average delta: Yes  Average delta: 0x25b3d2b358e9
RBX values:   Has an Average delta: No
RCX values: 0x7ffeed95d1d9 -> 0x1d9 -> 0x75ab8b9f8fa7 -> 0xfa7 -> 0x75ab8b9f9464 -> 0x464 -> 0x75ab8b9f9464 -> 0x464 -> 0x75ab8b9f9464 -> 0x464 -> 0x400a86 -> 0xa86 -> 0x0 -> 0x0 -> 0x0 -> 0x400a86 -> 0x6 -> 0xaaba0000 -> 0xaabaaabc -> 0xaabaaabc00000000  Has an Average delta: Yes  Average delta: 0x47d21d28f364c82
RDX values: 0x0 -> 0x0 -> 0x0 -> 0x1000000 -> 0x1001008 -> 0xaabaaabc01001008 -> 0x3 -> 0x80000000 -> 0xe000000080000000 -> 0xe000000080000000 -> 0x80000000 -> 0xffffffff80000000 -> 0xffffffff80000000 -> 0xe0000000 -> 0xffffffc0e0000000 -> 0xffffffc0e0000000 -> 0xe0000000 -> 0xffffffffe0000000 -> 0xffffffffe0000000 -> 0x0  Has an Average delta: Yes  Average delta: 0xc5823f3286bca1a
RSI values:   Has an Average delta: No
RDI values:   Has an Average delta: No
/lib/x86_64-linux-gnu/libgomp.so.1, 0x75ab77cab000, GOMP_target_map_indirect_ptr, 0x75ab77cb71ca, 735, 0
RAX values: 0x0 -> 0x0 -> 0x9ccc2e1367839100 -> 0x10 -> 0x37ec2c4 -> 0x37ec2c0 -> 0x75ab77c0ad58 -> 0x0 -> 0x0 -> 0x37ec2c0 -> 0x37ec2c0 -> 0x493e0 -> 0x37ec2c0 -> 0x37ec2c0 -> 0x9ccc2e1367839100 -> 0x0 -> 0x75ab77d00728 -> 0x75ab77d006c8  Has an Average delta: Yes  Average delta: 0x8488264fd99b4cb
RBX values: 0x8 -> 0x75ab77cffa10 -> 0x0 -> 0x60 -> 0x0 -> 0x37ec2c0 -> 0x75ab77cffa10 -> 0x75ab77cffba8 -> 0x75ab77cf4bf3 -> 0x75ab77cf4bfe -> 0x75ab77cf4c09 -> 0x0 -> 0x75ab77cf4c84 -> 0x75ab77d007c0 -> 0x0 -> 0x75ab77cf4ce9 -> 0x0 -> 0x75ab77cffa10  Has an Average delta: Yes  Average delta: 0x3e4bb7e680ec
RCX values: 0x0 -> 0x7ffeed95ce28  Has an Average delta: Yes  Average delta: 0x7ffeed95ce28
RDX values: 0x0 -> 0x7ffeed95ce50 -> 0x75ab77d00720 -> 0x75ab77d006fc  Has an Average delta: Yes  Average delta: 0x2e1b7673dc8c
RSI values: 0x75ab77d006c8 -> 0x0 -> 0x0 -> 0x0 -> 0x0 -> 0x60 -> 0x75ab77cf4bc0 -> 0x75ab77cf4bc0 -> 0x75ab77cf4bc0 -> 0x75ab77cf4bc0 -> 0x75ab77cf4bc0 -> 0x75ab77cf4bc0 -> 0x75ab77cf4bc0 -> 0x75ab77cf4bc0 -> 0x75ab77cf4bc0 -> 0x75ab77cf4bc0 -> 0x75ab77cf4bc0 -> 0x75ab77cf4bc0 -> 0x75ab77cf4bc0 -> 0x75ab77cf4bc0  Has an Average delta: Yes  Average delta: 0xc62e430ce72
RDI values: 0x75ab77d006c8 -> 0x7ffeed95d2b8 -> 0x7ffeed95d2c8 -> 0x7ffeed95d2e0 -> 0x7ffeed95d2f7 -> 0x7ffeed95d309 -> 0x7ffeed95d346 -> 0x7ffeed95d35a -> 0x7ffeed95d371 -> 0x7ffeed95d37e -> 0x7ffeed95d3a1 -> 0x7ffeed95daba -> 0x7ffeed95dad4 -> 0x7ffeed95daf6 -> 0x7ffeed95db0a -> 0x7ffeed95db2a -> 0x7ffeed95db3b -> 0x7ffeed95db46 -> 0x7ffeed95db4e -> 0x7ffeed95db6e  Has an Average delta: Yes  Average delta: 0x8b21255c08
/lib64/ld-linux-x86-64.so.2, 0x75ab8b9ca000, __strsep, 0x75ab8b9e7680, 704, 3
RAX values: 0x75ab8b9f8c98 -> 0x75ab8b9f8c99 -> 0x75ab8b9f8c98 -> 0x75ab8b9f8c99 -> 0x75ab8b9f8c98 -> 0x75ab8b9f8c99 -> 0x75ab8b9f8c98 -> 0x75ab8b9f8c99 -> 0x75ab8b9f8c98 -> 0x75ab8b9f8c99 -> 0x75ab8b9f8c98 -> 0x75ab8b9f8c99 -> 0x75ab8b9f8c98 -> 0x75ab8b9f8c99 -> 0x75ab8b9f8c98 -> 0x75ab8b9f8c99 -> 0x75ab8b9f8c98 -> 0x75ab8b9f8c99 -> 0x75ab8b9f8c98 -> 0x75ab8b9f8c99  Has an Average delta: Yes  Average delta: 0x1
RBX values:   Has an Average delta: No
RCX values: 0x75ab8a866140 -> 0x75ab8a866141 -> 0x75ab8a866142 -> 0x75ab8a866143 -> 0x75ab8a866144 -> 0x75ab8a866145 -> 0x75ab8a866146 -> 0x75ab8a866147 -> 0x75ab8a866148 -> 0x75ab8a866149 -> 0x75ab8a86614a -> 0x75ab8a86614b -> 0x75ab8a86614c -> 0x75ab8a86614d -> 0x75ab8a86614e -> 0x75ab8a86614f -> 0x75ab8a866150 -> 0x75ab8a866151 -> 0x75ab8a866152 -> 0x75ab8a866153  Has an Average delta: Yes  Average delta: 0x1
RDX values:   Has an Average delta: No
RSI values:   Has an Average delta: No
RDI values:   Has an Average delta: No
/lib64/ld-linux-x86-64.so.2, 0x75ab8b9ca000, memcpy, 0x75ab8b9f0920, 652, 28
RAX values: 0x75ab8ba038b8 -> 0x75ab8ba03e98 -> 0x75ab8a866140 -> 0x75ab8a8661a0 -> 0x75ab8a866219 -> 0x75ab8a866220 -> 0x75ab8a866297 -> 0x7ffeed95bfb0 -> 0x75ab8a8662a0 -> 0x75ab8a8667a8 -> 0x7ffeed95bf90 -> 0x75ab8a8667f0 -> 0x75ab8a866cf8 -> 0x7ffeed95bf70 -> 0x75ab8a866d40 -> 0x75ab8a867238 -> 0x75ab8a867278 -> 0x75ab8a867288 -> 0x75ab8a8672a8 -> 0x75ab8a8672b8  Has an Average delta: Yes  Average delta: 0x342c1063605
RBX values:   Has an Average delta: No
RCX values: 0x34762d34362d3638 -> 0x33762d34362d3638 -> 0x32762d34362d3638 -> 0x312e6f732e706d -> 0x312e6f732e706d -> 0x312e6f732e706d -> 0x312e6f732e706d -> 0x312e6f732e706d -> 0x312e6f732e706d -> 0x312e6f732e706d -> 0x312e6f732e706d -> 0x312e6f732e706d -> 0x362e6f732e6362 -> 0x75ab77c045c0 -> 0x75ab77c038e0 -> 0x75ab77c044e0  Has an Average delta: Yes  Average delta: 0x37ffb2b3fe52104
RDX values:   Has an Average delta: No
RSI values: 0x762d34362d363878 -> 0x762d34362d363878 -> 0x762d34362d363878 -> 0x2e706d6f6762696c -> 0x2e706d6f6762696c -> 0x2e706d6f6762696c -> 0x2e706d6f6762696c -> 0x2e706d6f6762696c -> 0x2e706d6f6762696c -> 0x2e706d6f6762696c -> 0x2e706d6f6762696c -> 0x2e706d6f6762696c -> 0x2e6f732e6362696c -> 0x75ab77c045c0 -> 0x75ab77c038e0 -> 0x75ab77c044e0  Has an Average delta: Yes  Average delta: 0x7e0d980b6c39a5f
RDI values:   Has an Average delta: No
/lib64/ld-linux-x86-64.so.2, 0x75ab8b9ca000, update_active.constprop.0, 0x75ab8b9e2ef0, 646, 1
RAX values:   Has an Average delta: No
RBX values: 0x7112d005  Has an Average delta: No
RCX values:   Has an Average delta: No
RDX values:   Has an Average delta: No
RSI values:   Has an Average delta: No
RDI values: 0x7ffeed95cc88 -> 0x7ffeed95cc8c -> 0x7ffeed95cc90 -> 0x7ffeed95cc94 -> 0x7ffeed95cc98 -> 0x7ffeed95cc9c -> 0x7ffeed95cca0 -> 0x7ffeed95cca4 -> 0x7ffeed95cca8 -> 0x7ffeed95ccac -> 0x7ffeed95ccb0 -> 0x7ffeed95ccb4 -> 0x7ffeed95ccb8 -> 0x7ffeed95ccbc -> 0x7ffeed95ccc0 -> 0x7ffeed95ccc4 -> 0x7ffeed95ccc8 -> 0x7ffeed95cccc -> 0x7ffeed95ccd0 -> 0x7ffeed95ccd4  Has an Average delta: Yes  Average delta: 0x4
/lib64/ld-linux-x86-64.so.2, 0x75ab8b9ca000, _dl_start, 0x75ab8b9ea1d0, 636, 1
RAX values: 0x75ab8ba032d8 -> 0xd5d54b44a18 -> 0xe -> 0x4 -> 0x6ffffef5 -> 0x53 -> 0x5 -> 0x6 -> 0xa -> 0xb -> 0x7 -> 0x8 -> 0x9 -> 0x6ffffffc -> 0x2d -> 0x6ffffffd -> 0x2c -> 0x1e -> 0x6ffffffb -> 0x2e  Has an Average delta: Yes  Average delta: 0x631a24bcc9f
RBX values: 0x75ab8b9cad60 -> 0x75ab8b9cad78 -> 0x75ab8b9cad90 -> 0x75ab8b9cada8 -> 0x0 -> 0x75ab8ba02ab0 -> 0x401310 -> 0x0  Has an Average delta: Yes  Average delta: 0x326e1744250b
RCX values: 0x75ab8b9ca000 -> 0xeb5717394da8 -> 0x75ab8b9cada8 -> 0x75ab8b9cadb0 -> 0x75ab8b9cadb8 -> 0x75ab8b9cadc0 -> 0xeb5717394d60 -> 0x75ab8ba01ed8 -> 0x0 -> 0x0 -> 0x0 -> 0x75ab8ba01e98 -> 0xeb5717394590 -> 0x75ab8b9ca7e8 -> 0x75ab8b9ca860 -> 0x75ab8b9ca590 -> 0x0 -> 0x0 -> 0x75ab8ba01e98 -> 0xeb5717394590  Has an Average delta: Yes  Average delta: 0x441ff2831b99
RDX values: 0xd5d00000000 -> 0x75ab8ba01e58 -> 0x75ab8ba01e68 -> 0x75ab8ba01e78 -> 0x75ab8ba01e88 -> 0x75ab8ba01e98 -> 0x75ab8ba01ea8 -> 0x75ab8ba01eb8 -> 0x75ab8ba01ec8 -> 0x75ab8ba01ed8 -> 0x75ab8ba01ee8 -> 0x75ab8ba01ef8 -> 0x75ab8ba01f08 -> 0x75ab8ba01f18 -> 0x75ab8ba01f28 -> 0x75ab8ba01f38 -> 0x75ab8ba01f48 -> 0x75ab8ba01f58 -> 0x75ab8ba01f68 -> 0x75ab8ba01f78  Has an Average delta: Yes  Average delta: 0x57d65aa1c9a
RSI values: 0x75ab8ba02af0 -> 0x75ab8ba01f48 -> 0x75ab8ba01f68 -> 0x75ab8ba01f28 -> 0x75ab8ba01f18 -> 0x18 -> 0x75ab8b9cadc0 -> 0x48 -> 0x48 -> 0x75ab8b9cada8 -> 0x0 -> 0x0 -> 0x75ab8b9eaaf0  Has an Average delta: Yes  Average delta: 0x3ad5c5cecbae
RDI values: 0xfffffffffffffef5 -> 0x6fffffff -> 0x10a -> 0xffffffffffffff0a -> 0xa -> 0x53 -> 0xfffffffffffffffc -> 0x6fffffff -> 0x3 -> 0x70000029 -> 0x2d -> 0xfffffffffffffffd -> 0x6fffffff -> 0x2 -> 0x70000029 -> 0x2c -> 0xfffffffffffffffb -> 0x6fffffff -> 0x4 -> 0x70000029  Has an Average delta: Yes  Average delta: 0x4ca1af63
/lib64/ld-linux-x86-64.so.2, 0x75ab8b9ca000, _dl_hwcaps_split_masked, 0x75ab8b9e6fe0, 622, 14
RAX values: 0x75ab8b9f945a -> 0x75ab8b9f945b -> 0x75ab8b9f9464 -> 0x75ab8b9f9465 -> 0x75ab8b9f945a -> 0x75ab8b9f945b -> 0x75ab8b9f9464 -> 0x75ab8b9f9465 -> 0x75ab8b9f945a -> 0x75ab8b9f945b -> 0x75ab8b9f9464 -> 0x75ab8b9f9465  Has an Average delta: Yes  Average delta: 0x5
RBX values: 0x0 -> 0x0 -> 0x0 -> 0x0 -> 0x9 -> 0x0 -> 0x9 -> 0x9 -> 0x0 -> 0x0 -> 0x0 -> 0x1 -> 0x0 -> 0x2 -> 0x3 -> 0x75ab8ba03f10 -> 0x0 -> 0x75ab8ba03f10 -> 0x0 -> 0x75ab8ba03f27  Has an Average delta: Yes  Average delta: 0x1ef73fb0e82f
RCX values:   Has an Average delta: No
RDX values:   Has an Average delta: No
RSI values:   Has an Average delta: No
RDI values: 0x75ab8b9f9450 -> 0x75ab8b9f945a -> 0x75ab8b9f9464 -> 0x75ab8b9f9464 -> 0x75ab8b9f9450 -> 0x75ab8b9f945a -> 0x75ab8b9f9464 -> 0x75ab8b9f9464 -> 0x75ab8b9f9450 -> 0x75ab8b9f945a -> 0x75ab8b9f9464 -> 0x75ab8b9f9464  Has an Average delta: Yes  Average delta: 0x9
/lib64/ld-linux-x86-64.so.2, 0x75ab8b9ca000, open_path, 0x75ab8b9d00a0, 582, 1
RAX values: 0x75ab8a866180 -> 0x17 -> 0x37 -> 0x5b -> 0x0 -> 0x7ffeed95bf3f -> 0x7ffeed95bf30 -> 0x7ffeed95bff0 -> 0x75ab8a866180 -> 0x75ab8ba01aa0 -> 0x0 -> 0x0 -> 0x75ab8ba03ed0 -> 0x44 -> 0x75ab8ba01aa0 -> 0x0 -> 0x0 -> 0x0 -> 0x75ab8ba032e0 -> 0xd  Has an Average delta: Yes  Average delta: 0x38d34c8205b3
RBX values: 0x7ffeed95bf30 -> 0x44 -> 0x37 -> 0x44 -> 0x37 -> 0x44 -> 0x37 -> 0x2d -> 0x20 -> 0x7ffeed95bf30 -> 0x42 -> 0x35 -> 0x42 -> 0x35 -> 0x42 -> 0x35 -> 0x2b -> 0x1e -> 0x7ffeed95c150  Has an Average delta: Yes  Average delta: 0x1c718a21470b
RCX values: 0x5b -> 0x50 -> 0x75ab8ba02000 -> 0x75ab8ba02000 -> 0x75ab8ba02000 -> 0x75ab8ba02000 -> 0x75ab8ba02000 -> 0x75ab8ba02000 -> 0x75ab8ba02000 -> 0x75ab8ba02000  Has an Average delta: Yes  Average delta: 0xd130f8391bf
RDX values: 0x20 -> 0x17 -> 0xd -> 0x75ab8ba032e0 -> 0x17 -> 0xd -> 0x75ab8ba032e0 -> 0x17 -> 0xd -> 0x75ab8ba032e0 -> 0x0 -> 0xd -> 0x75ab8ba032e0 -> 0x1e -> 0x17 -> 0xd -> 0x75ab8ba032e0 -> 0x17 -> 0xd -> 0x75ab8ba032e0  Has an Average delta: Yes  Average delta: 0x441ff2852ae8
RSI values: 0x7ffeed95bf80 -> 0x7ffeed95bf80 -> 0x75ab8a8661f8 -> 0x75ab8ba03f10 -> 0x400889 -> 0x7ffeed95c150 -> 0x7ffeed95bff0 -> 0x75ab8ba03f27 -> 0x400889 -> 0x7ffeed95c150 -> 0x7ffeed95bff0 -> 0x75ab8ba03f3e -> 0x400889 -> 0x7ffeed95c150 -> 0x7ffeed95bff0 -> 0x75ab8ba03f55 -> 0x400889 -> 0x7ffeed95c150 -> 0x7ffeed95bff0 -> 0x75ab8a866278  Has an Average delta: Yes  Average delta: 0x366fba1a269a
RDI values: 0x7ffeed95bf30 -> 0x7ffeed95bf50 -> 0x7ffeed95bf67 -> 0x7ffeed95bf30 -> 0x7ffeed95bf30 -> 0x7ffeed95bf50 -> 0x7ffeed95bf67 -> 0x7ffeed95bf30 -> 0x7ffeed95bf30 -> 0x7ffeed95bf50 -> 0x7ffeed95bf67 -> 0x7ffeed95bf30 -> 0x7ffeed95bf30 -> 0x7ffeed95bf50 -> 0x7ffeed95bf50 -> 0x7ffeed95bf30 -> 0x7ffeed95bf30 -> 0x7ffeed95bf30 -> 0x7ffeed95bf4e -> 0x7ffeed95bf65  Has an Average delta: Yes  Average delta: 0x17
/lib64/ld-linux-x86-64.so.2, 0x75ab8b9ca000, index, 0x75ab8b9f12b0, 552, 20
RAX values: 0x75ab8b9f9459 -> 0x75ab8b9f9459 -> 0x75ab8b9f9463 -> 0x75ab8b9f9463 -> 0x75ab8b9f946d -> 0x0 -> 0x75ab8b9f9459 -> 0x75ab8b9f9459 -> 0x75ab8b9f9463 -> 0x75ab8b9f9463 -> 0x75ab8b9f946d -> 0x0 -> 0x75ab8b9f9459 -> 0x75ab8b9f9459 -> 0x75ab8b9f9463 -> 0x75ab8b9f9463 -> 0x75ab8b9f946d -> 0x0 -> 0x0 -> 0x80000000  Has an Average delta: Yes  Average delta: 0x1ef7466d5cf5
RBX values:   Has an Average delta: No
RCX values: 0x80000000 -> 0xe000000000000000 -> 0xe0000000 -> 0xffff000000000000 -> 0x40100000 -> 0x40000000000000  Has an Average delta: Yes  Average delta: 0xcda000073333333
RDX values:   Has an Average delta: No
RSI values:   Has an Average delta: No
RDI values:   Has an Average delta: No
/lib64/ld-linux-x86-64.so.2, 0x75ab8b9ca000, decompose_rpath, 0x75ab8b9d1210, 544, 1
RAX values: 0x0 -> 0x75ab8a866180  Has an Average delta: Yes  Average delta: 0x75ab8a866180
RBX values: 0x75ab8ba03648 -> 0x75ab8ba032e0  Has an Average delta: Yes  Average delta: 0x368
RCX values: 0x0 -> 0x0 -> 0x0 -> 0x0 -> 0x0 -> 0x0 -> 0x0 -> 0x0 -> 0x0 -> 0x0 -> 0x0 -> 0x0 -> 0x0 -> 0x0 -> 0x0 -> 0x0 -> 0x0 -> 0x0 -> 0x0 -> 0x0  Has an Average delta: Yes  Average delta: 0x0
RDX values: 0x75ab8a866140 -> 0x75ab8a866141 -> 0x75ab8a866142 -> 0x75ab8a866143 -> 0x75ab8a866144 -> 0x75ab8a866145 -> 0x75ab8a866146 -> 0x75ab8a866147 -> 0x75ab8a866148 -> 0x75ab8a866149 -> 0x75ab8a86614a -> 0x75ab8a86614b -> 0x75ab8a86614c -> 0x75ab8a86614d -> 0x75ab8a86614e -> 0x75ab8a86614f -> 0x75ab8a866150 -> 0x75ab8a866151 -> 0x75ab8a866152 -> 0x75ab8a866153  Has an Average delta: Yes  Average delta: 0x1
RSI values: 0x75ab8a866180  Has an Average delta: No
RDI values: 0x400a86 -> 0x18 -> 0x75ab8a866140 -> 0x75ab8a866140  Has an Average delta: Yes  Average delta: 0x27392e4223dc
/lib64/ld-linux-x86-64.so.2, 0x75ab8b9ca000, open_verify.constprop.0, 0x75ab8b9cfc80, 528, 11
RAX values: 0x340 -> 0x340 -> 0x340 -> 0x327 -> 0x0  Has an Average delta: Yes  Average delta: 0xd0
RBX values: 0x7ffeed95bf30 -> 0x44 -> 0x7ffeed95bf30 -> 0x44 -> 0x7ffeed95bf30 -> 0x44 -> 0x7ffeed95bf30 -> 0x2d -> 0x7ffeed95bf30 -> 0x42 -> 0x7ffeed95bf30 -> 0x42 -> 0x7ffeed95bf30 -> 0x42 -> 0x7ffeed95bf30 -> 0x2b -> 0x75ab8a8662a0 -> 0x400889 -> 0x75ab8a8667f0 -> 0x40093c  Has an Average delta: Yes  Average delta: 0x7dd26ce6b825
RCX values: 0x40 -> 0x40 -> 0x40  Has an Average delta: Yes  Average delta: 0x0
RDX values: 0x340 -> 0x340 -> 0x10102464c457f -> 0x2e0 -> 0x340 -> 0x340 -> 0x10102464c457f -> 0x2a8 -> 0x340 -> 0x340 -> 0x10102464c457f -> 0x3010102464c457f -> 0x350 -> 0x327 -> 0x320 -> 0x310  Has an Average delta: Yes  Average delta: 0x66cd341c1e810a
RSI values: 0x7ffeed95c158 -> 0x7ffeed95c138 -> 0x7ffeed95c118 -> 0x7ffeed95c050 -> 0x7ffeed95c050 -> 0x7ffeed95bd3f -> 0x7ffeed95bd30  Has an Average delta: Yes  Average delta: 0xb1
RDI values: 0x7ffeed95bf30 -> 0x7ffeed95bf30 -> 0x7ffeed95bf30 -> 0x7ffeed95bf30 -> 0x7ffeed95bf30 -> 0x7ffeed95bf30 -> 0x7ffeed95bf30 -> 0x7ffeed95bf30 -> 0x75ab8a8662a0 -> 0x75ab8a8667f0 -> 0x75ab8a866d40  Has an Average delta: Yes  Average delta: 0x10856b4bd84
/lib64/ld-linux-x86-64.so.2, 0x75ab8b9ca000, memset, 0x75ab8b9f0b10, 511, 9
RAX values: 0x75ab8a866028 -> 0x75ab8a866078 -> 0x75ab8a8660c8 -> 0x75ab8a866118 -> 0x75ab77d006c8 -> 0x75ab78365008 -> 0x75ab77c046c8 -> 0x75ab8a145b70 -> 0x75ab8a145af8  Has an Average delta: Yes  Average delta: 0x4bcd85c
RBX values:   Has an Average delta: No
RCX values:   Has an Average delta: No
RDX values: 0x75ab77d00708 -> 0x75ab77d00700 -> 0x75ab77d00740 -> 0x75ab77d00780 -> 0x75ab77d007c0 -> 0x75ab77d00800 -> 0x75ab77d00840 -> 0x75ab77d00880 -> 0x75ab77d008c0 -> 0x75ab77d00900 -> 0x75ab77d00940 -> 0x75ab77d00980 -> 0x75ab77d009c0 -> 0x75ab77d00a00 -> 0x75ab77c04708 -> 0x75ab77c04700 -> 0x75ab77c04740 -> 0x75ab77c04780 -> 0x75ab77c047c0 -> 0x75ab77c04800  Has an Average delta: Yes  Average delta: 0xd494
RSI values: 0x0  Has an Average delta: No
RDI values: 0x75ab77d00a10 -> 0x75ab77d009d0 -> 0x75ab77c05000 -> 0x75ab77c04fc0 -> 0x75ab8a145bf8 -> 0x75ab8a145bb8 -> 0x75ab8a145b70 -> 0x75ab8a145b30  Has an Average delta: Yes  Average delta: 0x2a08a30
/lib64/ld-linux-x86-64.so.2, 0x75ab8b9ca000, dfs_traversal.part.0, 0x75ab8b9dd290, 423, 11
RAX values: 0x0 -> 0x7ffeed95c4f8 -> 0x75ab8a8672d0 -> 0x7ffeed95c4f0 -> 0x75ab8a8672a0 -> 0x7ffeed95c4e8 -> 0x75ab8a867270 -> 0x7ffeed95c4e0 -> 0x0 -> 0x7ffeed95c4d8 -> 0x0 -> 0x0 -> 0x7ffeed95cc80 -> 0x75ab8a8672d0 -> 0x0 -> 0x7ffeed95cc78 -> 0x75ab8a8672a0 -> 0x0 -> 0x7ffeed95cc70 -> 0x75ab8a867270  Has an Average delta: Yes  Average delta: 0x406f0e4c98ee
RBX values: 0x7ffeed95c4d0 -> 0x10 -> 0x18 -> 0x7ffeed95c4d0 -> 0x10 -> 0x18 -> 0x7ffeed95c4d0 -> 0x10 -> 0x18 -> 0x7ffeed95c4d0 -> 0x7ffeed95c4d0 -> 0x7ffeed95cc50 -> 0x10 -> 0x18 -> 0x7ffeed95cc50 -> 0x10 -> 0x18 -> 0x7ffeed95cc50 -> 0x10 -> 0x18  Has an Average delta: Yes  Average delta: 0x4a1a53a78f39
RCX values:   Has an Average delta: No
RDX values: 0x7ffeed95c4f0 -> 0x7ffeed95c4e8 -> 0x7ffeed95c4e0 -> 0x7ffeed95c4d8 -> 0x7ffeed95c4d0 -> 0x7ffeed95cc78 -> 0x7ffeed95cc70 -> 0x7ffeed95cc68 -> 0x7ffeed95cc60 -> 0x7ffeed95cc58 -> 0x7ffeed95cc50  Has an Average delta: Yes  Average delta: 0xcb
RSI values: 0x75ab8a866d60 -> 0x75ab8ba02ab0 -> 0x0 -> 0x75ab8a866820 -> 0x75ab8a866d60 -> 0x0 -> 0x75ab8a8662d0 -> 0x75ab8a866d60 -> 0x0 -> 0x75ab8a866d60 -> 0x75ab8ba02ab0 -> 0x0 -> 0x75ab8a866820 -> 0x75ab8a866d60 -> 0x0 -> 0x75ab8a8662d0 -> 0x75ab8a866d60 -> 0x0 -> 0x75ab8ba032e0 -> 0x75ab8a8662d0  Has an Average delta: Yes  Average delta: 0x4a51654f8fc0
RDI values:   Has an Average delta: No
/lib64/ld-linux-x86-64.so.2, 0x75ab8b9ca000, handle_amd, 0x75ab8b9e2090, 422, 12
RAX values: 0x8000 -> 0x100000 -> 0x6000000 -> 0x8000 -> 0x40 -> 0x8 -> 0x40 -> 0x8 -> 0x40 -> 0x10 -> 0x40 -> 0x0  Has an Average delta: Yes  Average delta: 0x1173a4b
RBX values: 0x7ffeed95cde8 -> 0x7ffeed95cde8 -> 0x100000 -> 0x100000 -> 0x100000 -> 0x100000 -> 0x100000 -> 0x100000 -> 0x100000 -> 0x100000 -> 0x100000  Has an Average delta: Yes  Average delta: 0xcccb15a2e30
RCX values:   Has an Average delta: No
RDX values: 0x8 -> 0x40 -> 0x200 -> 0x1 -> 0x4 -> 0x10 -> 0x20 -> 0x80 -> 0x100 -> 0x400 -> 0x800  Has an Average delta: Yes  Average delta: 0x132
RSI values:   Has an Average delta: No
RDI values: 0x40 -> 0x40 -> 0x40 -> 0x40  Has an Average delta: Yes  Average delta: 0x0
/lib64/ld-linux-x86-64.so.2, 0x75ab8b9ca000, _dlfo_process_initial, 0x75ab8b9ce3a0, 391, 2
RAX values: 0x40 -> 0x38 -> 0x1c0 -> 0x2492492492492493 -> 0xdb6db6db6db6db95 -> 0x400078 -> 0x4000b0 -> 0x4000e8 -> 0x400120 -> 0x400158 -> 0x400190 -> 0x4001c8 -> 0x1 -> 0x1 -> 0x0 -> 0x40 -> 0x38 -> 0x1c0 -> 0x0 -> 0x0  Has an Average delta: Yes  Average delta: 0x7b301ecc081ed19
RBX values: 0x75ab8a145c00 -> 0x0  Has an Average delta: Yes  Average delta: 0x75ab8a145c00
RCX values: 0x400040 -> 0x400040 -> 0x400078 -> 0x4000b0 -> 0x4000e8 -> 0x400120 -> 0x400158 -> 0x400190 -> 0x4001c8 -> 0x400200  Has an Average delta: Yes  Average delta: 0x31
RDX values: 0x1bf -> 0x37 -> 0x7 -> 0x0 -> 0x400000 -> 0x41c1d4 -> 0x0 -> 0x61c1d8 -> 0x61e400  Has an Average delta: Yes  Average delta: 0x1cad2c
RSI values: 0x7ffeed95cb20 -> 0x400200 -> 0x0 -> 0x0 -> 0x0 -> 0x0 -> 0x0 -> 0x7ffeed95cb20 -> 0x400200 -> 0x75ab8a146690 -> 0x75ab8a1466d0 -> 0x75ab8a146690 -> 0x75ab8a1466f0 -> 0x75ab8a146690 -> 0x75ab8a146710 -> 0x75ab8a146690 -> 0x75ab8a146730 -> 0x75ab8a146690 -> 0x75ab8a146750  Has an Average delta: Yes  Average delta: 0x1bdeaf3da790
RDI values: 0x75ab8ba032e0 -> 0x0 -> 0x1bf -> 0x75ab8ba032e0 -> 0x75ab8ba038c0 -> 0x75ab8a8662d0 -> 0x75ab8a866820 -> 0x75ab8a866d60 -> 0x75ab8ba02ab0 -> 0x0 -> 0x75ab8ba032e0 -> 0x75ab8a146690 -> 0x75ab8ba032e0 -> 0x75ab8ba038c0 -> 0x75ab8a8662d0 -> 0x75ab8a866820 -> 0x75ab8a866d60 -> 0x75ab8ba02ab0 -> 0x0  Has an Average delta: Yes  Average delta: 0x20afa7338b71
/lib64/ld-linux-x86-64.so.2, 0x75ab8b9ca000, _dl_find_object_from_map, 0x75ab8b9ce330, 381, 7
RAX values: 0x400000 -> 0x61e400 -> 0x400040 -> 0x400078 -> 0x4000b0 -> 0x4000e8 -> 0x400120 -> 0x400158 -> 0x400190 -> 0x400000 -> 0x61e400 -> 0x400040 -> 0x400078 -> 0x4000b0 -> 0x4000e8 -> 0x400120 -> 0x400158 -> 0x400190 -> 0x7ffeed9f5000 -> 0x7ffeed9f601e  Has an Average delta: Yes  Average delta: 0x6bc93420cbf
RBX values:   Has an Average delta: No
RCX values:   Has an Average delta: No
RDX values: 0x40 -> 0x38 -> 0x400200 -> 0x0 -> 0x41af08 -> 0x40 -> 0x38 -> 0x400200 -> 0x0 -> 0x41af08 -> 0x20 -> 0x1c -> 0x7ffeed9f5120 -> 0x7ffeed9f5000 -> 0x7ffeed9f5544 -> 0x60 -> 0x54 -> 0x75ab77cab2e0 -> 0x75ab77cab000 -> 0x75ab77cf6e9c  Has an Average delta: Yes  Average delta: 0x13aa98b041e1
RSI values:   Has an Average delta: No
RDI values:   Has an Average delta: No
/lib64/ld-linux-x86-64.so.2, 0x75ab8b9ca000, _dl_sysdep_parse_arguments, 0x75ab8b9e81d0, 374, 1
RAX values: 0x4 -> 0x4 -> 0x21 -> 0x33 -> 0x10 -> 0x6 -> 0x11 -> 0x3 -> 0x4 -> 0x5 -> 0x7 -> 0x8 -> 0x9 -> 0xb -> 0xc -> 0xd -> 0xe -> 0x17 -> 0x19 -> 0x1a  Has an Average delta: Yes  Average delta: 0x7
RBX values: 0x0 -> 0x75ab8b9eaaf0  Has an Average delta: Yes  Average delta: 0x75ab8b9eaaf0
RCX values: 0x33 -> 0x32 -> 0x31 -> 0x30 -> 0x2f -> 0x2e -> 0x2d -> 0x2c -> 0x2b -> 0x2a -> 0x29 -> 0x28 -> 0x27 -> 0x26 -> 0x25 -> 0x24 -> 0x23 -> 0x22 -> 0x21 -> 0x20  Has an Average delta: Yes  Average delta: 0x1
RDX values: 0x7ffeed95d050 -> 0x7ffeed95d060 -> 0x7ffeed95d070 -> 0x7ffeed95d080 -> 0x7ffeed95d090 -> 0x7ffeed95d0a0 -> 0x7ffeed95d0b0 -> 0x7ffeed95d0c0 -> 0x7ffeed95d0d0 -> 0x7ffeed95d0e0 -> 0x7ffeed95d0f0 -> 0x7ffeed95d100 -> 0x7ffeed95d110 -> 0x7ffeed95d120 -> 0x7ffeed95d130 -> 0x7ffeed95d140 -> 0x7ffeed95d150 -> 0x7ffeed95d160 -> 0x7ffeed95d170 -> 0x7ffeed95d180  Has an Average delta: Yes  Average delta: 0x10
RSI values: 0x7ffeed95cf70 -> 0x7ffeed95cf78 -> 0x7ffeed95cf80 -> 0x7ffeed95cf88 -> 0x7ffeed95cf90 -> 0x7ffeed95cf98 -> 0x7ffeed95cfa0 -> 0x7ffeed95cfa8 -> 0x7ffeed95cfb0 -> 0x7ffeed95cfb8 -> 0x7ffeed95cfc0 -> 0x7ffeed95cfc8 -> 0x7ffeed95cfd0 -> 0x7ffeed95cfd8 -> 0x7ffeed95cfe0 -> 0x7ffeed95cfe8 -> 0x7ffeed95cff0 -> 0x7ffeed95cff8 -> 0x7ffeed95d000 -> 0x7ffeed95d008  Has an Average delta: Yes  Average delta: 0x8
RDI values: 0x7ffeed95cf48 -> 0x7ffeed95cc70 -> 0x7ffeed95cc78 -> 0x7ffeed95cc80 -> 0x7ffeed95cc88 -> 0x7ffeed95cc90 -> 0x7ffeed95cc98 -> 0x7ffeed95cca0 -> 0x7ffeed95cca8 -> 0x7ffeed95ccb0 -> 0x7ffeed95ccb8 -> 0x7ffeed95ccc0 -> 0x7ffeed95ccc8 -> 0x7ffeed95ccd0 -> 0x7ffeed95ccd8 -> 0x7ffeed95cce0 -> 0x7ffeed95cce8 -> 0x7ffeed95ccf0 -> 0x7ffeed95ccf8 -> 0x7ffeed95cd00  Has an Average delta: Yes  Average delta: 0x2d
/lib64/ld-linux-x86-64.so.2, 0x75ab8b9ca000, mmap, 0x75ab8b9efd00, 372, 16
RAX values:   Has an Average delta: No
RBX values: 0x0 -> 0x140 -> 0x0 -> 0xb -> 0x0 -> 0x4 -> 0x75ab77cb6000 -> 0x4 -> 0x75ab77cf2000 -> 0x4 -> 0x75ab77cff000 -> 0x4 -> 0x0 -> 0x4 -> 0x75ab78362000 -> 0x4 -> 0x75ab78363000 -> 0x4 -> 0x75ab78364000 -> 0x4  Has an Average delta: Yes  Average delta: 0x4a515944bcc2
RCX values:   Has an Average delta: No
RDX values:   Has an Average delta: No
RSI values:   Has an Average delta: No
RDI values: 0x0 -> 0x0 -> 0x0 -> 0x75ab77cb6000 -> 0x75ab77cf2000 -> 0x75ab77cff000 -> 0x0 -> 0x75ab78362000 -> 0x75ab78363000 -> 0x75ab78364000 -> 0x0 -> 0x75ab77a28000 -> 0x75ab77bb0000 -> 0x75ab77bff000 -> 0x75ab77c05000 -> 0x0  Has an Average delta: Yes  Average delta: 0x2f11632b8888
/lib64/ld-linux-x86-64.so.2, 0x75ab8b9ca000, _dl_important_hwcaps, 0x75ab8b9e6a20, 360, 1
RAX values: 0x75ab8b9f9450 -> 0x0 -> 0x9 -> 0x9 -> 0x9 -> 0x3 -> 0x30 -> 0x75ab8b9f9450 -> 0x0 -> 0x0 -> 0x0 -> 0x75ab8ba03ea0 -> 0x1 -> 0x10 -> 0x75ab8ba03eb0 -> 0x2 -> 0x20 -> 0x75ab8ba03ec0 -> 0x17 -> 0x4  Has an Average delta: Yes  Average delta: 0x37bd0c3e53a2
RBX values: 0x0 -> 0x9 -> 0x9 -> 0x9 -> 0x1 -> 0x2 -> 0x3 -> 0x75ab8ba03ea0 -> 0x75ab8ba03f10 -> 0x75ab8ba03f27 -> 0x75ab8ba03f3e -> 0x75ab8ba03f55 -> 0x0  Has an Average delta: Yes  Average delta: 0x139c97455fe4
RCX values: 0x75ab8b9f9450 -> 0x9 -> 0x75ab8b9f945a -> 0x9 -> 0x75ab8b9f9464 -> 0x9 -> 0x1 -> 0x10 -> 0x2 -> 0x20 -> 0x75ab8ba03ed0 -> 0x9 -> 0x9 -> 0x9 -> 0x75ab8ba03ed0  Has an Average delta: Yes  Average delta: 0x433d745b54b9
RDX values: 0x9 -> 0x9 -> 0x1 -> 0x9 -> 0x1 -> 0x2 -> 0x9 -> 0x9 -> 0x2 -> 0x3 -> 0x9 -> 0x4 -> 0x40 -> 0x9 -> 0x17 -> 0x9 -> 0x17 -> 0x9 -> 0x17  Has an Average delta: Yes  Average delta: 0xd
RSI values: 0x75ab8b9f9450 -> 0x75ab8b9f9450 -> 0x75ab8b9f945a -> 0x75ab8ba003f8 -> 0x30 -> 0x75ab8b9f9450 -> 0x75ab8b9f945a -> 0x75ab8b9f9464 -> 0x17  Has an Average delta: Yes  Average delta: 0x2c20545bf37e
RDI values: 0x7ffeed95cab0 -> 0x7ffeed95cab0 -> 0x7ffeed95cab0 -> 0x7ffeed95cab0 -> 0x7ffeed95cab0 -> 0x30 -> 0x7ffeed95cab0 -> 0x7ffeed95cab0 -> 0x7ffeed95cab0 -> 0x7ffeed95cab0 -> 0x7ffeed95cab0 -> 0x75ab8b9f945a -> 0x75ab8b9f9464 -> 0x75ab8b9f9464 -> 0x85 -> 0x7ffeed95cab0 -> 0x7ffeed95cab0 -> 0x75ab8ba03f1d -> 0x7ffeed95cab0 -> 0x75ab8ba03f34  Has an Average delta: Yes  Average delta: 0x1c93ad464e1b
/lib64/ld-linux-x86-64.so.2, 0x75ab8b9ca000, init_cpu_features.constprop.0, 0x75ab8b9e35e0, 347, 1
RAX values: 0x6000000 -> 0x1800000 -> 0x0 -> 0x0 -> 0x0 -> 0x4800000 -> 0x4800000 -> 0x800 -> 0x4800000 -> 0x100000 -> 0x100000  Has an Average delta: Yes  Average delta: 0x264cb33
RBX values: 0x7ffeed95cde8 -> 0x100000 -> 0x40 -> 0x840 -> 0x7ffeed95cde8 -> 0x4800000 -> 0x75ab8b9eaaf0  Has an Average delta: Yes  Average delta: 0x539c0c90035c
RCX values: 0x7ffeed95cdc8 -> 0x6000000 -> 0x12000003 -> 0x12000000 -> 0x4800000 -> 0x4800000 -> 0xfffffffffffbfbe -> 0x8000 -> 0x7ffeed95cde8 -> 0x7ffeed95cde8 -> 0x7ffeed95cde8 -> 0x7ffeed95cde8 -> 0x7ffeed95cde8 -> 0x8000  Has an Average delta: Yes  Average delta: 0x27644ec109891ee
RDX values: 0x7ffeed95cdf0 -> 0x12000000 -> 0x0 -> 0xffffffffffffbfbf -> 0x0 -> 0x7ffeed95cde0 -> 0x7ffeed95cde0 -> 0x7ffeed95cde0 -> 0x7ffeed95cde0 -> 0x7ffeed95cde0 -> 0x75ab8b9e83b0 -> 0x75ab8b9e23e0 -> 0x75ab8b9e8da0 -> 0x75ab8b9e8e30 -> 0x75ab8b9e3530  Has an Average delta: Yes  Average delta: 0x1305cd829c1d
RSI values: 0x7ffeed95cdc4 -> 0x8000 -> 0x8000 -> 0x40 -> 0x7ffeed95cdf0 -> 0x7ffeed95cdf0 -> 0x7ffeed95cdf0 -> 0x7ffeed95cdf0 -> 0x7ffeed95cdf0 -> 0x7ffeed95cdf0 -> 0x6000000 -> 0x7ffeed95cdf0 -> 0x7ffeed95cdf0 -> 0x7ffeed95cdf0 -> 0x7ffeed95cdf0 -> 0x6000000 -> 0x7ffeed95cdf0 -> 0x7ffeed95cdf0 -> 0x7ffeed95cdf0 -> 0x7ffeed95cdf0  Has an Average delta: Yes  Average delta: 0x286b722f4e78
RDI values: 0x7ffeed95cdc0 -> 0x100000 -> 0x40 -> 0x8 -> 0x100000 -> 0xfffffffffffffff  Has an Average delta: Yes  Average delta: 0x3334ccc95eac2bc
/lib64/ld-linux-x86-64.so.2, 0x75ab8b9ca000, _dl_allocate_tls_storage, 0x75ab8b9de1f0, 342, 1
RAX values: 0x75ab8a14545f -> 0x1d6ae285151 -> 0x75ab8a146580 -> 0x75ab8a145c00  Has an Average delta: Yes  Average delta: 0x4d38929d603f
RBX values: 0x40 -> 0x75ab8a145c00 -> 0x41  Has an Average delta: Yes  Average delta: 0x75ab8a145bbf
RCX values: 0x75ab8a14545f -> 0x75ab8a145440 -> 0x75ab8a145c00 -> 0xfffffffffffffff8 -> 0x126 -> 0x125 -> 0x124 -> 0x123 -> 0x122 -> 0x121 -> 0x120 -> 0x11f -> 0x11e -> 0x11d -> 0x11c -> 0x11b -> 0x11a -> 0x119 -> 0x118 -> 0x117  Has an Average delta: Yes  Average delta: 0x631730e8c0f
RDX values: 0x1f  Has an Average delta: No
RSI values:   Has an Average delta: No
RDI values: 0x1148 -> 0x75ab8a145c08 -> 0x75ab8a145c08 -> 0x75ab8a145c10 -> 0x75ab8a145c18 -> 0x75ab8a145c20 -> 0x75ab8a145c28 -> 0x75ab8a145c30 -> 0x75ab8a145c38 -> 0x75ab8a145c40 -> 0x75ab8a145c48 -> 0x75ab8a145c50 -> 0x75ab8a145c58 -> 0x75ab8a145c60 -> 0x75ab8a145c68 -> 0x75ab8a145c70 -> 0x75ab8a145c78 -> 0x75ab8a145c80 -> 0x75ab8a145c88 -> 0x75ab8a145c90  Has an Average delta: Yes  Average delta: 0x631730e8ab2
/lib64/ld-linux-x86-64.so.2, 0x75ab8b9ca000, _dl_sort_maps, 0x75ab8b9dd3a0, 331, 2
RAX values: 0x4 -> 0x3 -> 0x2 -> 0x1 -> 0x0 -> 0xffffffffffffffff -> 0x37 -> 0x3 -> 0x30 -> 0x7ffeed95c4f8 -> 0x7ffeed95c4f0 -> 0x7ffeed95c4e8 -> 0x7ffeed95c4e0 -> 0x7ffeed95c4d8 -> 0x7ffeed95c4d0 -> 0x5 -> 0x4 -> 0x3 -> 0x2 -> 0x1  Has an Average delta: Yes  Average delta: 0xd79267b8e04
RBX values: 0x7ffeed95c4d0 -> 0x5 -> 0x7ffeed95cc50 -> 0x75ab8ba02000  Has an Average delta: Yes  Average delta: 0x58c5bf0b1477
RCX values: 0x75ab8ba02ab0 -> 0x75ab8a866d60 -> 0x75ab8a866820 -> 0x75ab8a8662d0 -> 0x75ab8ba032e0 -> 0x7ffeed95c500 -> 0x7ffeed95c500 -> 0x7ffeed95c4f8 -> 0x28 -> 0x7ffeed95c4d0 -> 0x75ab8ba02ab0 -> 0x75ab8a866d60 -> 0x75ab8a866820 -> 0x75ab8a8662d0 -> 0x75ab8ba038c0 -> 0x75ab8ba032e0 -> 0x7ffeed95cc80 -> 0x7ffeed95cc80 -> 0x7ffeed95cc80 -> 0x30  Has an Average delta: Yes  Average delta: 0x15d71a43dc2c
RDX values: 0x28 -> 0x0 -> 0x0 -> 0x0 -> 0x0 -> 0x0 -> 0x28 -> 0x30 -> 0x7ffeed95ccdf -> 0x7ffeed95ccdf -> 0x7ffeed95ccdf -> 0x7ffeed95ccdf -> 0x7ffeed95ccdf -> 0x7ffeed95ccdf -> 0x30  Has an Average delta: Yes  Average delta: 0x1248fd5e8afa
RSI values: 0x75ab8ba02ab0 -> 0x75ab8a866d60 -> 0x75ab8a866820 -> 0x75ab8a8662d0 -> 0x75ab8ba032e0 -> 0x7ffeed95c4d0 -> 0x75ab8ba02ab0 -> 0x75ab8a866d60 -> 0x75ab8a866820 -> 0x75ab8a8662d0 -> 0x75ab8ba038c0 -> 0x75ab8ba032e0 -> 0x7ffeed95cc50  Has an Average delta: Yes  Average delta: 0x294d8db556d
RDI values: 0x30 -> 0x0 -> 0x7ffeed95c560 -> 0x7ffeed95c560 -> 0x7ffeed95c560 -> 0x7ffeed95c560 -> 0x7ffeed95c560 -> 0x75ab8a867300 -> 0x30 -> 0x0 -> 0x7ffeed95cce0 -> 0x7ffeed95cce0 -> 0x7ffeed95cce0 -> 0x7ffeed95cce0 -> 0x7ffeed95cce0 -> 0x7ffeed95cce0 -> 0x7ffeed95cd30  Has an Average delta: Yes  Average delta: 0x17ffcc8c1582
/lib64/ld-linux-x86-64.so.2, 0x75ab8b9ca000, _dlfo_sort_mappings, 0x75ab8b9ceab0, 314, 1
RAX values: 0x1 -> 0x2 -> 0x3 -> 0x4 -> 0x5 -> 0x6 -> 0x7 -> 0x2 -> 0x3 -> 0x4 -> 0x5 -> 0x6 -> 0x7 -> 0x3 -> 0x4 -> 0x5 -> 0x6 -> 0x7 -> 0x4 -> 0x5  Has an Average delta: Yes  Average delta: 0x1
RBX values:   Has an Average delta: No
RCX values: 0x400000 -> 0x400000 -> 0x61c1d8 -> 0x61c1d8 -> 0x7ffeed9f5000 -> 0x75ab77cab000 -> 0x75ab77a00000 -> 0x75ab77a00000 -> 0x75ab77cab000 -> 0x75ab77cab000 -> 0x75ab78361000 -> 0x75ab78361000 -> 0x7ffeed9f5000 -> 0x75ab8b9ca000 -> 0x75ab8b9ca000  Has an Average delta: Yes  Average delta: 0xb5af1f49db6
RDX values: 0x1 -> 0x20 -> 0x61c1d8 -> 0x2 -> 0x40 -> 0x7ffeed9f5000 -> 0x3 -> 0x60 -> 0x75ab77cab000 -> 0x4 -> 0x80 -> 0x75ab78361000 -> 0x5 -> 0xa0 -> 0x75ab77a00000 -> 0x6 -> 0xc0 -> 0x75ab8b9ca000 -> 0x2 -> 0x40  Has an Average delta: Yes  Average delta: 0x3f04b964e391
RSI values:   Has an Average delta: No
RDI values:   Has an Average delta: No
/lib64/ld-linux-x86-64.so.2, 0x75ab8b9ca000, __GI___tunable_set_val, 0x75ab8b9df770, 310, 5
RAX values: 0x88 -> 0x75ab8ba00880 -> 0x99 -> 0x75ab8ba00908 -> 0x77 -> 0x75ab8ba007f8 -> 0x44 -> 0x75ab8ba00660 -> 0x1a9 -> 0x75ab8ba01188  Has an Average delta: Yes  Average delta: 0x75ab8ba0084e
RBX values: 0xffffffffffffffff -> 0xffffffffffffffff -> 0x840 -> 0xffffffffffffffff -> 0xffffffffffffffff -> 0x840 -> 0xffffffffffffffff -> 0xfffffffffffffff -> 0x840 -> 0xffffffffffffffff -> 0xffffffffffffffff -> 0x7ffeed95cde8 -> 0xffffffffffffffff -> 0xffffffffffffffff -> 0x7ffeed95cde8  Has an Average delta: Yes  Average delta: 0x2493fffc5326556
RCX values: 0x8 -> 0x80 -> 0x88 -> 0x8 -> 0x80 -> 0x88 -> 0x75ab8ba00880 -> 0xffffffffffffffff -> 0xffffffffffffffff -> 0xffffffffffffffff -> 0x8 -> 0x80 -> 0x9 -> 0x90 -> 0x99 -> 0x9 -> 0x90 -> 0x99 -> 0x75ab8ba00908 -> 0xffffffffffffffff  Has an Average delta: Yes  Average delta: 0x18c5cc8d7b44
RDX values: 0xffffffffffffffff -> 0xffffffffffffffff -> 0xffffffffffffffff -> 0xffffffffffffffff -> 0xffffffffffffffff -> 0xfffffffffffffff -> 0xffffffffffffffff -> 0xffffffffffffffff -> 0xffffffffffffffff -> 0xffffffffffffffff  Has an Average delta: Yes  Average delta: 0x38e38e38e38e38e
RSI values: 0x0 -> 0x0 -> 0x0 -> 0x0 -> 0x0 -> 0x4040 -> 0x1 -> 0x200 -> 0x1 -> 0x1  Has an Average delta: Yes  Average delta: 0xeb8
RDI values: 0x7ffeed95cde8 -> 0x0 -> 0x7ffeed95cde8 -> 0x0 -> 0x7ffeed95cde8 -> 0x4040 -> 0x7ffeed95cde8 -> 0x200 -> 0x7ffeed95cde8 -> 0x1  Has an Average delta: Yes  Average delta: 0x7ffeed95bf2f
/lib64/ld-linux-x86-64.so.2, 0x75ab8b9ca000, fillin_rpath.isra.0, 0x75ab8b9d0f30, 283, 1
RAX values: 0x7ffeed95ca78 -> 0x1e -> 0x75ab8ba038b8 -> 0x1 -> 0x4 -> 0x1 -> 0x4 -> 0x3 -> 0x1 -> 0x4 -> 0x4 -> 0x75ab8b9f7f3d -> 0x75ab8a866000 -> 0x1c -> 0x75ab8ba038b8 -> 0x1 -> 0x4 -> 0x1 -> 0x4 -> 0x3  Has an Average delta: Yes  Average delta: 0x2be54611fb8c
RBX values: 0x1 -> 0x2 -> 0x75ab8ba03648  Has an Average delta: Yes  Average delta: 0x3ad5c5d01b23
RCX values: 0x4 -> 0x4  Has an Average delta: Yes  Average delta: 0x0
RDX values: 0x20 -> 0x0 -> 0x0 -> 0x1 -> 0x1e -> 0x0 -> 0x0 -> 0x1  Has an Average delta: Yes  Average delta: 0xd
RSI values: 0x75ab8b9f8c98 -> 0x75ab8a866140 -> 0x75ab8a8661a0 -> 0x4 -> 0x1 -> 0x75ab8ba038b8 -> 0x75ab8b9f8c98 -> 0x75ab8a866160 -> 0x75ab8a866220 -> 0x4 -> 0x1 -> 0x75ab8ba038b8 -> 0x75ab8b9f8c98  Has an Average delta: Yes  Average delta: 0x27392e8abdc2
RDI values: 0x7ffeed95ca78 -> 0x75ab8ba032e0 -> 0x75ab8a8661a0 -> 0x75ab8ba038b8 -> 0x59 -> 0x5a -> 0x75ab8a8661f8 -> 0x59 -> 0x75ab8a866219 -> 0x75ab8a8661a0 -> 0x7ffeed95ca78 -> 0x75ab8ba032e0 -> 0x75ab8a866220 -> 0x75ab8ba038b8 -> 0x57 -> 0x58 -> 0x75ab8a866278 -> 0x57 -> 0x75ab8a866297 -> 0x75ab8a866220  Has an Average delta: Yes  Average delta: 0x332cf95b66fe
/lib64/ld-linux-x86-64.so.2, 0x75ab8b9ca000, _dl_lookup_direct, 0x75ab8b9d5ca0, 274, 3
RAX values: 0x75ab77a05518 -> 0x75ab77a0648c -> 0x75ab77c029b0 -> 0x75ab77a095e0 -> 0x75ab77c029a0 -> 0x75ab77a24630 -> 0x75ab8a867a80 -> 0x75ab8a867ab0 -> 0x75ab77a12b80 -> 0x75ab77a05518 -> 0x75ab77a0648c -> 0x75ab77c029b0 -> 0x75ab77a095e0 -> 0x75ab77c029a0 -> 0x75ab77a24630 -> 0x75ab8a867a80 -> 0x75ab8a867ab0 -> 0x75ab77a19210 -> 0x75ab77a05518 -> 0x75ab77a0648c  Has an Average delta: Yes  Average delta: 0x4078026
RBX values: 0x75ab8a866d60 -> 0x75ab8a866d60 -> 0x75ab8a866d60  Has an Average delta: Yes  Average delta: 0x0
RCX values:   Has an Average delta: No
RDX values: 0x75ab77a07d7c -> 0x18f0 -> 0x63c -> 0x63c -> 0x6 -> 0x75ab77a08e94 -> 0x2a08 -> 0xa82 -> 0xa82 -> 0x6 -> 0x75ab77a07238 -> 0xdac -> 0x36b -> 0x36b -> 0x7b  Has an Average delta: Yes  Average delta: 0x2a066194bfe4
RSI values: 0x75ab77a0648c -> 0x12b4 -> 0x75ab8b9f8a03 -> 0x75ab8b9f89bf -> 0x75ab77a0648c -> 0x1f86 -> 0x75ab8b9f8a31 -> 0x75ab8b9f89bf -> 0x75ab77a0648c -> 0xa41 -> 0x75ab8b9f7b43 -> 0x75ab8b9f7b35  Has an Average delta: Yes  Average delta: 0x402f048598aa
RDI values: 0x75ab77a1bdc0 -> 0x75ab77a1faa5 -> 0x75ab77a24470 -> 0x75ab77a1bdc0 -> 0x75ab77a239a4 -> 0x75ab77a24470 -> 0x75ab77a1bdc0 -> 0x75ab77a1d57d -> 0x75ab77a24622  Has an Average delta: Yes  Average delta: 0x5464
/lib64/ld-linux-x86-64.so.2, 0x75ab8b9ca000, __GI___open64_nocancel, 0x75ab8b9efb40, 264, 12
RAX values:   Has an Average delta: No
RBX values:   Has an Average delta: No
RCX values:   Has an Average delta: No
RDX values:   Has an Average delta: No
RSI values: 0x7ffeed95bf30 -> 0x7ffeed95bf30 -> 0x7ffeed95bf30 -> 0x7ffeed95bf30 -> 0x7ffeed95bf30 -> 0x7ffeed95bf30 -> 0x7ffeed95bf30 -> 0x7ffeed95bf30 -> 0x75ab8b9f838f -> 0x75ab8a8662a0 -> 0x75ab8a8667f0 -> 0x75ab8a866d40  Has an Average delta: Yes  Average delta: 0xf04ed2dad5
RDI values:   Has an Average delta: No
/lib64/ld-linux-x86-64.so.2, 0x75ab8b9ca000, _dl_fini, 0x75ab8b9cf380, 262, 1
RAX values: 0x1 -> 0x5 -> 0xa0 -> 0x75ab8ba032e0 -> 0x3f -> 0x3 -> 0x30 -> 0x75ab8ba032e0 -> 0x75ab8ba038c0 -> 0x75ab8a8662d0 -> 0x75ab8a866820 -> 0x75ab8a866d60 -> 0x75ab8ba02ab0 -> 0x0 -> 0x7ffeed95cd60 -> 0x7ffeed95cd60 -> 0x7ffeed95cd60 -> 0x7ffeed95cd60 -> 0x7ffeed95cd60 -> 0x7ffeed95cd60  Has an Average delta: Yes  Average delta: 0x1f825fe8f548
RBX values: 0x75ab8ba02000 -> 0x75ab8ba01f60 -> 0x75ab77c04fa8  Has an Average delta: Yes  Average delta: 0x9efe82c
RCX values: 0x6  Has an Average delta: No
RDX values: 0x7ffeed95cd60 -> 0x7ffeed95cd60  Has an Average delta: Yes  Average delta: 0x0
RSI values: 0x75ab8ba02000 -> 0x30 -> 0x0  Has an Average delta: Yes  Average delta: 0x3ad5c5d01000
RDI values: 0x75ab8ba02a08 -> 0x0 -> 0x7ffeed95cd30 -> 0x75ab8ba02a08 -> 0x75ab8ba032e0 -> 0x75ab8ba032e0 -> 0x75ab8a8662d0 -> 0x75ab8a8662d0 -> 0x75ab8a866820 -> 0x75ab8a866820 -> 0x75ab8a866d60 -> 0x75ab8a866d60 -> 0x75ab8ba02ab0 -> 0x75ab8ba02ab0 -> 0x0  Has an Average delta: Yes  Average delta: 0x1ab0ac123e21
/lib64/ld-linux-x86-64.so.2, 0x75ab8b9ca000, call_init.part.0, 0x75ab8b9cf670, 254, 5
RAX values: 0x0 -> 0x0 -> 0x75ab77c02970 -> 0x75ab77a00000 -> 0x75ab77bffc70 -> 0x75ab77bffc78 -> 0x75ab77bffc80 -> 0x75ab78364dc8 -> 0x1000 -> 0x75ab78362000 -> 0x75ab78364df8 -> 0x75ab78361000 -> 0x75ab78364d98 -> 0x75ab78364da0 -> 0x75ab77cffd98 -> 0xb000 -> 0x75ab77cb6000 -> 0x75ab77cffdc8 -> 0x75ab77cab000 -> 0x75ab77cffa00  Has an Average delta: Yes  Average delta: 0x1ef73a93882a
RBX values: 0x75ab8ba02ab0 -> 0x18 -> 0x75ab8a866d60 -> 0x75ab77bffc78 -> 0x75ab77bffc80 -> 0x10 -> 0x75ab8a866820 -> 0x75ab78364da0 -> 0x8 -> 0x75ab8a8662d0 -> 0x75ab77cffa08 -> 0x75ab77cffa10 -> 0x75ab77cffa18 -> 0x0 -> 0x75ab8ba032e0 -> 0xfffffffffffffff8  Has an Average delta: Yes  Average delta: 0x469a202299a9
RCX values: 0x0 -> 0x75ab77c02960 -> 0x75ab78364de8 -> 0x75ab77cffdb8  Has an Average delta: Yes  Average delta: 0x2739283434b2
RDX values: 0x10 -> 0x2 -> 0x7ffeed95cf70 -> 0x7ffeed95cf70 -> 0x7ffeed95cf70 -> 0x8 -> 0x1 -> 0x7ffeed95cf70 -> 0x7ffeed95cf70 -> 0x18 -> 0x3 -> 0x7ffeed95cf70 -> 0x7ffeed95cf70 -> 0x7ffeed95cf70  Has an Average delta: Yes  Average delta: 0x313aaa25ed52
RSI values: 0x400200 -> 0x75ab8a866d40 -> 0x7ffeed95cf48 -> 0x7ffeed95cf48 -> 0x75ab8a8667f0 -> 0x7ffeed95cf48 -> 0x7ffeed95cf48 -> 0x75ab8a8662a0 -> 0x7ffeed95cf48 -> 0x7ffeed95cf48 -> 0x7ffeed95cf48 -> 0x7ffeed95cf48 -> 0x75ab8ba038b8  Has an Average delta: Yes  Average delta: 0xef7fcf61652
RDI values:   Has an Average delta: No
/lib64/ld-linux-x86-64.so.2, 0x75ab8b9ca000, _dl_catch_exception, 0x75ab8b9cb480, 252, 6
RAX values: 0x0 -> 0x7ffeed95c530 -> 0x75ab8b9cc9f0 -> 0x0 -> 0x7ffeed95c6e0 -> 0x0 -> 0x7ffeed95c510 -> 0x75ab8b9cc9f0 -> 0x0 -> 0x7ffeed95c6e0 -> 0x0 -> 0x7ffeed95c4f0 -> 0x75ab8b9cc9f0 -> 0x0 -> 0x7ffeed95c6e0 -> 0x0 -> 0x7ffeed95c4d0 -> 0x75ab8b9cc9f0 -> 0x0 -> 0x7ffeed95c6e0  Has an Average delta: Yes  Average delta: 0x650ca09ea9b0
RBX values: 0x61c1f0 -> 0x61c200 -> 0x61c210 -> 0x75ab77cffd78 -> 0x75ab78364da8 -> 0x75ab77c02940  Has an Average delta: Yes  Average delta: 0x1788b1a889a0
RCX values:   Has an Average delta: No
RDX values: 0x7ffeed95c52c -> 0x7ffeed95c50c -> 0x7ffeed95c4ec -> 0x7ffeed95c4cc -> 0x7ffeed95c4cc -> 0x7ffeed95c4cc  Has an Average delta: Yes  Average delta: 0x13
RSI values:   Has an Average delta: No
RDI values: 0x7ffeed95c540 -> 0x7ffeed95c700 -> 0x7ffeed95c520 -> 0x7ffeed95c700 -> 0x7ffeed95c500 -> 0x7ffeed95c700 -> 0x7ffeed95c4e0 -> 0x7ffeed95c700 -> 0x7ffeed95c4e0 -> 0x7ffeed95c700 -> 0x7ffeed95c4e0 -> 0x7ffeed95c700  Has an Average delta: Yes  Average delta: 0x205
/lib64/ld-linux-x86-64.so.2, 0x75ab8b9ca000, _dl_process_pt_gnu_property, 0x75ab8b9d1840, 244, 3
RAX values: 0x75ab77cab200 -> 0x75ab783611c8 -> 0x75ab77a00270  Has an Average delta: Yes  Average delta: 0x80b790
RBX values:   Has an Average delta: No
RCX values: 0x75ab77cab300 -> 0x75ab783612d8 -> 0x75ab77a00380  Has an Average delta: Yes  Average delta: 0x80b798
RDX values: 0x75ab77cab000 -> 0x75ab77cab2e0 -> 0x75ab77cab2f0 -> 0xb -> 0x8 -> 0x75ab77cab300 -> 0x75ab78361000 -> 0x75ab783612a8 -> 0x75ab783612b8 -> 0xb -> 0x8 -> 0x75ab783612c8 -> 0x75ab77a00000 -> 0x75ab77a00350 -> 0x75ab77a00360 -> 0xb -> 0x8 -> 0x75ab77a00370  Has an Average delta: Yes  Average delta: 0x2987d003f194
RSI values: 0x75ab8a8662d0 -> 0x75ab8a866820 -> 0x75ab8a866d60  Has an Average delta: Yes  Average delta: 0x548
RDI values: 0xffff8a5488354d2c -> 0x75ab77cab300 -> 0x0 -> 0xffff8a5487c9ed64 -> 0x75ab783612d8 -> 0x10 -> 0xffff8a54885ffcbc -> 0x75ab77a00380 -> 0x10  Has an Average delta: Yes  Average delta: 0xa1cbc4d70e26
/lib64/ld-linux-x86-64.so.2, 0x75ab8b9ca000, _dl_add_to_namespace_list, 0x75ab8b9d6610, 236, 5
RAX values: 0x0 -> 0x0 -> 0x0 -> 0x0 -> 0x1 -> 0x75ab8ba032e0 -> 0x0 -> 0x0 -> 0x0 -> 0x1 -> 0x2 -> 0x75ab8ba032e0 -> 0x75ab8ba02ab0 -> 0x75ab8ba038c0 -> 0x0 -> 0x0 -> 0x0 -> 0x3 -> 0x4 -> 0x75ab8ba032e0  Has an Average delta: Yes  Average delta: 0x1ef73fb0e672
RBX values: 0x0 -> 0x75ab8ba032e0 -> 0x0 -> 0x39 -> 0x0 -> 0x0 -> 0x0 -> 0x0 -> 0x0 -> 0x0  Has an Average delta: Yes  Average delta: 0x1a261f0727cc
RCX values: 0x0 -> 0x0 -> 0x75ab8ba02000 -> 0x0 -> 0x0 -> 0x75ab8ba02000 -> 0x75ab8ba032e0 -> 0x0 -> 0x0 -> 0x75ab8ba02000 -> 0x75ab8ba032e0 -> 0x75ab8ba02ab0 -> 0x75ab8ba038c0 -> 0x0 -> 0x0 -> 0x75ab8ba02000 -> 0x75ab8ba032e0 -> 0x75ab8ba02ab0 -> 0x75ab8ba038c0 -> 0x75ab8a8662d0  Has an Average delta: Yes  Average delta: 0x2b5a26067cfb
RDX values: 0x0 -> 0x0 -> 0x0 -> 0x0 -> 0x0  Has an Average delta: Yes  Average delta: 0x0
RSI values: 0x75ab8ba02000 -> 0x75ab8ba02000 -> 0x75ab8ba02000 -> 0x75ab8ba02000 -> 0x75ab8ba02000  Has an Average delta: Yes  Average delta: 0x0
RDI values: 0x75ab8ba02a30 -> 0x75ab8ba02a30 -> 0x75ab8ba02a30 -> 0x75ab8ba02a30 -> 0x75ab8ba02a30 -> 0x75ab8ba02a30 -> 0x75ab8ba02a30 -> 0x75ab8ba02a30 -> 0x75ab8ba02a30 -> 0x75ab8ba02a30  Has an Average delta: Yes  Average delta: 0x0
/home/noamgrosman/technionCourses/binary_translation/ex1/bzip2, 0x400000, bsPutUChar, 0x40ca9a, 208, 16
RAX values: 0x37edbb0 -> 0x37edbb0 -> 0x37edbb0 -> 0x37edbb0 -> 0x37edbb0 -> 0x37edbb0 -> 0x37edbb0 -> 0x37edbb0 -> 0x37edbb0 -> 0x37edbb0 -> 0x37edbb0 -> 0x37edbb0 -> 0x37edbb0 -> 0x37edbb0 -> 0x37edbb0 -> 0x37edbb0  Has an Average delta: Yes  Average delta: 0x0
RBX values:   Has an Average delta: No
RCX values:   Has an Average delta: No
RDX values:   Has an Average delta: No
RSI values:   Has an Average delta: No
RDI values: 0x37edbb0 -> 0x37edbb0 -> 0x37edbb0 -> 0x37edbb0 -> 0x37edbb0 -> 0x37edbb0 -> 0x37edbb0 -> 0x37edbb0 -> 0x37edbb0 -> 0x37edbb0 -> 0x37edbb0 -> 0x37edbb0 -> 0x37edbb0 -> 0x37edbb0 -> 0x37edbb0 -> 0x37edbb0  Has an Average delta: Yes  Average delta: 0x0
/lib64/ld-linux-x86-64.so.2, 0x75ab8b9ca000, _dl_init_paths, 0x75ab8b9d13f0, 190, 1
RAX values: 0x4 -> 0xcccccccccccccccd -> 0x13 -> 0x75ab8ba03f60 -> 0x75ab8b9f7ef2 -> 0x75ab8b9f6040 -> 0x10 -> 0x50 -> 0xffffffffffffffb0 -> 0x75ab8b9f6020 -> 0x75ab8b9f6038 -> 0x50 -> 0xffffffffffffffb0 -> 0x75ab8b9f7ef2 -> 0x1a -> 0x75ab8b9f6072 -> 0x75ab8b9f6038 -> 0x50 -> 0xffffffffffffffb0 -> 0x75ab8b9f7ef2  Has an Average delta: Yes  Average delta: 0x563ec492c945ceb
RBX values: 0xa -> 0x75ab8b9f6020 -> 0x75ab8ba03f68 -> 0x75ab8ba03f70 -> 0x75ab8ba03f78 -> 0x75ab8ba03f80 -> 0x75ab8ba032e0 -> 0x75ab8ba032e0 -> 0x0  Has an Average delta: Yes  Average delta: 0x1d6ae2e80fde
RCX values: 0x75ab8ba003f0 -> 0x75ab8b9f7f3d  Has an Average delta: Yes  Average delta: 0x84b3
RDX values: 0x75ab8ba003f8 -> 0x5f -> 0x4c -> 0x2 -> 0x50 -> 0x10 -> 0x10 -> 0x10 -> 0x10 -> 0x61c2a0 -> 0x75ab8ba032e0  Has an Average delta: Yes  Average delta: 0x1788b5866bee
RSI values: 0x0 -> 0x400888 -> 0x400a86 -> 0x400a86  Has an Average delta: Yes  Average delta: 0x1558d7
RDI values: 0x0 -> 0xa -> 0x140 -> 0x75ab8a866028 -> 0x75ab8a866078 -> 0x75ab8a8660c8 -> 0x75ab8a866118 -> 0x75ab8ba03648  Has an Average delta: Yes  Average delta: 0x10cf5d16e32e
/home/noamgrosman/technionCourses/binary_translation/ex1/bzip2, 0x400000, compress, 0x402b73, 182, 1
RAX values: 0x37ec3d0 -> 0x37ec3d0 -> 0xfffffffffffffff5 -> 0xa -> 0x9 -> 0x61dbc9 -> 0x0 -> 0x41959b -> 0x1 -> 0x4195a0 -> 0x2 -> 0x4195a4 -> 0x3 -> 0x4195aa -> 0x7ffeed95cd20 -> 0x37ec5d0 -> 0x37ec3f0  Has an Average delta: Yes  Average delta: 0xfffddd78d37
RBX values:   Has an Average delta: No
RCX values: 0xffffffffffffffff -> 0xfffffffffffffffe -> 0xfffffffffffffffd -> 0xfffffffffffffffc -> 0xfffffffffffffffb -> 0xfffffffffffffffa -> 0xfffffffffffffff9 -> 0xfffffffffffffff8 -> 0xfffffffffffffff7 -> 0xfffffffffffffff6 -> 0xfffffffffffffff5  Has an Average delta: Yes  Average delta: 0x1
RDX values: 0x61dbc0 -> 0x37ec5d0  Has an Average delta: Yes  Average delta: 0x31cea10
RSI values: 0x37ec3d0 -> 0x37ec3d0 -> 0x41959b -> 0x4195a0 -> 0x4195a4 -> 0x4195aa -> 0x7ffeed95cd20 -> 0x37ec5d0  Has an Average delta: Yes  Average delta: 0x2491faaa58b8
RDI values: 0x61dbc0 -> 0x61dbc1 -> 0x61dbc2 -> 0x61dbc3 -> 0x61dbc4 -> 0x61dbc5 -> 0x61dbc6 -> 0x61dbc7 -> 0x61dbc8 -> 0x61dbc9 -> 0x61dbca -> 0x37ec3f0  Has an Average delta: Yes  Average delta: 0x487232
/lib64/ld-linux-x86-64.so.2, 0x75ab8b9ca000, _dl_next_ld_env_entry, 0x75ab8b9e6940, 178, 1
RAX values: 0x7ffeed95d2b8 -> 0x7ffeed95d2c8 -> 0x7ffeed95d2e0 -> 0x7ffeed95d2f7 -> 0x7ffeed95d309 -> 0x7ffeed95d346 -> 0x7ffeed95d35a -> 0x7ffeed95d371 -> 0x7ffeed95d37e -> 0x7ffeed95d3a1 -> 0x7ffeed95daba -> 0x7ffeed95dad4 -> 0x7ffeed95daf6 -> 0x7ffeed95db0a -> 0x7ffeed95db2a -> 0x7ffeed95db3b -> 0x7ffeed95db46 -> 0x7ffeed95db4e -> 0x7ffeed95db6e -> 0x7ffeed95db9d  Has an Average delta: Yes  Average delta: 0x77
RBX values:   Has an Average delta: No
RCX values:   Has an Average delta: No
RDX values: 0x7ffeed95cf70 -> 0x7ffeed95cf78 -> 0x7ffeed95cf80 -> 0x7ffeed95cf88 -> 0x7ffeed95cf90 -> 0x7ffeed95cf98 -> 0x7ffeed95cfa0 -> 0x7ffeed95cfa8 -> 0x7ffeed95cfb0 -> 0x7ffeed95cfb8 -> 0x7ffeed95cfc0 -> 0x7ffeed95cfc8 -> 0x7ffeed95cfd0 -> 0x7ffeed95cfd8 -> 0x7ffeed95cfe0 -> 0x7ffeed95cfe8 -> 0x7ffeed95cff0 -> 0x7ffeed95cff8 -> 0x7ffeed95d000 -> 0x7ffeed95d008  Has an Average delta: Yes  Average delta: 0x8
RSI values:   Has an Average delta: No
RDI values:   Has an Average delta: No
/lib64/ld-linux-x86-64.so.2, 0x75ab8b9ca000, _dl_call_fini, 0x75ab8b9cb090, 178, 5
RAX values: 0x61c270 -> 0x61c280 -> 0x8 -> 0x1 -> 0x61c1e0 -> 0x0 -> 0x418630 -> 0x75ab77cffdd8 -> 0x75ab77cffde8 -> 0x20 -> 0x4 -> 0x75ab77cffa30 -> 0x75ab77cffa28 -> 0x75ab77cffa20 -> 0x75ab77cffa18 -> 0x75ab77cab000 -> 0x75ab77cf1ce4 -> 0x75ab78364e08 -> 0x75ab78364e18 -> 0x8  Has an Average delta: Yes  Average delta: 0x18c5c87c71d2
RBX values: 0x61c1e0 -> 0x61c1d8 -> 0x75ab8ba02000 -> 0x75ab77cffa30 -> 0x75ab77cffa28 -> 0x75ab77cffa20 -> 0x75ab77cffa18 -> 0x75ab77cffa10 -> 0x75ab8ba02000 -> 0x75ab78364da0 -> 0x75ab78364d98 -> 0x75ab8ba02000 -> 0x75ab8ba02000 -> 0x75ab8ba02000  Has an Average delta: Yes  Average delta: 0x90d38216887
RCX values:   Has an Average delta: No
RDX values: 0x0 -> 0x61c240 -> 0x3 -> 0x75ab77cffda8 -> 0x0 -> 0x75ab78364dd8 -> 0x0 -> 0x0  Has an Average delta: Yes  Average delta: 0x433d69424d11
RSI values:   Has an Average delta: No
RDI values:   Has an Average delta: No
/lib64/ld-linux-x86-64.so.2, 0x75ab8b9ca000, lookup_malloc_symbol, 0x75ab8b9e7400, 172, 4
RAX values: 0x75ab77a00000 -> 0x75ab77aae7c0 -> 0x75ab77a00000 -> 0x75ab77aadd50 -> 0x75ab77a00000 -> 0x75ab77aad670 -> 0x75ab77a00000 -> 0x75ab77aae0c0  Has an Average delta: Yes  Average delta: 0xaded2
RBX values: 0x75ab8ba032e0 -> 0x75ab8ba032e0 -> 0x75ab8ba032e0 -> 0x75ab8ba032e0 -> 0x75ab8ba032e0 -> 0x75ab8ba032e0 -> 0x75ab8ba032e0 -> 0x75ab8ba032e0  Has an Average delta: Yes  Average delta: 0x0
RCX values: 0x75ab8ba03680 -> 0x0 -> 0x75ab8ba03680 -> 0x0 -> 0x75ab8ba03680 -> 0x0 -> 0x75ab8ba03680 -> 0x0  Has an Average delta: Yes  Average delta: 0x75ab8ba03680
RDX values: 0x7ffeed95cae0 -> 0x7ffeed95cae0 -> 0x7ffeed95cae0 -> 0x7ffeed95cae0  Has an Average delta: Yes  Average delta: 0x0
RSI values: 0x75ab8ba032e0 -> 0x0 -> 0x75ab8ba032e0 -> 0x0 -> 0x75ab8ba032e0 -> 0x0 -> 0x75ab8ba032e0 -> 0x0  Has an Average delta: Yes  Average delta: 0x75ab8ba032e0
RDI values: 0x75ab8b9f89cb -> 0x75ab8b9f89d2 -> 0x75ab8b9f807c -> 0x75ab8b9f89d7  Has an Average delta: Yes  Average delta: 0x63d
/home/noamgrosman/technionCourses/binary_translation/ex1/bzip2, 0x400000, handle_compress, 0x405ac7, 171, 3
RAX values: 0x37edb48 -> 0x37edbb0 -> 0x37edbb0 -> 0x37edbb0 -> 0x37edbb0 -> 0x37edbb0 -> 0x37edbb0 -> 0x37edbb0 -> 0x37edbb0 -> 0x37edb48 -> 0x37edb48 -> 0x37edbb0 -> 0x37edbb0 -> 0x37edbb0 -> 0x37edbb0 -> 0x37edbb0 -> 0x37edbb0 -> 0x37edbb0 -> 0x37edbb0 -> 0x37edb48  Has an Average delta: Yes  Average delta: 0x15
RBX values:   Has an Average delta: No
RCX values:   Has an Average delta: No
RDX values:   Has an Average delta: No
RSI values:   Has an Average delta: No
RDI values: 0x37edbb0 -> 0x37edbb0 -> 0x37edbb0 -> 0x37edbb0 -> 0x37edbb0 -> 0x37edbb0 -> 0x37edbb0  Has an Average delta: Yes  Average delta: 0x0
/home/noamgrosman/technionCourses/binary_translation/ex1/bzip2, 0x400000, BZ2_compressBlock, 0x41216d, 168, 1
RAX values: 0x37edbb0 -> 0x37edbb0 -> 0x37edbb0 -> 0x37edbb0 -> 0x37edbb0 -> 0x37edbb0 -> 0x37edbb0 -> 0x37edbb0 -> 0x37edbb0 -> 0x37edbb0 -> 0x37edbb0 -> 0x37edbb0 -> 0x37edbb0 -> 0x10d5 -> 0x37edbb0 -> 0x37edbb0 -> 0x37edbb0 -> 0x37edbb0 -> 0x37edbb0 -> 0x37edbb0  Has an Average delta: Yes  Average delta: 0x5e304c
RBX values:   Has an Average delta: No
RCX values:   Has an Average delta: No
RDX values: 0x75ab75e47010 -> 0x75ab75e480e5  Has an Average delta: Yes  Average delta: 0x10d5
RSI values:   Has an Average delta: No
RDI values: 0x37edbb0 -> 0x37edbb0 -> 0x37edbb0 -> 0x37edbb0 -> 0x37edbb0 -> 0x37edbb0 -> 0x37edbb0 -> 0x37edbb0 -> 0x37edbb0 -> 0x37edbb0 -> 0x37edbb0 -> 0x37edbb0 -> 0x37edbb0 -> 0x37edbb0 -> 0x37edbb0 -> 0x37edbb0 -> 0x37edbb0 -> 0x37edbb0 -> 0x37edbb0 -> 0x37edbb0  Has an Average delta: Yes  Average delta: 0x0
/home/noamgrosman/technionCourses/binary_translation/ex1/bzip2, 0x400000, BZ2_bzCompressInit, 0x40502b, 159, 1
RAX values: 0x37edb48 -> 0x0 -> 0x37edb48 -> 0x37edb48 -> 0x0 -> 0x37edb48 -> 0x37edb48 -> 0x404f13 -> 0x37edbb0 -> 0x37edbb0 -> 0x37edbb0 -> 0x37edbb0 -> 0x37edb48 -> 0x404f13 -> 0x37edb48 -> 0x404f13 -> 0x37edb48 -> 0x404f13 -> 0x37edbb0 -> 0x75ab77011010  Has an Average delta: Yes  Average delta: 0x63173f886f7
RBX values:   Has an Average delta: No
RCX values: 0x0 -> 0x0 -> 0x0 -> 0x0  Has an Average delta: Yes  Average delta: 0x0
RDX values: 0x37edb48 -> 0x37edb48 -> 0x37edb48 -> 0x37edbb0 -> 0x37edb48 -> 0x37edbb0 -> 0x37edb48 -> 0x37edbb0 -> 0x75ab75e47010 -> 0x75ab77011010 -> 0x75ab77011010 -> 0x37edbb0  Has an Average delta: Yes  Average delta: 0x1564fdba9558
RSI values:   Has an Average delta: No
RDI values: 0x0 -> 0x0 -> 0x0 -> 0x0 -> 0x37edbb0 -> 0x37edbb0  Has an Average delta: Yes  Average delta: 0xb2f8bc
/lib64/ld-linux-x86-64.so.2, 0x75ab8b9ca000, _dl_allocate_tls_init, 0x75ab8b9de2d0, 157, 1
RAX values: 0x75ab8a8662d0 -> 0x75ab8a866d60 -> 0x75ab8a146580 -> 0x75ab8a145c00  Has an Average delta: Yes  Average delta: 0x260950
RBX values: 0x75ab8a146580 -> 0x2 -> 0x3 -> 0x75ab8a145c00  Has an Average delta: Yes  Average delta: 0x4e725c0d95d4
RCX values: 0x1 -> 0x10 -> 0x75ab8a146590 -> 0x2 -> 0x20 -> 0x75ab8a1465a0  Has an Average delta: Yes  Average delta: 0x469a1fa5d68b
RDX values: 0x1 -> 0x10 -> 0x1 -> 0x75ab8a146580 -> 0x90 -> 0x0 -> 0x88 -> 0x88 -> 0x2 -> 0x20 -> 0x1 -> 0x75ab8a146580 -> 0x118 -> 0x10 -> 0x88 -> 0x78  Has an Average delta: Yes  Average delta: 0x1f60f19f0a1f
RSI values: 0x41 -> 0x75ab77cffa00 -> 0x41 -> 0x75ab77bffc60 -> 0x41  Has an Average delta: Yes  Average delta: 0x75ab77c7faef
RDI values: 0x75ab8ba02a58 -> 0x1 -> 0x75ab8a145c00 -> 0x75ab8a145b70 -> 0x75ab8a145b70 -> 0x2 -> 0x75ab8a145c00 -> 0x75ab8a145ae8 -> 0x75ab8a145af8 -> 0x75ab8ba02a58  Has an Average delta: Yes  Average delta: 0x344c3db656fb
/home/noamgrosman/technionCourses/binary_translation/ex1/bzip2, 0x400000, BZ2_bzWriteClose64, 0x408127, 156, 1
RAX values: 0x37ec7b0 -> 0x37ec7b0 -> 0x37ec7b0 -> 0x37ec5d0 -> 0x7ffeed95b94c -> 0x7ffeed95b948 -> 0x7ffeed95b944 -> 0x7ffeed95b940 -> 0x37ec7b0 -> 0x37ec7b0 -> 0x37ec7b0 -> 0x37ec7b0 -> 0x37ec7b0 -> 0x37edb48 -> 0x37ec7b0 -> 0x37ec7b0 -> 0x37ec7b0 -> 0x441 -> 0x37ec7b0 -> 0x37ec5d0  Has an Average delta: Yes  Average delta: 0xd79267b8ead
RBX values:   Has an Average delta: No
RCX values: 0x37ec7b0 -> 0x37ec5d0  Has an Average delta: Yes  Average delta: 0x1e0
RDX values: 0x37ec7b8 -> 0x37ec5d0 -> 0x441  Has an Average delta: Yes  Average delta: 0x1bf61bb
RSI values:   Has an Average delta: No
RDI values: 0x37ec5d0 -> 0x37edb48 -> 0x37ec7b8 -> 0x37ec5d0 -> 0x37ec5d0 -> 0x37ec5d0 -> 0x37ec5d0 -> 0x37edb48 -> 0x37ec7b0  Has an Average delta: Yes  Average delta: 0xa80
/lib64/ld-linux-x86-64.so.2, 0x75ab8b9ca000, _dl_setup_hash, 0x75ab8b9dd1b0, 155, 6
RAX values: 0x75ab8ba02ab0 -> 0x75ab8ba032e0 -> 0x75ab8ba038c0 -> 0x75ab8a8662d0 -> 0x75ab8a866820 -> 0x75ab8a866d60  Has an Average delta: Yes  Average delta: 0x3862e9
RBX values:   Has an Average delta: No
RCX values: 0x24 -> 0x2 -> 0x3a8 -> 0x10 -> 0x3dd  Has an Average delta: Yes  Average delta: 0x2cb
RDX values: 0x75ab8ba01e78 -> 0x75ab8b9ca430 -> 0x75ab8b9ca460 -> 0x75ab8b9ca4f0 -> 0x0 -> 0x61c290 -> 0x400258 -> 0x400260 -> 0x4002f4 -> 0x7ffeed9f5410 -> 0x168 -> 0x7ffeed9f5168 -> 0x7ffeed9f5188 -> 0x7ffeed9f5190 -> 0x75ab77cffdf8 -> 0x75ab77cab3a0 -> 0x75ab77cab5b0 -> 0x75ab77cac450 -> 0x75ab78364e38 -> 0x75ab78361410  Has an Average delta: Yes  Average delta: 0x1af24e0d94bc
RSI values:   Has an Average delta: No
RDI values:   Has an Average delta: No
/home/noamgrosman/technionCourses/binary_translation/ex1/bzip2, 0x400000, BZ2_bzWrite, 0x407e2e, 152, 2
RAX values: 0x37ec7b0 -> 0x7ffeed95b93c -> 0x37ec7b0 -> 0x37ec7b0 -> 0x37ec7b0 -> 0x37ec5d0 -> 0x37ec7b0 -> 0x37ec7b0 -> 0x37ec7b0 -> 0x37ec7b0 -> 0x37ec7b0 -> 0x37ec7b0 -> 0x37edb48 -> 0x37ec7b0 -> 0x37ec7b0 -> 0x7ffeed95b93c -> 0x37ec7b0 -> 0x37ec7b0 -> 0x7ffeed95b93c -> 0x37ec7b0  Has an Average delta: Yes  Average delta: 0x286b725818a4
RBX values:   Has an Average delta: No
RCX values:   Has an Average delta: No
RDX values: 0x7ffeed95b950 -> 0x37ec7b8 -> 0x7ffeed95b950 -> 0x37ec7b8  Has an Average delta: Yes  Average delta: 0x7ffeea16f198
RSI values:   Has an Average delta: No
RDI values: 0x37ec5d0 -> 0x37edb48 -> 0x37ec5d0 -> 0x37edb48  Has an Average delta: Yes  Average delta: 0x1578
/home/noamgrosman/technionCourses/binary_translation/ex1/bzip2, 0x400000, compressStream, 0x4016ce, 151, 1
RAX values: 0x37ec3f0 -> 0x37ec5d0 -> 0x7ffeed95b93c -> 0x37ec3f0 -> 0x7ffeed95b950 -> 0x37ec3f0 -> 0x7ffeed95b93c -> 0x37ec3f0 -> 0x7ffeed95b950 -> 0x37ec3f0 -> 0x7ffeed95b93c -> 0x37ec3f0 -> 0x7ffeed95b93c -> 0x37ec5d0 -> 0x37ec5d0 -> 0x75ab77c045c0 -> 0x37ec5d0 -> 0x37ec3f0 -> 0x37ec3f0  Has an Average delta: Yes  Average delta: 0x6267a8fa238a
RBX values:   Has an Average delta: No
RCX values: 0x37ec3f0 -> 0x37ec3f0 -> 0x7ffeed95b940 -> 0x7ffeed95b94c  Has an Average delta: Yes  Average delta: 0x2aaa4e07a71e
RDX values: 0x37ec3f0 -> 0x7ffeed95b950 -> 0x37ec3f0 -> 0x7ffeed95b950 -> 0x7ffeed95b94c  Has an Average delta: Yes  Average delta: 0x5fff2f913809
RSI values: 0x37ec5d0 -> 0x37ec7b0 -> 0x37ec7b0 -> 0x37ec7b0  Has an Average delta: Yes  Average delta: 0xa0
RDI values: 0x37ec3f0 -> 0x37ec5d0 -> 0x7ffeed95b93c -> 0x37ec3f0 -> 0x7ffeed95b950 -> 0x37ec3f0 -> 0x7ffeed95b93c -> 0x37ec3f0 -> 0x7ffeed95b950 -> 0x37ec3f0 -> 0x7ffeed95b93c -> 0x37ec3f0 -> 0x7ffeed95b948 -> 0x7ffeed95b93c -> 0x37ec5d0 -> 0x37ec5d0 -> 0x37ec5d0 -> 0x37ec3f0 -> 0x37ec3f0  Has an Average delta: Yes  Average delta: 0x55549c0f4e38
/home/noamgrosman/technionCourses/binary_translation/ex1/bzip2, 0x400000, BZ2_bzCompress, 0x405c64, 145, 3
RAX values: 0x37edb48 -> 0x37edbb0 -> 0x37edbb0 -> 0x37edb48 -> 0x37edbb0 -> 0x37edb48 -> 0x37edb48 -> 0x37edbb0 -> 0x37edbb0 -> 0x37edb48 -> 0x37edbb0 -> 0x37edb48 -> 0x37edb48 -> 0x37edbb0 -> 0x37edbb0 -> 0x37edb48 -> 0x37edbb0 -> 0x37edb48 -> 0x37edbb0 -> 0x37edbb0  Has an Average delta: Yes  Average delta: 0x47
RBX values:   Has an Average delta: No
RCX values:   Has an Average delta: No
RDX values:   Has an Average delta: No
RSI values:   Has an Average delta: No
RDI values: 0x37edb48 -> 0x37edb48 -> 0x37edb48 -> 0x37edbb0  Has an Average delta: Yes  Average delta: 0x22
/lib64/ld-linux-x86-64.so.2, 0x75ab8b9ca000, __GI___sigsetjmp, 0x75ab8b9f0000, 144, 6
RAX values: 0x7ffeed95c620 -> 0x7ffeed95c620 -> 0xfffddb2b8c400000 -> 0x75ab8b9cb500 -> 0x75ab8b9cb500 -> 0xeb5717396a000000 -> 0x7ffeed95c600 -> 0x7ffeed95c600 -> 0xfffddb2b8c000000 -> 0x75ab8b9cb500 -> 0x75ab8b9cb500 -> 0xeb5717396a000000 -> 0x7ffeed95c5e0 -> 0x7ffeed95c5e0 -> 0xfffddb2b8bc00000 -> 0x75ab8b9cb500 -> 0x75ab8b9cb500 -> 0xeb5717396a000000 -> 0x7ffeed95c5c0 -> 0x7ffeed95c5c0  Has an Average delta: Yes  Average delta: 0x68729744460c881
RBX values:   Has an Average delta: No
RCX values:   Has an Average delta: No
RDX values: 0x7ffeed95c500 -> 0x7ffeed95c500 -> 0xfffddb2b8a000000 -> 0x7ffeed95c4e0 -> 0x7ffeed95c4e0 -> 0xfffddb2b89c00000 -> 0x7ffeed95c4c0 -> 0x7ffeed95c4c0 -> 0xfffddb2b89800000 -> 0x7ffeed95c4a0 -> 0x7ffeed95c4a0 -> 0xfffddb2b89400000 -> 0x7ffeed95c4a0 -> 0x7ffeed95c4a0 -> 0xfffddb2b89400000 -> 0x7ffeed95c4a0 -> 0x7ffeed95c4a0 -> 0xfffddb2b89400000  Has an Average delta: Yes  Average delta: 0x1b5f231aff7c3
RSI values:   Has an Average delta: No
RDI values:   Has an Average delta: No
/lib64/ld-linux-x86-64.so.2, 0x75ab8b9ca000, __minimal_calloc, 0x75ab8b9d61c0, 143, 13
RAX values: 0x5d9 -> 0x5d9 -> 0x5d9 -> 0x5d9 -> 0x4e5 -> 0x4e5 -> 0x4e8 -> 0x4e8 -> 0x4e2 -> 0x4e2 -> 0x7 -> 0xa8 -> 0x3 -> 0x48 -> 0x30 -> 0x480 -> 0x11 -> 0x198 -> 0x2d -> 0x438  Has an Average delta: Yes  Average delta: 0x138
RBX values:   Has an Average delta: No
RCX values: 0x5d9 -> 0x5d9 -> 0x0 -> 0x5d9 -> 0x5d9 -> 0x0 -> 0x4e5 -> 0x4e5 -> 0x0 -> 0x4e8 -> 0x4e9 -> 0x0 -> 0x4e2 -> 0x4e3 -> 0x0 -> 0x7 -> 0x1f -> 0x0 -> 0x3 -> 0x1b  Has an Average delta: Yes  Average delta: 0x27c
RDX values: 0x0 -> 0x0 -> 0x0 -> 0x0 -> 0x0 -> 0x0 -> 0x0 -> 0x0 -> 0x0 -> 0x0 -> 0x0 -> 0x0 -> 0x0  Has an Average delta: Yes  Average delta: 0x0
RSI values:   Has an Average delta: No
RDI values: 0x5d9 -> 0x5d9 -> 0x4e5 -> 0x4e8 -> 0x4e2 -> 0xa8 -> 0x48 -> 0x480 -> 0x198 -> 0x438 -> 0xc0 -> 0x420 -> 0x120  Has an Average delta: Yes  Average delta: 0x219
/home/noamgrosman/technionCourses/binary_translation/ex1/bzip2, 0x400000, snocString, 0x403eb0, 138, 5
RAX values: 0x7ffeed95d2a8 -> 0x37ec330 -> 0x37ec350 -> 0x37ec330 -> 0x37ec330 -> 0x37ec330 -> 0x0 -> 0x37ec330 -> 0x0 -> 0x7ffeed95d2ab -> 0x37ec370 -> 0x37ec390 -> 0x37ec370 -> 0x37ec330 -> 0x37ec330 -> 0x37ec330 -> 0x37ec370 -> 0x37ec330 -> 0x37ec370 -> 0x37ec370  Has an Average delta: Yes  Average delta: 0x1435b9e86ef8
RBX values:   Has an Average delta: No
RCX values:   Has an Average delta: No
RDX values: 0x37ec330 -> 0x7ffeed95d2a8 -> 0x7ffeed95d2ab -> 0x37ec370 -> 0x7ffeed95d2ab -> 0x37ec330 -> 0x7ffeed95d2ae -> 0x37ec3b0 -> 0x7ffeed95d2ae -> 0x37ec370  Has an Average delta: Yes  Average delta: 0x71c62569d4ae
RSI values: 0x7ffeed95d2a8 -> 0x7ffeed95d2ab -> 0x7ffeed95d2ab -> 0x7ffeed95d2ae -> 0x7ffeed95d2ae  Has an Average delta: Yes  Average delta: 0x1
RDI values: 0x7ffeed95d2a8 -> 0x37ec350 -> 0x0 -> 0x7ffeed95d2ab -> 0x37ec390 -> 0x0 -> 0x7ffeed95d2ae -> 0x37ec3d0  Has an Average delta: Yes  Average delta: 0x5b6cf258e838
/lib64/ld-linux-x86-64.so.2, 0x75ab8b9ca000, _dl_dst_count, 0x75ab8b9d0b50, 138, 6
RAX values: 0x0 -> 0x0 -> 0x0 -> 0x0 -> 0x0 -> 0x0  Has an Average delta: Yes  Average delta: 0x0
RBX values: 0x61c1f0 -> 0x61c200 -> 0x61c210 -> 0x75ab77cffd78 -> 0x75ab78364da8 -> 0x75ab77c02940  Has an Average delta: Yes  Average delta: 0x1788b1a889a0
RCX values:   Has an Average delta: No
RDX values:   Has an Average delta: No
RSI values:   Has an Average delta: No
RDI values:   Has an Average delta: No
/lib64/ld-linux-x86-64.so.2, 0x75ab8b9ca000, openaux, 0x75ab8b9cc9f0, 132, 6
RAX values:   Has an Average delta: No
RBX values: 0x7ffeed95c700 -> 0x61c1f0 -> 0x7ffeed95c700 -> 0x61c200 -> 0x7ffeed95c700 -> 0x61c210 -> 0x7ffeed95c700 -> 0x75ab77cffd78 -> 0x7ffeed95c700 -> 0x75ab78364da8 -> 0x7ffeed95c700 -> 0x75ab77c02940  Has an Average delta: Yes  Average delta: 0x4a82710805f4
RCX values:   Has an Average delta: No
RDX values:   Has an Average delta: No
RSI values: 0x400889 -> 0x40093c -> 0x40095d -> 0x75ab77cb3318 -> 0x75ab78361826 -> 0x75ab77a24451  Has an Average delta: Yes  Average delta: 0x1788b1b52d7d
RDI values: 0x75ab8ba032e0 -> 0x75ab8ba032e0 -> 0x75ab8ba032e0 -> 0x75ab8a8662d0 -> 0x75ab8a866820 -> 0x75ab8a866d60  Has an Average delta: Yes  Average delta: 0x385eec
/home/noamgrosman/technionCourses/binary_translation/ex1/bzip2, 0x400000, hasSuffix, 0x402a83, 128, 4
RAX values: 0x61dfe0 -> 0x41959b -> 0x4 -> 0x61dfe0 -> 0x41959b -> 0x61dfe0 -> 0x4195a0 -> 0x3 -> 0x61dfe0 -> 0x4195a0 -> 0x61dfe0 -> 0x4195a4 -> 0x5 -> 0x61dfe0 -> 0x4195a4 -> 0x61dfe0 -> 0x4195aa -> 0x4 -> 0x61dfe0 -> 0x4195aa  Has an Average delta: Yes  Average delta: 0x351b4b
RBX values:   Has an Average delta: No
RCX values:   Has an Average delta: No
RDX values: 0x9 -> 0x5 -> 0x61dfe5 -> 0x9 -> 0x6 -> 0x61dfe6 -> 0x9 -> 0x4 -> 0x61dfe4 -> 0x9 -> 0x5 -> 0x61dfe5  Has an Average delta: Yes  Average delta: 0x3e48a6
RSI values: 0x41959b -> 0x4195a0 -> 0x4195a4 -> 0x4195aa  Has an Average delta: Yes  Average delta: 0x5
RDI values: 0x61dfe0 -> 0x41959b -> 0x61dfe5 -> 0x61dfe0 -> 0x4195a0 -> 0x61dfe6 -> 0x61dfe0 -> 0x4195a4 -> 0x61dfe4 -> 0x61dfe0 -> 0x4195aa -> 0x61dfe5  Has an Average delta: Yes  Average delta: 0x177bd3
/lib64/ld-linux-x86-64.so.2, 0x75ab8b9ca000, _dl_determine_tlsoffset, 0x75ab8b9de000, 116, 1
RAX values: 0x75ab8a145000 -> 0x41 -> 0x97 -> 0x9 -> 0x1 -> 0x10 -> 0x11f -> 0x23 -> 0x2 -> 0x20 -> 0x680 -> 0x7d7 -> 0x1f  Has an Average delta: Yes  Average delta: 0x9ce4b81b2de
RBX values: 0x88 -> 0x118 -> 0x41  Has an Average delta: Yes  Average delta: 0xb3
RCX values: 0xf -> 0x97 -> 0x97 -> 0x90 -> 0x90 -> 0x7 -> 0x11f -> 0x11f -> 0x118 -> 0x118 -> 0x797 -> 0x7d7 -> 0x7c0 -> 0x1100  Has an Average delta: Yes  Average delta: 0x168
RDX values: 0x7 -> 0x75ab8a145000 -> 0x7 -> 0x75ab8a145000 -> 0x17  Has an Average delta: Yes  Average delta: 0x75ab8a144ff5
RSI values: 0x0 -> 0x0 -> 0x0 -> 0x0 -> 0x0 -> 0x0  Has an Average delta: Yes  Average delta: 0x0
RDI values: 0x10 -> 0x8  Has an Average delta: Yes  Average delta: 0x8
/lib64/ld-linux-x86-64.so.2, 0x75ab8b9ca000, strdup, 0x75ab8b9f2aa0, 114, 6
RAX values:   Has an Average delta: No
RBX values: 0x400a86 -> 0x75ab8ba03648 -> 0x75ab8a866140 -> 0x0 -> 0x75ab8a866160 -> 0x1 -> 0x7ffeed95bfb0 -> 0x51ff -> 0x7ffeed95bf90 -> 0x51ff -> 0x7ffeed95bf70 -> 0x51ff  Has an Average delta: Yes  Average delta: 0x709ae2afd232
RCX values:   Has an Average delta: No
RDX values: 0x3e -> 0x20 -> 0x1e -> 0x23 -> 0x26 -> 0x20  Has an Average delta: Yes  Average delta: 0x9
RSI values: 0x400a86 -> 0x75ab8a866140 -> 0x75ab8a866160 -> 0x7ffeed95bfb0 -> 0x7ffeed95bf90 -> 0x7ffeed95bf70  Has an Average delta: Yes  Average delta: 0x199962aabde2
RDI values: 0x3e -> 0x75ab8a866140 -> 0x20 -> 0x75ab8a8661a0 -> 0x1e -> 0x75ab8a866220 -> 0x23 -> 0x75ab8a8662a0 -> 0x26 -> 0x75ab8a8667f0 -> 0x20 -> 0x75ab8a866d40  Has an Average delta: Yes  Average delta: 0x75ab8a8663e4
/lib64/ld-linux-x86-64.so.2, 0x75ab8b9ca000, _dl_init, 0x75ab8b9cf780, 114, 1
RAX values: 0x0 -> 0x75ab8a867300 -> 0x75ab8a867300 -> 0x75ab8a867300 -> 0x75ab8a867300 -> 0x75ab8a867300  Has an Average delta: Yes  Average delta: 0x1788b54e1700
RBX values: 0x0 -> 0x20 -> 0x18 -> 0x10 -> 0x8 -> 0x0 -> 0xfffffffffffffff8 -> 0x0  Has an Average delta: Yes  Average delta: 0xb
RCX values: 0x7ffeed95cf70 -> 0x7ffeed95cf70 -> 0x7ffeed95cf70 -> 0x7ffeed95cf70 -> 0x7ffeed95cf70  Has an Average delta: Yes  Average delta: 0x0
RDX values: 0x7ffeed95cf48 -> 0x7ffeed95cf48 -> 0x7ffeed95cf48 -> 0x7ffeed95cf48 -> 0x7ffeed95cf48  Has an Average delta: Yes  Average delta: 0x0
RSI values:   Has an Average delta: No
RDI values: 0x0 -> 0x75ab8ba02ab0 -> 0x75ab8a866d60 -> 0x75ab8a866820 -> 0x75ab8a8662d0 -> 0x75ab8ba032e0  Has an Average delta: Yes  Average delta: 0x1788b5f726ec
/lib64/ld-linux-x86-64.so.2, 0x75ab8b9ca000, __mempcpy, 0x75ab8b9f0910, 112, 28
RAX values: 0x75ab8ba03f1d -> 0x75ab8ba03f26 -> 0x75ab8ba03f34 -> 0x75ab8ba03f3d -> 0x75ab8ba03f4b -> 0x75ab8ba03f54 -> 0x75ab8a8661f8 -> 0x75ab8a866218 -> 0x75ab8a866278 -> 0x75ab8a866296 -> 0x7ffeed95bf30 -> 0x7ffeed95bf50 -> 0x7ffeed95bf50 -> 0x7ffeed95bf67 -> 0x7ffeed95bf67 -> 0x7ffeed95bf74 -> 0x7ffeed95bf50 -> 0x7ffeed95bf67 -> 0x7ffeed95bf67 -> 0x7ffeed95bf74  Has an Average delta: Yes  Average delta: 0x8b20381098
RBX values:   Has an Average delta: No
RCX values:   Has an Average delta: No
RDX values:   Has an Average delta: No
RSI values:   Has an Average delta: No
RDI values:   Has an Average delta: No
/lib64/ld-linux-x86-64.so.2, 0x75ab8b9ca000, __rtld_malloc_init_real, 0x75ab8b9e74d0, 111, 1
RAX values: 0x75ab8b9f89bf -> 0x4c0d630 -> 0x4c0d68f -> 0x4c0d68f -> 0x4c0d68f0 -> 0x4c0d6922 -> 0x4c0d6962 -> 0x4c0d69620 -> 0x4c0d6964e -> 0x4c0d6968e -> 0x4c0d6968e0 -> 0x4c0d696912 -> 0x4c0d696912 -> 0x4c0d6969120 -> 0x4c0d696914e -> 0x4c0d696919e -> 0x4c0d696919e0 -> 0x4c0d69691a15 -> 0x4c0d69691a75  Has an Average delta: Yes  Average delta: 0xac329877f8b
RBX values: 0x75ab8ba032e0 -> 0x75ab8a145c00  Has an Average delta: Yes  Average delta: 0x18bd6e0
RCX values: 0x75ab8b9f89c4 -> 0x75ab8b9f89c5 -> 0x75ab8b9f89c6 -> 0x75ab8b9f89c7 -> 0x75ab8b9f89c8 -> 0x75ab8b9f89c9 -> 0x75ab8b9f89ca  Has an Average delta: Yes  Average delta: 0x1
RDX values: 0x4c0d68f -> 0x4 -> 0x4c0d6922 -> 0x4c -> 0x4c0d6964e -> 0x4c0 -> 0x4c0d696912 -> 0x4c0d -> 0x4c0d696914e -> 0x4c0d6 -> 0x4c0d69691a15 -> 0x4c0d69 -> 0x7ffeed95cb20 -> 0x7ffeed95cb20 -> 0x7ffeed95cb20 -> 0x7ffeed95cb20  Has an Average delta: Yes  Average delta: 0x1359717cb3ea
RSI values: 0x75ab8b9f89cb -> 0x75ab8b9f89d2 -> 0x75ab8b9f807c -> 0x75ab8b9f89d7  Has an Average delta: Yes  Average delta: 0x63d
RDI values: 0x75ab8ba032e0 -> 0x75ab8ba032e0 -> 0x75ab8ba032e0 -> 0x75ab8ba032e0  Has an Average delta: Yes  Average delta: 0x0
/lib/x86_64-linux-gnu/libgomp.so.1, 0x75ab77cab000, GOMP_critical_name_end, 0x75ab77cb96b0, 109, 0
RAX values: 0x9ccc2e1367839100 -> 0x9ccc2e1367839100  Has an Average delta: Yes  Average delta: 0x0
RBX values: 0x75ab77cf4bfe -> 0x75ab77cf4bfe -> 0x75ab77cf4c09 -> 0x75ab77cf4ce9 -> 0x75ab77cf4ce9 -> 0x75ab77cf4ce9  Has an Average delta: Yes  Average delta: 0x2f
RCX values:   Has an Average delta: No
RDX values: 0x7ffeed95cd70 -> 0x9ccc2e1367839100 -> 0x0 -> 0x9ccc2e1367839100 -> 0x0 -> 0x7ffeed95cd70 -> 0x9ccc2e1367839100 -> 0x0 -> 0x9ccc2e1367839100 -> 0x0  Has an Average delta: Yes  Average delta: 0x2d8e543ba4b355e
RSI values:   Has an Average delta: No
RDI values:   Has an Average delta: No
/home/noamgrosman/technionCourses/binary_translation/ex1/bzip2, 0x400000, copyFileName, 0x4027f1, 105, 5
RAX values: 0x4198ba -> 0x61dfe0 -> 0x61dfe0 -> 0x61e3e0 -> 0x4198ba -> 0x61dbc0 -> 0x61dbc0 -> 0x61dfc0 -> 0x7ffeed95d2a0 -> 0x61d360 -> 0x61d360 -> 0x61d760 -> 0x37ec3d0 -> 0x61dfe0 -> 0x61dfe0 -> 0x61e3e0 -> 0x37ec3d0 -> 0x61dbc0 -> 0x61dbc0 -> 0x61dfc0  Has an Average delta: Yes  Average delta: 0xd79271e210b
RBX values:   Has an Average delta: No
RCX values: 0x4198ba -> 0x4198ba -> 0x7ffeed95d2a0 -> 0x37ec3d0 -> 0x37ec3d0  Has an Average delta: Yes  Average delta: 0x3fff75dad22d
RDX values:   Has an Average delta: No
RSI values: 0x4198ba -> 0x4198ba -> 0x7ffeed95d2a0 -> 0x37ec3d0 -> 0x37ec3d0  Has an Average delta: Yes  Average delta: 0x3fff75dad22d
RDI values: 0x4198ba -> 0x61dfe0 -> 0x4198ba -> 0x61dbc0 -> 0x7ffeed95d2a0 -> 0x61d360 -> 0x37ec3d0 -> 0x61dfe0 -> 0x37ec3d0 -> 0x61dbc0  Has an Average delta: Yes  Average delta: 0x1c718b787d50
/lib/x86_64-linux-gnu/libgomp.so.1, 0x75ab77cab000, .plt.sec, 0x75ab77cb6790, 100, 10
RAX values:   Has an Average delta: No
RBX values:   Has an Average delta: No
RCX values:   Has an Average delta: No
RDX values:   Has an Average delta: No
RSI values:   Has an Average delta: No
RDI values:   Has an Average delta: No
/lib64/ld-linux-x86-64.so.2, 0x75ab8b9ca000, _dl_check_all_versions, 0x75ab8b9e05a0, 98, 1
RAX values:   Has an Average delta: No
RBX values: 0x75ab8ba032e0 -> 0x75ab8ba038c0 -> 0x75ab8a8662d0 -> 0x75ab8a866820 -> 0x75ab8a866d60 -> 0x75ab8ba02ab0 -> 0x0 -> 0x7ffeed95cc10  Has an Average delta: Yes  Average delta: 0x23185ac5f17d
RCX values:   Has an Average delta: No
RDX values:   Has an Average delta: No
RSI values:   Has an Average delta: No
RDI values: 0x75ab8ba032e0 -> 0x75ab8ba038c0 -> 0x75ab8a8662d0 -> 0x75ab8a866820 -> 0x75ab8a866d60 -> 0x75ab8ba02ab0  Has an Average delta: Yes  Average delta: 0x70ba56
/lib64/ld-linux-x86-64.so.2, 0x75ab8b9ca000, init_tls, 0x75ab8b9ea040, 91, 1
RAX values: 0x75ab8ba032e0 -> 0x75ab8ba038c0 -> 0x75ab8a8662d0 -> 0x75ab8a866820 -> 0x75ab8a866d60 -> 0x75ab8ba02ab0 -> 0x0 -> 0x75ab8a146580 -> 0x75ab8a145c00  Has an Average delta: Yes  Average delta: 0x1d6ae2fd07ac
RBX values: 0x2 -> 0x41 -> 0x75ab8a145c00 -> 0x7ffeed95cc10  Has an Average delta: Yes  Average delta: 0x2aaa4f31eeaf
RCX values: 0x2  Has an Average delta: No
RDX values: 0x0 -> 0x0 -> 0x1 -> 0x10  Has an Average delta: Yes  Average delta: 0x5
RSI values: 0x75ab8a145010 -> 0x75ab8a145c00  Has an Average delta: Yes  Average delta: 0xbf0
RDI values: 0x42 -> 0x420 -> 0x0  Has an Average delta: Yes  Average delta: 0x3ff
/home/noamgrosman/technionCourses/binary_translation/ex1/bzip2, 0x400000, myMalloc, 0x403e4f, 84, 6
RAX values: 0x10 -> 0x37ec330 -> 0x7 -> 0x37ec350 -> 0x10 -> 0x37ec370 -> 0x7 -> 0x37ec390 -> 0x10 -> 0x37ec3b0 -> 0xe -> 0x37ec3d0  Has an Average delta: Yes  Average delta: 0x37ec36c
RBX values:   Has an Average delta: No
RCX values:   Has an Average delta: No
RDX values:   Has an Average delta: No
RSI values:   Has an Average delta: No
RDI values: 0x10 -> 0x7 -> 0x10 -> 0x7 -> 0x10 -> 0xe  Has an Average delta: Yes  Average delta: 0x7
/lib/x86_64-linux-gnu/libc.so.6, 0x75ab77a00000, .plt.sec, 0x75ab77a28400, 84, 0
RAX values:   Has an Average delta: No
RBX values:   Has an Average delta: No
RCX values:   Has an Average delta: No
RDX values:   Has an Average delta: No
RSI values:   Has an Average delta: No
RDI values:   Has an Average delta: No
/home/noamgrosman/technionCourses/binary_translation/ex1/bzip2, 0x400000, BZ2_bzWriteOpen, 0x407bfa, 81, 1
RAX values: 0x7ffeed95b93c -> 0x37ec5d0 -> 0x7ffeed95b93c -> 0x37ec7b0 -> 0x37ec7b0 -> 0x37ec7b0 -> 0x37ec7b0 -> 0x37ec7b0 -> 0x37ec7b0 -> 0x37ec7b0 -> 0x37ec7b0 -> 0x37ec7b0 -> 0x37ec7b0 -> 0x37ec7b0 -> 0x37ec7b0  Has an Average delta: Yes  Average delta: 0x1b6d7b4e0f74
RBX values:   Has an Average delta: No
RCX values:   Has an Average delta: No
RDX values: 0x37ec5d0  Has an Average delta: No
RSI values:   Has an Average delta: No
RDI values: 0x37ec5d0 -> 0x37edb48  Has an Average delta: Yes  Average delta: 0x1578
/lib64/ld-linux-x86-64.so.2, 0x75ab8b9ca000, fstatat, 0x75ab8b9ef920, 80, 8
RAX values:   Has an Average delta: No
RBX values:   Has an Average delta: No
RCX values:   Has an Average delta: No
RDX values:   Has an Average delta: No
RSI values:   Has an Average delta: No
RDI values:   Has an Average delta: No
/lib64/ld-linux-x86-64.so.2, 0x75ab8b9ca000, __libc_scratch_buffer_set_array_size, 0x75ab8b9efc40, 75, 3
RAX values: 0x20 -> 0x100 -> 0x22 -> 0x110 -> 0x24 -> 0x120  Has an Average delta: Yes  Average delta: 0xea
RBX values: 0x7ffeed95c730 -> 0x61c390 -> 0x7ffeed95c730 -> 0x10 -> 0x7ffeed95c730 -> 0x10  Has an Average delta: Yes  Average delta: 0x7ffeed6eac20
RCX values: 0x8 -> 0x28 -> 0x0 -> 0x8 -> 0x2a -> 0x0 -> 0x8 -> 0x2c -> 0x0  Has an Average delta: Yes  Average delta: 0x1e
RDX values: 0x0 -> 0x0 -> 0x0  Has an Average delta: Yes  Average delta: 0x0
RSI values:   Has an Average delta: No
RDI values:   Has an Average delta: No
/lib64/ld-linux-x86-64.so.2, 0x75ab8b9ca000, get_common_indices.constprop.0, 0x75ab8b9e2400, 72, 1
RAX values:   Has an Average delta: No
RBX values: 0x68747541  Has an Average delta: No
RCX values:   Has an Average delta: No
RDX values:   Has an Average delta: No
RSI values:   Has an Average delta: No
RDI values:   Has an Average delta: No
/home/noamgrosman/technionCourses/binary_translation/ex1/bzip2, 0x400000, bsFinishWrite, 0x40c8ce, 70, 1
RAX values: 0x37edbb0 -> 0x37edbb0 -> 0x37edbb0 -> 0x43f -> 0x37edbb0 -> 0x37edbb0 -> 0x37edbb0 -> 0x37edbb0 -> 0x37edbb0 -> 0x37edbb0 -> 0x37edbb0 -> 0x37edbb0 -> 0x37edbb0 -> 0x37edbb0 -> 0x440 -> 0x37edbb0 -> 0x37edbb0 -> 0x37edbb0 -> 0x37edbb0 -> 0x37edbb0  Has an Average delta: Yes  Average delta: 0xbc6340
RBX values:   Has an Average delta: No
RCX values:   Has an Average delta: No
RDX values: 0x75ab75e480e5 -> 0x75ab75e48524 -> 0x75ab75e480e5 -> 0x75ab75e48525  Has an Average delta: Yes  Average delta: 0x43f
RSI values:   Has an Average delta: No
RDI values:   Has an Average delta: No
/home/noamgrosman/technionCourses/binary_translation/ex1/bzip2, 0x400000, strcmp@plt, 0x4011c0, 69, 67
RAX values:   Has an Average delta: No
RBX values:   Has an Average delta: No
RCX values:   Has an Average delta: No
RDX values:   Has an Average delta: No
RSI values:   Has an Average delta: No
RDI values:   Has an Average delta: No
/home/noamgrosman/technionCourses/binary_translation/ex1/bzip2, 0x400000, bsPutUInt32, 0x40ca25, 68, 2
RAX values: 0x37edbb0 -> 0x37edbb0 -> 0x37edbb0 -> 0x37edbb0 -> 0x37edbb0 -> 0x37edbb0 -> 0x37edbb0 -> 0x37edbb0  Has an Average delta: Yes  Average delta: 0x0
RBX values:   Has an Average delta: No
RCX values:   Has an Average delta: No
RDX values:   Has an Average delta: No
RSI values:   Has an Average delta: No
RDI values: 0x37edbb0 -> 0x37edbb0 -> 0x37edbb0 -> 0x37edbb0 -> 0x37edbb0 -> 0x37edbb0 -> 0x37edbb0 -> 0x37edbb0  Has an Average delta: Yes  Average delta: 0x0
/home/noamgrosman/technionCourses/binary_translation/ex1/bzip2, 0x400000, BZ2_bzCompressEnd, 0x405e91, 68, 1
RAX values: 0x37edb48 -> 0x37edbb0 -> 0x37edbb0 -> 0x37edb48 -> 0x37edbb0 -> 0x75ab77011010 -> 0x37edb48 -> 0x404f40 -> 0x37edbb0 -> 0x75ab75e47010 -> 0x37edb48 -> 0x404f40 -> 0x37edbb0 -> 0x75ab77c6a010 -> 0x37edb48 -> 0x404f40 -> 0x37edb48 -> 0x404f40 -> 0x37edb48  Has an Average delta: Yes  Average delta: 0x273927e831a7
RBX values:   Has an Average delta: No
RCX values: 0x75ab77011010 -> 0x75ab75e47010 -> 0x75ab77c6a010 -> 0x37edbb0  Has an Average delta: Yes  Average delta: 0x273927c23175
RDX values: 0x37edbb0 -> 0x37edb48 -> 0x0 -> 0x37edbb0 -> 0x37edb48 -> 0x0 -> 0x37edbb0 -> 0x37edb48 -> 0x0 -> 0x37edb48 -> 0x37edb48 -> 0x0  Has an Average delta: Yes  Average delta: 0x2397474
RSI values: 0x75ab77011010 -> 0x75ab75e47010 -> 0x75ab77c6a010 -> 0x37edbb0  Has an Average delta: Yes  Average delta: 0x273927c23175
RDI values: 0x0 -> 0x0 -> 0x0 -> 0x0  Has an Average delta: Yes  Average delta: 0x0
/home/noamgrosman/technionCourses/binary_translation/ex1/bzip2, 0x400000, default_bzalloc, 0x404f13, 60, 4
RAX values: 0xd9d8 -> 0x37edbb0 -> 0x36ee80 -> 0x75ab77011010 -> 0x36ef08 -> 0x75ab75e47010 -> 0x40004 -> 0x75ab77c6a010  Has an Average delta: Yes  Average delta: 0x540cc3618989
RBX values:   Has an Average delta: No
RCX values:   Has an Average delta: No
RDX values:   Has an Average delta: No
RSI values:   Has an Average delta: No
RDI values: 0xd9d8 -> 0x36ee80 -> 0x36ef08 -> 0x40004  Has an Average delta: Yes  Average delta: 0x230166
/lib/x86_64-linux-gnu/libgomp.so.1, 0x75ab77cab000, .plt, 0x75ab77cb6020, 60, 12
RAX values:   Has an Average delta: No
RBX values:   Has an Average delta: No
RCX values:   Has an Average delta: No
RDX values:   Has an Average delta: No
RSI values:   Has an Average delta: No
RDI values:   Has an Average delta: No
/lib64/ld-linux-x86-64.so.2, 0x75ab8b9ca000, bcmp, 0x75ab8b9f0640, 57, 3
RAX values: 0x762d34362d363878 -> 0x33762d34362d3638 -> 0x38362d36342d7633 -> 0xffffffffffffffff -> 0x762d34362d363878 -> 0x32762d34362d3638 -> 0x38362d36342d7632 -> 0xfffffffffffffffe -> 0x762d34362d363878 -> 0x32762d34362d3638 -> 0x38362d36342d7632 -> 0xffffffffffffffff  Has an Average delta: Yes  Average delta: 0xa202f02708d254b
RBX values:   Has an Average delta: No
RCX values: 0x762d34362d363878 -> 0x34762d34362d3638 -> 0x38362d36342d7634 -> 0x762d34362d363878 -> 0x34762d34362d3638 -> 0x38362d36342d7634 -> 0x762d34362d363878 -> 0x33762d34362d3638 -> 0x38362d36342d7633  Has an Average delta: Yes  Average delta: 0x9ca64617a25a967
RDX values:   Has an Average delta: No
RSI values:   Has an Average delta: No
RDI values:   Has an Average delta: No
/lib64/ld-linux-x86-64.so.2, 0x75ab8b9ca000, __tls_init_tp, 0x75ab8b9deed0, 57, 1
RAX values: 0x75ab8a145ec0 -> 0x75ab8a145f10 -> 0x75ab8ba00430 -> 0x75ab8ba00428 -> 0x7ffeed95cf40  Has an Average delta: Yes  Average delta: 0x294d8e05c24
RBX values: 0x75ab8a145c00 -> 0x75ab8a146520 -> 0x920 -> 0x75ab8a145c00  Has an Average delta: Yes  Average delta: 0x4e725c0d92aa
RCX values: 0x75ab8ba030c8  Has an Average delta: No
RDX values: 0x75ab8ba030c8  Has an Average delta: No
RSI values: 0x7ffeed95cb3c  Has an Average delta: No
RDI values: 0x75ab8a145ed0 -> 0x75ab8a145ee0 -> 0x75ab8a146520  Has an Average delta: Yes  Average delta: 0x328
/lib64/ld-linux-x86-64.so.2, 0x75ab8b9ca000, _dl_add_to_slotinfo, 0x75ab8b9debd0, 56, 2
RAX values: 0x41 -> 0x0 -> 0x1 -> 0x41 -> 0x0 -> 0x1  Has an Average delta: Yes  Average delta: 0x27
RBX values: 0x2 -> 0x20 -> 0x75ab8a866d60 -> 0x1 -> 0x10 -> 0x75ab8a8662d0  Has an Average delta: Yes  Average delta: 0x469a1fea3f82
RCX values:   Has an Average delta: No
RDX values:   Has an Average delta: No
RSI values:   Has an Average delta: No
RDI values:   Has an Average delta: No
/lib64/ld-linux-x86-64.so.2, 0x75ab8b9ca000, _dl_hwcaps_subdirs_active, 0x75ab8b9e6e80, 52, 1
RAX values:   Has an Average delta: No
RBX values:   Has an Average delta: No
RCX values:   Has an Average delta: No
RDX values:   Has an Average delta: No
RSI values:   Has an Average delta: No
RDI values:   Has an Average delta: No
/home/noamgrosman/technionCourses/binary_translation/ex1/bzip2, 0x400000, .plt, 0x401050, 50, 25
RAX values:   Has an Average delta: No
RBX values:   Has an Average delta: No
RCX values:   Has an Average delta: No
RDX values:   Has an Average delta: No
RSI values:   Has an Average delta: No
RDI values:   Has an Average delta: No
/home/noamgrosman/technionCourses/binary_translation/ex1/bzip2, 0x400000, myfeof, 0x40168e, 50, 3
RAX values: 0x37ec3f0 -> 0x37ec3f0 -> 0x37ec3f0  Has an Average delta: Yes  Average delta: 0x0
RBX values:   Has an Average delta: No
RCX values:   Has an Average delta: No
RDX values: 0x37ec3f0 -> 0x37ec3f0  Has an Average delta: Yes  Average delta: 0x0
RSI values: 0x37ec3f0 -> 0x37ec3f0  Has an Average delta: Yes  Average delta: 0x0
RDI values: 0x37ec3f0 -> 0x37ec3f0 -> 0x37ec3f0  Has an Average delta: Yes  Average delta: 0x0
/lib64/ld-linux-x86-64.so.2, 0x75ab8b9ca000, stat64, 0x75ab8b9efa00, 48, 8
RAX values:   Has an Average delta: No
RBX values:   Has an Average delta: No
RCX values:   Has an Average delta: No
RDX values: 0x7ffeed95bff0 -> 0x7ffeed95bff0 -> 0x7ffeed95bff0 -> 0x7ffeed95bff0 -> 0x7ffeed95bff0 -> 0x7ffeed95bff0 -> 0x7ffeed95bff0 -> 0x7ffeed95bff0  Has an Average delta: Yes  Average delta: 0x0
RSI values: 0x7ffeed95bf30 -> 0x7ffeed95bf30 -> 0x7ffeed95bf30 -> 0x7ffeed95bf30 -> 0x7ffeed95bf30 -> 0x7ffeed95bf30 -> 0x7ffeed95bf30 -> 0x7ffeed95bf30  Has an Average delta: Yes  Average delta: 0x0
RDI values:   Has an Average delta: No
/home/noamgrosman/technionCourses/binary_translation/ex1/bzip2, 0x400000, default_bzfree, 0x404f40, 48, 4
RAX values: 0x75ab77011010 -> 0x75ab75e47010 -> 0x75ab77c6a010 -> 0x37edbb0  Has an Average delta: Yes  Average delta: 0x273927c23175
RBX values:   Has an Average delta: No
RCX values:   Has an Average delta: No
RDX values:   Has an Average delta: No
RSI values:   Has an Average delta: No
RDI values: 0x75ab77011010 -> 0x75ab75e47010 -> 0x75ab77c6a010 -> 0x37edbb0  Has an Average delta: Yes  Average delta: 0x273927c23175
/lib64/ld-linux-x86-64.so.2, 0x75ab8b9ca000, expand_dynamic_string_token, 0x75ab8b9d0d90, 48, 2
RAX values:   Has an Average delta: No
RBX values: 0x75ab8a866140 -> 0x0 -> 0x75ab8a866160 -> 0x1  Has an Average delta: Yes  Average delta: 0x75ab8a866155
RCX values:   Has an Average delta: No
RDX values:   Has an Average delta: No
RSI values:   Has an Average delta: No
RDI values: 0x75ab8a866140 -> 0x75ab8a866140 -> 0x75ab8a866160 -> 0x75ab8a866160  Has an Average delta: Yes  Average delta: 0xa
/lib64/ld-linux-x86-64.so.2, 0x75ab8b9ca000, __rtld_mutex_init, 0x75ab8b9e7700, 47, 1
RAX values:   Has an Average delta: No
RBX values: 0x75ab8a866d60 -> 0x75ab8a145c00  Has an Average delta: Yes  Average delta: 0x721160
RCX values: 0x75ab8b9f89bf -> 0x75ab8b9f89bf  Has an Average delta: Yes  Average delta: 0x0
RDX values: 0x75ab77a00000 -> 0x75ab77a9fff0 -> 0x75ab77a00000 -> 0x75ab77aa1a70  Has an Average delta: Yes  Average delta: 0xa08c5
RSI values: 0x75ab8b9f8a03 -> 0x75ab8b9f8a31  Has an Average delta: Yes  Average delta: 0x2e
RDI values: 0x75ab8a866d60 -> 0x75ab8a866d60  Has an Average delta: Yes  Average delta: 0x0
/lib64/ld-linux-x86-64.so.2, 0x75ab8b9ca000, _dl_sysdep_read_whole_file, 0x75ab8b9d62d0, 45, 1
RAX values: 0x75ab8a147000  Has an Average delta: No
RBX values: 0x400889  Has an Average delta: No
RCX values:   Has an Average delta: No
RDX values:   Has an Average delta: No
RSI values: 0x7ffeed95bf20 -> 0x51ff  Has an Average delta: Yes  Average delta: 0x7ffeed956d21
RDI values:   Has an Average delta: No
/lib64/ld-linux-x86-64.so.2, 0x75ab8b9ca000, _dl_tls_static_surplus_init, 0x75ab8b9ddd40, 40, 1
RAX values: 0x680  Has an Average delta: No
RBX values: 0x4 -> 0x4 -> 0x4 -> 0x41  Has an Average delta: Yes  Average delta: 0x14
RCX values: 0x200  Has an Average delta: No
RDX values: 0xc  Has an Average delta: No
RSI values: 0x7ffeed95cb28 -> 0x7ffeed95cb28  Has an Average delta: Yes  Average delta: 0x0
RDI values:   Has an Average delta: No
/lib64/ld-linux-x86-64.so.2, 0x75ab8b9ca000, _dl_find_object_init, 0x75ab8b9ceb60, 39, 1
RAX values: 0x7 -> 0x6 -> 0xc0 -> 0x75ab8a146750 -> 0x7ffeed9f601e  Has an Average delta: Yes  Average delta: 0x1fffbb67d806
RBX values: 0x0 -> 0x75ab8a145c00  Has an Average delta: Yes  Average delta: 0x75ab8a145c00
RCX values:   Has an Average delta: No
RDX values:   Has an Average delta: No
RSI values: 0x7  Has an Average delta: No
RDI values: 0x75ab8ba032e0 -> 0x7 -> 0xe0 -> 0x75ab8a146690  Has an Average delta: Yes  Average delta: 0x4e725c918876
/home/noamgrosman/technionCourses/binary_translation/ex1/bzip2, 0x400000, mkCell, 0x403e7d, 39, 3
RAX values: 0x37ec330 -> 0x37ec330 -> 0x37ec330 -> 0x37ec370 -> 0x37ec370 -> 0x37ec370 -> 0x37ec3b0 -> 0x37ec3b0 -> 0x37ec3b0  Has an Average delta: Yes  Average delta: 0x10
RBX values:   Has an Average delta: No
RCX values:   Has an Average delta: No
RDX values:   Has an Average delta: No
RSI values:   Has an Average delta: No
RDI values:   Has an Average delta: No
/lib64/ld-linux-x86-64.so.2, 0x75ab8b9ca000, _dl_sysdep_start, 0x75ab8b9e8ec0, 37, 1
RAX values: 0x401310  Has an Average delta: No
RBX values: 0x75ab8b9eaaf0 -> 0x75ab8ba02ab0  Has an Average delta: Yes  Average delta: 0x17fc0
RCX values: 0x7ffeed95d050  Has an Average delta: No
RDX values: 0x75ab8ba032d8 -> 0x7ffeed95ce50  Has an Average delta: Yes  Average delta: 0xa5361f59b78
RSI values: 0x7ffeed95ce40  Has an Average delta: No
RDI values: 0x7ffeed95cf70 -> 0x7ffeed95d1d9 -> 0x400040  Has an Average delta: Yes  Average delta: 0x3fff76aaea01
/home/noamgrosman/technionCourses/binary_translation/ex1/bzip2, 0x400000, fileExists, 0x402875, 37, 2
RAX values: 0x61dfe0 -> 0x37ec3f0 -> 0x61dbc0  Has an Average delta: Yes  Average delta: 0x31ce620
RBX values:   Has an Average delta: No
RCX values:   Has an Average delta: No
RDX values:   Has an Average delta: No
RSI values:   Has an Average delta: No
RDI values: 0x61dfe0 -> 0x37ec3f0 -> 0x61dbc0  Has an Average delta: Yes  Average delta: 0x31ce620
/lib64/ld-linux-x86-64.so.2, 0x75ab8b9ca000, rtld_mutex_dummy, 0x75ab8b9dee60, 36, 12
RAX values:   Has an Average delta: No
RBX values:   Has an Average delta: No
RCX values:   Has an Average delta: No
RDX values:   Has an Average delta: No
RSI values:   Has an Average delta: No
RDI values:   Has an Average delta: No
/home/noamgrosman/technionCourses/binary_translation/ex1/bzip2, 0x400000, __libc_csu_init, 0x418580, 34, 1
RAX values:   Has an Average delta: No
RBX values: 0x1 -> 0x7ffeed95cf48  Has an Average delta: Yes  Average delta: 0x7ffeed95cf47
RCX values:   Has an Average delta: No
RDX values: 0x7ffeed95cf70  Has an Average delta: No
RSI values: 0x7ffeed95cf48  Has an Average delta: No
RDI values:   Has an Average delta: No
/lib64/ld-linux-x86-64.so.2, 0x75ab8b9ca000, _dl_debug_initialize, 0x75ab8b9cc880, 34, 1
RAX values: 0x0 -> 0x75ab8b9cc820 -> 0x0 -> 0x0 -> 0x75ab8ba032e0 -> 0x75ab8ba03128  Has an Average delta: Yes  Average delta: 0x469a2091f42b
RBX values:   Has an Average delta: No
RCX values: 0x0 -> 0x75ab8ba03128  Has an Average delta: Yes  Average delta: 0x75ab8ba03128
RDX values: 0x0 -> 0x75ab8ba02000  Has an Average delta: Yes  Average delta: 0x75ab8ba02000
RSI values:   Has an Average delta: No
RDI values:   Has an Average delta: No
/lib64/ld-linux-x86-64.so.2, 0x75ab8b9ca000, _dl_cet_check, 0x75ab8b9e1bc0, 33, 1
RAX values:   Has an Average delta: No
RBX values: 0x7ffeed95cc10  Has an Average delta: No
RCX values:   Has an Average delta: No
RDX values: 0x100000001  Has an Average delta: No
RSI values:   Has an Average delta: No
RDI values:   Has an Average delta: No
/home/noamgrosman/technionCourses/binary_translation/ex1/bzip2, 0x400000, applySavedMetaInfoToOutputFile, 0x4029f0, 33, 1
RAX values: 0x6a12b5f9 -> 0x69de48f7 -> 0x61dbc0 -> 0x61dbc0 -> 0x61dbc0  Has an Average delta: Yes  Average delta: 0x1a6c368e
RBX values:   Has an Average delta: No
RCX values:   Has an Average delta: No
RDX values: 0x7ffeed95cce0  Has an Average delta: No
RSI values: 0x7ffeed95cce0  Has an Average delta: No
RDI values: 0x61dbc0 -> 0x61dbc0 -> 0x61dbc0  Has an Average delta: Yes  Average delta: 0x0
/lib64/ld-linux-x86-64.so.2, 0x75ab8b9ca000, _dl_audit_activity_nsid, 0x75ab8b9e49e0, 33, 3
RAX values: 0x0 -> 0x0 -> 0x75ab8ba032e0 -> 0x0 -> 0x0 -> 0x75ab8ba032e0 -> 0x0 -> 0x0 -> 0x75ab8ba032e0  Has an Average delta: Yes  Average delta: 0x498b37441fcc
RBX values:   Has an Average delta: No
RCX values:   Has an Average delta: No
RDX values: 0x75ab8ba02000 -> 0x75ab8ba02000 -> 0x75ab8ba02000  Has an Average delta: Yes  Average delta: 0x0
RSI values:   Has an Average delta: No
RDI values:   Has an Average delta: No
/lib/x86_64-linux-gnu/libgomp.so.1, 0x75ab77cab000, GOACC_get_thread_num, 0x75ab77ce59f0, 33, 0
RAX values:   Has an Average delta: No
RBX values: 0x75ab77d00480 -> 0x0  Has an Average delta: Yes  Average delta: 0x75ab77d00480
RCX values:   Has an Average delta: No
RDX values: 0x75ab77d00840  Has an Average delta: No
RSI values:   Has an Average delta: No
RDI values: 0x75ab77d00480  Has an Average delta: No
/lib64/ld-linux-x86-64.so.2, 0x75ab8b9ca000, strncmp, 0x75ab8b9f2ca0, 32, 1
RAX values: 0x11  Has an Average delta: No
RBX values:   Has an Average delta: No
RCX values: 0x6  Has an Average delta: No
RDX values: 0x1  Has an Average delta: No
RSI values:   Has an Average delta: No
RDI values:   Has an Average delta: No
/lib64/ld-linux-x86-64.so.2, 0x75ab8b9ca000, __set_vma_name, 0x75ab8b9efe10, 32, 2
RAX values:   Has an Average delta: No
RBX values: 0x75ab8a866000 -> 0x140  Has an Average delta: Yes  Average delta: 0x75ab8a865ec0
RCX values:   Has an Average delta: No
RDX values:   Has an Average delta: No
RSI values: 0x7ffeed95caac  Has an Average delta: No
RDI values:   Has an Average delta: No
/lib/x86_64-linux-gnu/libgomp.so.1, 0x75ab77cab000, acc_prof_unregister, 0x75ab77cefcc0, 30, 0
RAX values:   Has an Average delta: No
RBX values: 0x0  Has an Average delta: No
RCX values:   Has an Average delta: No
RDX values:   Has an Average delta: No
RSI values:   Has an Average delta: No
RDI values: 0x75ab77cf5a0c  Has an Average delta: No
/lib64/ld-linux-x86-64.so.2, 0x75ab8b9ca000, _dl_debug_update, 0x75ab8b9cc830, 28, 4
RAX values: 0x75ab8ba03128 -> 0x75ab8ba03128 -> 0x75ab8ba03128 -> 0x75ab8ba03128  Has an Average delta: Yes  Average delta: 0x0
RBX values:   Has an Average delta: No
RCX values:   Has an Average delta: No
RDX values:   Has an Average delta: No
RSI values:   Has an Average delta: No
RDI values:   Has an Average delta: No
/home/noamgrosman/technionCourses/binary_translation/ex1/bzip2, 0x400000, addFlagsFromEnvVar, 0x403f51, 26, 2
RAX values: 0x41a011 -> 0x41a017  Has an Average delta: Yes  Average delta: 0x6
RBX values:   Has an Average delta: No
RCX values:   Has an Average delta: No
RDX values:   Has an Average delta: No
RSI values:   Has an Average delta: No
RDI values: 0x41a011 -> 0x41a017  Has an Average delta: Yes  Average delta: 0x6
/lib64/ld-linux-x86-64.so.2, 0x75ab8b9ca000, _dl_audit_objclose, 0x75ab8b9e4cd0, 25, 5
RAX values:   Has an Average delta: No
RBX values:   Has an Average delta: No
RCX values:   Has an Average delta: No
RDX values:   Has an Average delta: No
RSI values:   Has an Average delta: No
RDI values:   Has an Average delta: No
/lib64/ld-linux-x86-64.so.2, 0x75ab8b9ca000, _dl_call_libc_early_init, 0x75ab8b9cb000, 25, 1
RAX values:   Has an Average delta: No
RBX values: 0x75ab8a866d60 -> 0xd5d7bfa6231  Has an Average delta: Yes  Average delta: 0x684e0e8c0b2f
RCX values: 0x75ab8b9f7b35  Has an Average delta: No
RDX values: 0x75ab77a00000 -> 0x75ab77b854d0  Has an Average delta: Yes  Average delta: 0x1854d0
RSI values: 0x75ab8b9f7b43  Has an Average delta: No
RDI values:   Has an Average delta: No
/home/noamgrosman/technionCourses/binary_translation/ex1/bzip2, 0x400000, fopen_output_safely, 0x4028ba, 25, 1
RAX values: 0x61dbc0 -> 0x37ec5d0  Has an Average delta: Yes  Average delta: 0x31cea10
RBX values:   Has an Average delta: No
RCX values:   Has an Average delta: No
RDX values: 0x419762  Has an Average delta: No
RSI values: 0x419762  Has an Average delta: No
RDI values: 0x61dbc0  Has an Average delta: No
/lib64/ld-linux-x86-64.so.2, 0x75ab8b9ca000, _dl_assign_tls_modid, 0x75ab8b9ddde0, 24, 2
RAX values: 0x1 -> 0x2  Has an Average delta: Yes  Average delta: 0x1
RBX values:   Has an Average delta: No
RCX values: 0x1 -> 0x2  Has an Average delta: Yes  Average delta: 0x1
RDX values:   Has an Average delta: No
RSI values:   Has an Average delta: No
RDI values:   Has an Average delta: No
/lib64/ld-linux-x86-64.so.2, 0x75ab8b9ca000, __GI___fstat64, 0x75ab8b9ef8f0, 24, 4
RAX values:   Has an Average delta: No
RBX values:   Has an Average delta: No
RCX values:   Has an Average delta: No
RDX values:   Has an Average delta: No
RSI values:   Has an Average delta: No
RDI values:   Has an Average delta: No
/lib/x86_64-linux-gnu/libc.so.6, 0x75ab77a00000, .plt.got, 0x75ab77a283e0, 24, 6
RAX values:   Has an Average delta: No
RBX values:   Has an Average delta: No
RCX values:   Has an Average delta: No
RDX values:   Has an Average delta: No
RSI values:   Has an Average delta: No
RDI values:   Has an Average delta: No
/lib64/ld-linux-x86-64.so.2, 0x75ab8b9ca000, mprotect, 0x75ab8b9efdb0, 24, 4
RAX values:   Has an Average delta: No
RBX values:   Has an Average delta: No
RCX values:   Has an Average delta: No
RDX values:   Has an Average delta: No
RSI values:   Has an Average delta: No
RDI values:   Has an Average delta: No
/lib64/ld-linux-x86-64.so.2, 0x75ab8b9ca000, __GI___close_nocancel, 0x75ab8b9efa20, 24, 4
RAX values:   Has an Average delta: No
RBX values:   Has an Average delta: No
RCX values:   Has an Average delta: No
RDX values:   Has an Average delta: No
RSI values:   Has an Average delta: No
RDI values:   Has an Average delta: No
/lib64/ld-linux-x86-64.so.2, 0x75ab8b9ca000, _dl_help, 0x75ab8b9e9270, 23, 0
RAX values: 0x401310  Has an Average delta: No
RBX values:   Has an Average delta: No
RCX values: 0x7ffeed95cf70  Has an Average delta: No
RDX values: 0x4 -> 0x7ffeed95cf48 -> 0x75ab8b9cf380  Has an Average delta: Yes  Average delta: 0x452927c75586
RSI values: 0x4  Has an Average delta: No
RDI values: 0x7ffeed95cf40 -> 0x75ab8ba032e0  Has an Average delta: Yes  Average delta: 0xa5361f59c60
/lib64/ld-linux-x86-64.so.2, 0x75ab8b9ca000, _dl_receive_error, 0x75ab8b9cb3e0, 22, 1
RAX values: 0x75ab8b9e9b20  Has an Average delta: No
RBX values: 0x0 -> 0x7ffeed95cc10  Has an Average delta: Yes  Average delta: 0x7ffeed95cc10
RCX values:   Has an Average delta: No
RDX values:   Has an Average delta: No
RSI values:   Has an Average delta: No
RDI values: 0x7ffeed95cc10  Has an Average delta: No
/home/noamgrosman/technionCourses/binary_translation/ex1/bzip2, 0x400000, strlen@plt, 0x401150, 20, 18
RAX values:   Has an Average delta: No
RBX values:   Has an Average delta: No
RCX values:   Has an Average delta: No
RDX values:   Has an Average delta: No
RSI values:   Has an Average delta: No
RDI values:   Has an Average delta: No
/home/noamgrosman/technionCourses/binary_translation/ex1/bzip2, 0x400000, isempty_RL, 0x404ffc, 20, 2
RAX values: 0x37edbb0 -> 0x37edbb0  Has an Average delta: Yes  Average delta: 0x0
RBX values:   Has an Average delta: No
RCX values:   Has an Average delta: No
RDX values:   Has an Average delta: No
RSI values:   Has an Average delta: No
RDI values:   Has an Average delta: No
/lib64/ld-linux-x86-64.so.2, 0x75ab8b9ca000, _dl_audit_objopen, 0x75ab8b9e4bb0, 20, 4
RAX values:   Has an Average delta: No
RBX values:   Has an Average delta: No
RCX values:   Has an Average delta: No
RDX values:   Has an Average delta: No
RSI values:   Has an Average delta: No
RDI values:   Has an Average delta: No
/home/noamgrosman/technionCourses/binary_translation/ex1/bzip2, 0x400000, init_RL, 0x404fdc, 18, 2
RAX values: 0x37edbb0 -> 0x37edbb0 -> 0x37edbb0 -> 0x37edbb0  Has an Average delta: Yes  Average delta: 0x0
RBX values:   Has an Average delta: No
RCX values:   Has an Average delta: No
RDX values:   Has an Average delta: No
RSI values:   Has an Average delta: No
RDI values:   Has an Average delta: No
/lib64/ld-linux-x86-64.so.2, 0x75ab8b9ca000, __read_nocancel, 0x75ab8b9efbe0, 18, 3
RAX values:   Has an Average delta: No
RBX values:   Has an Average delta: No
RCX values:   Has an Average delta: No
RDX values:   Has an Average delta: No
RSI values:   Has an Average delta: No
RDI values:   Has an Average delta: No
/lib64/ld-linux-x86-64.so.2, 0x75ab8b9ca000, __tls_pre_init_tp, 0x75ab8b9dee70, 17, 1
RAX values: 0x75ab8ba030b8 -> 0x75ab8ba030c8 -> 0x75ab8ba030d8 -> 0x75ab8b9dee60  Has an Average delta: Yes  Average delta: 0xc0dd
RBX values:   Has an Average delta: No
RCX values:   Has an Average delta: No
RDX values:   Has an Average delta: No
RSI values:   Has an Average delta: No
RDI values:   Has an Average delta: No
/lib64/ld-linux-x86-64.so.2, 0x75ab8b9ca000, _dl_audit_activity_map, 0x75ab8b9e4930, 17, 1
RAX values:   Has an Average delta: No
RBX values: 0x0 -> 0x400888  Has an Average delta: Yes  Average delta: 0x400888
RCX values:   Has an Average delta: No
RDX values:   Has an Average delta: No
RSI values:   Has an Average delta: No
RDI values:   Has an Average delta: No
/home/noamgrosman/technionCourses/binary_translation/ex1/bzip2, 0x400000, flush_RL, 0x405628, 16, 1
RAX values: 0x37edbb0 -> 0x37edbb0 -> 0x37edbb0  Has an Average delta: Yes  Average delta: 0x0
RBX values:   Has an Average delta: No
RCX values:   Has an Average delta: No
RDX values:   Has an Average delta: No
RSI values:   Has an Average delta: No
RDI values: 0x37edbb0 -> 0x37edbb0  Has an Average delta: Yes  Average delta: 0x0
/lib64/ld-linux-x86-64.so.2, 0x75ab8b9ca000, __sbrk, 0x75ab8b9ef300, 16, 1
RAX values: 0x37ec000  Has an Average delta: No
RBX values: 0x0 -> 0x75ab8b9eaaf0  Has an Average delta: Yes  Average delta: 0x75ab8b9eaaf0
RCX values:   Has an Average delta: No
RDX values:   Has an Average delta: No
RSI values:   Has an Average delta: No
RDI values:   Has an Average delta: No
/lib64/ld-linux-x86-64.so.2, 0x75ab8b9ca000, version_check_doit, 0x75ab8b9e9c70, 15, 1
RAX values:   Has an Average delta: No
RBX values: 0x7ffeed95cc10 -> 0x0  Has an Average delta: Yes  Average delta: 0x7ffeed95cc10
RCX values:   Has an Average delta: No
RDX values:   Has an Average delta: No
RSI values:   Has an Average delta: No
RDI values: 0x75ab8ba032e0  Has an Average delta: No
/lib64/ld-linux-x86-64.so.2, 0x75ab8b9ca000, __minimal_free, 0x75ab8b9d6200, 15, 3
RAX values:   Has an Average delta: No
RBX values:   Has an Average delta: No
RCX values: 0x75ab8a8661c0 -> 0x75ab8a866240 -> 0x75ab8a866240  Has an Average delta: Yes  Average delta: 0x40
RDX values:   Has an Average delta: No
RSI values:   Has an Average delta: No
RDI values:   Has an Average delta: No
/home/noamgrosman/technionCourses/binary_translation/ex1/bzip2, 0x400000, ferror@plt, 0x4010f0, 15, 13
RAX values:   Has an Average delta: No
RBX values:   Has an Average delta: No
RCX values:   Has an Average delta: No
RDX values:   Has an Average delta: No
RSI values:   Has an Average delta: No
RDI values:   Has an Average delta: No
/lib64/ld-linux-x86-64.so.2, 0x75ab8b9ca000, __GI___pread64_nocancel, 0x75ab8b9efbb0, 14, 2
RAX values:   Has an Average delta: No
RBX values:   Has an Average delta: No
RCX values:   Has an Average delta: No
RDX values:   Has an Average delta: No
RSI values:   Has an Average delta: No
RDI values:   Has an Average delta: No
/lib64/ld-linux-x86-64.so.2, 0x75ab8b9ca000, _dl_sort_maps_init, 0x75ab8b9dd370, 14, 1
RAX values:   Has an Average delta: No
RBX values:   Has an Average delta: No
RCX values:   Has an Average delta: No
RDX values:   Has an Average delta: No
RSI values: 0x7ffeed95ce2c  Has an Average delta: No
RDI values:   Has an Average delta: No
/lib64/ld-linux-x86-64.so.2, 0x75ab8b9ca000, _dl_hwcaps_split, 0x75ab8b9e6f40, 13, 1
RAX values:   Has an Average delta: No
RBX values: 0x0 -> 0x0  Has an Average delta: Yes  Average delta: 0x0
RCX values:   Has an Average delta: No
RDX values:   Has an Average delta: No
RSI values:   Has an Average delta: No
RDI values:   Has an Average delta: No
/home/noamgrosman/technionCourses/binary_translation/ex1/bzip2, 0x400000, saveInputFileMetaInfo, 0x4029c3, 13, 1
RAX values: 0x61dfe0  Has an Average delta: No
RBX values:   Has an Average delta: No
RCX values:   Has an Average delta: No
RDX values:   Has an Average delta: No
RSI values:   Has an Average delta: No
RDI values: 0x61dfe0  Has an Average delta: No
/home/noamgrosman/technionCourses/binary_translation/ex1/bzip2, 0x400000, register_tm_clones, 0x401390, 13, 1
RAX values: 0x0 -> 0x0 -> 0x0  Has an Average delta: Yes  Average delta: 0x0
RBX values:   Has an Average delta: No
RCX values:   Has an Average delta: No
RDX values: 0x0 -> 0x0  Has an Average delta: Yes  Average delta: 0x0
RSI values: 0x0 -> 0x0  Has an Average delta: Yes  Average delta: 0x0
RDI values:   Has an Average delta: No
/home/noamgrosman/technionCourses/binary_translation/ex1/bzip2, 0x400000, malloc@plt, 0x401220, 13, 11
RAX values:   Has an Average delta: No
RBX values:   Has an Average delta: No
RCX values:   Has an Average delta: No
RDX values:   Has an Average delta: No
RSI values:   Has an Average delta: No
RDI values:   Has an Average delta: No
/home/noamgrosman/technionCourses/binary_translation/ex1/bzip2, 0x400000, free@plt, 0x401080, 13, 11
RAX values:   Has an Average delta: No
RBX values:   Has an Average delta: No
RCX values:   Has an Average delta: No
RDX values:   Has an Average delta: No
RSI values:   Has an Average delta: No
RDI values:   Has an Average delta: No
/lib/x86_64-linux-gnu/libpthread.so.0, 0x75ab78361000, __do_global_dtors_aux, 0x75ab783620b0, 13, 1
RAX values:   Has an Average delta: No
RBX values:   Has an Average delta: No
RCX values:   Has an Average delta: No
RDX values:   Has an Average delta: No
RSI values:   Has an Average delta: No
RDI values: 0x75ab78365000  Has an Average delta: No
/lib64/ld-linux-x86-64.so.2, 0x75ab8b9ca000, _dl_unload_cache, 0x75ab8b9e1390, 13, 1
RAX values: 0x75ab8a146fff  Has an Average delta: No
RBX values:   Has an Average delta: No
RCX values:   Has an Average delta: No
RDX values:   Has an Average delta: No
RSI values: 0x51ff  Has an Average delta: No
RDI values: 0x75ab8a147000  Has an Average delta: No
/lib/x86_64-linux-gnu/libgomp.so.1, 0x75ab77cab000, acc_on_device, 0x75ab77ce70c0, 12, 0
RAX values:   Has an Average delta: No
RBX values:   Has an Average delta: No
RCX values:   Has an Average delta: No
RDX values:   Has an Average delta: No
RSI values: 0x75ab77ce5f20  Has an Average delta: No
RDI values: 0x75ab77d00898  Has an Average delta: No
/home/noamgrosman/technionCourses/binary_translation/ex1/bzip2, 0x400000, _start, 0x401310, 11, 1
RAX values:   Has an Average delta: No
RBX values:   Has an Average delta: No
RCX values: 0x418580  Has an Average delta: No
RDX values: 0x7ffeed95cf48  Has an Average delta: No
RSI values: 0x4  Has an Average delta: No
RDI values: 0x4040af  Has an Average delta: No
/lib/x86_64-linux-gnu/libpthread.so.0, 0x75ab78361000, register_tm_clones, 0x75ab78362070, 10, 1
RAX values: 0x0 -> 0x0  Has an Average delta: Yes  Average delta: 0x0
RBX values:   Has an Average delta: No
RCX values:   Has an Average delta: No
RDX values:   Has an Average delta: No
RSI values: 0x75ab78365008 -> 0x0 -> 0x0 -> 0x0 -> 0x0  Has an Average delta: Yes  Average delta: 0x1d6ade0d9402
RDI values: 0x75ab78365008  Has an Average delta: No
/lib64/ld-linux-x86-64.so.2, 0x75ab8b9ca000, __rtld_malloc_init_stubs, 0x75ab8b9e71f0, 10, 1
RAX values: 0x75ab8b9d61c0 -> 0x75ab8b9d6200 -> 0x75ab8b9d6070 -> 0x75ab8b9d6240  Has an Average delta: Yes  Average delta: 0x135
RBX values:   Has an Average delta: No
RCX values:   Has an Average delta: No
RDX values:   Has an Average delta: No
RSI values:   Has an Average delta: No
RDI values:   Has an Average delta: No
/lib64/ld-linux-x86-64.so.2, 0x75ab8b9ca000, access, 0x75ab8b9ef8c0, 9, 1
RAX values:   Has an Average delta: No
RBX values:   Has an Average delta: No
RCX values:   Has an Average delta: No
RDX values:   Has an Average delta: No
RSI values:   Has an Average delta: No
RDI values:   Has an Average delta: No
/home/noamgrosman/technionCourses/binary_translation/ex1/bzip2, 0x400000, BZ2_bsInitWrite, 0x40c8a8, 9, 1
RAX values: 0x37edbb0 -> 0x37edbb0  Has an Average delta: Yes  Average delta: 0x0
RBX values:   Has an Average delta: No
RCX values:   Has an Average delta: No
RDX values:   Has an Average delta: No
RSI values:   Has an Average delta: No
RDI values:   Has an Average delta: No
/home/noamgrosman/technionCourses/binary_translation/ex1/bzip2, 0x400000, stat, 0x418610, 8, 2
RAX values:   Has an Average delta: No
RBX values:   Has an Average delta: No
RCX values:   Has an Average delta: No
RDX values: 0x7ffeed95cd20 -> 0x61d2c0  Has an Average delta: Yes  Average delta: 0x7ffeed33fa60
RSI values: 0x61dfe0 -> 0x61dfe0  Has an Average delta: Yes  Average delta: 0x0
RDI values:   Has an Average delta: No
/home/noamgrosman/technionCourses/binary_translation/ex1/bzip2, 0x400000, strstr@plt, 0x4012f0, 8, 6
RAX values:   Has an Average delta: No
RBX values:   Has an Average delta: No
RCX values:   Has an Average delta: No
RDX values:   Has an Average delta: No
RSI values:   Has an Average delta: No
RDI values:   Has an Average delta: No
/home/noamgrosman/technionCourses/binary_translation/ex1/bzip2, 0x400000, __do_global_dtors_aux, 0x4013d0, 8, 1
RAX values:   Has an Average delta: No
RBX values:   Has an Average delta: No
RCX values:   Has an Average delta: No
RDX values:   Has an Average delta: No
RSI values:   Has an Average delta: No
RDI values:   Has an Average delta: No
/lib64/ld-linux-x86-64.so.2, 0x75ab8b9ca000, __brk, 0x75ab8b9ee9c0, 8, 1
RAX values:   Has an Average delta: No
RBX values:   Has an Average delta: No
RCX values:   Has an Average delta: No
RDX values:   Has an Average delta: No
RSI values:   Has an Average delta: No
RDI values:   Has an Average delta: No
/home/noamgrosman/technionCourses/binary_translation/ex1/bzip2, 0x400000, deregister_tm_clones, 0x401360, 8, 1
RAX values: 0x7  Has an Average delta: No
RBX values:   Has an Average delta: No
RCX values:   Has an Average delta: No
RDX values:   Has an Average delta: No
RSI values:   Has an Average delta: No
RDI values:   Has an Average delta: No
/lib/x86_64-linux-gnu/libpthread.so.0, 0x75ab78361000, _init, 0x75ab78362000, 7, 1
RAX values: 0x0  Has an Average delta: No
RBX values:   Has an Average delta: No
RCX values:   Has an Average delta: No
RDX values:   Has an Average delta: No
RSI values:   Has an Average delta: No
RDI values:   Has an Average delta: No
/home/noamgrosman/technionCourses/binary_translation/ex1/bzip2, 0x400000, _fini, 0x418630, 7, 1
RAX values:   Has an Average delta: No
RBX values:   Has an Average delta: No
RCX values:   Has an Average delta: No
RDX values:   Has an Average delta: No
RSI values:   Has an Average delta: No
RDI values:   Has an Average delta: No
/home/noamgrosman/technionCourses/binary_translation/ex1/bzip2, 0x400000, signal@plt, 0x4011d0, 7, 5
RAX values:   Has an Average delta: No
RBX values:   Has an Average delta: No
RCX values:   Has an Average delta: No
RDX values:   Has an Average delta: No
RSI values:   Has an Average delta: No
RDI values:   Has an Average delta: No
/home/noamgrosman/technionCourses/binary_translation/ex1/bzip2, 0x400000, strncpy@plt, 0x4010a0, 7, 5
RAX values:   Has an Average delta: No
RBX values:   Has an Average delta: No
RCX values:   Has an Average delta: No
RDX values:   Has an Average delta: No
RSI values:   Has an Average delta: No
RDI values:   Has an Average delta: No
/lib/x86_64-linux-gnu/libgomp.so.1, 0x75ab77cab000, _init, 0x75ab77cb6000, 7, 1
RAX values: 0x0  Has an Average delta: No
RBX values:   Has an Average delta: No
RCX values:   Has an Average delta: No
RDX values:   Has an Average delta: No
RSI values:   Has an Average delta: No
RDI values:   Has an Average delta: No
/home/noamgrosman/technionCourses/binary_translation/ex1/bzip2, 0x400000, containsDubiousChars, 0x402a74, 6, 1
RAX values:   Has an Average delta: No
RBX values:   Has an Average delta: No
RCX values:   Has an Average delta: No
RDX values:   Has an Average delta: No
RSI values:   Has an Average delta: No
RDI values:   Has an Average delta: No
/home/noamgrosman/technionCourses/binary_translation/ex1/bzip2, 0x400000, call_gmon_start, 0x40133c, 6, 1
RAX values: 0x0  Has an Average delta: No
RBX values:   Has an Average delta: No
RCX values:   Has an Average delta: No
RDX values:   Has an Average delta: No
RSI values:   Has an Average delta: No
RDI values:   Has an Average delta: No
/lib64/ld-linux-x86-64.so.2, 0x75ab8b9ca000, munmap, 0x75ab8b9efde0, 6, 1
RAX values:   Has an Average delta: No
RBX values:   Has an Average delta: No
RCX values:   Has an Average delta: No
RDX values:   Has an Average delta: No
RSI values:   Has an Average delta: No
RDI values:   Has an Average delta: No
/lib64/ld-linux-x86-64.so.2, 0x75ab8b9ca000, _dl_count_modids, 0x75ab8b9ddf00, 6, 1
RAX values: 0x0  Has an Average delta: No
RBX values:   Has an Average delta: No
RCX values:   Has an Average delta: No
RDX values:   Has an Average delta: No
RSI values: 0x0  Has an Average delta: No
RDI values:   Has an Average delta: No
/lib64/ld-linux-x86-64.so.2, 0x75ab8b9ca000, __x86_cpu_features_ifunc, 0x75ab8b9e48d0, 6, 1
RAX values:   Has an Average delta: No
RBX values:   Has an Average delta: No
RCX values:   Has an Average delta: No
RDX values:   Has an Average delta: No
RSI values:   Has an Average delta: No
RDI values:   Has an Average delta: No
/lib64/ld-linux-x86-64.so.2, 0x75ab8b9ca000, _dl_x86_init_cpu_features, 0x75ab8b9e4900, 5, 1
RAX values:   Has an Average delta: No
RBX values:   Has an Average delta: No
RCX values:   Has an Average delta: No
RDX values:   Has an Average delta: No
RSI values:   Has an Average delta: No
RDI values:   Has an Average delta: No
/home/noamgrosman/technionCourses/binary_translation/ex1/bzip2, 0x400000, strcpy@plt, 0x4010d0, 5, 3
RAX values:   Has an Average delta: No
RBX values:   Has an Average delta: No
RCX values:   Has an Average delta: No
RDX values:   Has an Average delta: No
RSI values:   Has an Average delta: No
RDI values:   Has an Average delta: No
/home/noamgrosman/technionCourses/binary_translation/ex1/bzip2, 0x400000, fopen@plt, 0x401290, 5, 3
RAX values:   Has an Average delta: No
RBX values:   Has an Average delta: No
RCX values:   Has an Average delta: No
RDX values:   Has an Average delta: No
RSI values:   Has an Average delta: No
RDI values:   Has an Average delta: No
/home/noamgrosman/technionCourses/binary_translation/ex1/bzip2, 0x400000, fgetc@plt, 0x401180, 5, 3
RAX values:   Has an Average delta: No
RBX values:   Has an Average delta: No
RCX values:   Has an Average delta: No
RDX values:   Has an Average delta: No
RSI values:   Has an Average delta: No
RDI values:   Has an Average delta: No
/home/noamgrosman/technionCourses/binary_translation/ex1/bzip2, 0x400000, strncmp@plt, 0x4010c0, 5, 3
RAX values:   Has an Average delta: No
RBX values:   Has an Average delta: No
RCX values:   Has an Average delta: No
RDX values:   Has an Average delta: No
RSI values:   Has an Average delta: No
RDI values:   Has an Average delta: No
/lib/x86_64-linux-gnu/libpthread.so.0, 0x75ab78361000, deregister_tm_clones, 0x75ab78362040, 5, 1
RAX values: 0x75ab78365008  Has an Average delta: No
RBX values:   Has an Average delta: No
RCX values:   Has an Average delta: No
RDX values:   Has an Average delta: No
RSI values:   Has an Average delta: No
RDI values: 0x75ab78365008  Has an Average delta: No
/home/noamgrosman/technionCourses/binary_translation/ex1/bzip2, 0x400000, fclose@plt, 0x401120, 5, 3
RAX values:   Has an Average delta: No
RBX values:   Has an Average delta: No
RCX values:   Has an Average delta: No
RDX values:   Has an Average delta: No
RSI values:   Has an Average delta: No
RDI values:   Has an Average delta: No
/home/noamgrosman/technionCourses/binary_translation/ex1/bzip2, 0x400000, bz_config_ok, 0x404f08, 5, 1
RAX values:   Has an Average delta: No
RBX values:   Has an Average delta: No
RCX values:   Has an Average delta: No
RDX values:   Has an Average delta: No
RSI values:   Has an Average delta: No
RDI values:   Has an Average delta: No
/lib64/ld-linux-x86-64.so.2, 0x75ab8b9ca000, _dl_audit_preinit, 0x75ab8b9e4da0, 5, 1
RAX values:   Has an Average delta: No
RBX values:   Has an Average delta: No
RCX values:   Has an Average delta: No
RDX values:   Has an Average delta: No
RSI values:   Has an Average delta: No
RDI values:   Has an Average delta: No
/lib64/ld-linux-x86-64.so.2, 0x75ab8b9ca000, _dl_cet_setup_features, 0x75ab8b9e1b40, 4, 1
RAX values:   Has an Average delta: No
RBX values:   Has an Average delta: No
RCX values:   Has an Average delta: No
RDX values:   Has an Average delta: No
RSI values:   Has an Average delta: No
RDI values:   Has an Average delta: No
/lib64/ld-linux-x86-64.so.2, 0x75ab8b9ca000, _dl_debug_state, 0x75ab8b9cc820, 4, 2
RAX values:   Has an Average delta: No
RBX values:   Has an Average delta: No
RCX values:   Has an Average delta: No
RDX values:   Has an Average delta: No
RSI values:   Has an Average delta: No
RDI values:   Has an Average delta: No
/home/noamgrosman/technionCourses/binary_translation/ex1/bzip2, 0x400000, fread@plt, 0x401110, 4, 2
RAX values:   Has an Average delta: No
RBX values:   Has an Average delta: No
RCX values:   Has an Average delta: No
RDX values:   Has an Average delta: No
RSI values:   Has an Average delta: No
RDI values:   Has an Average delta: No
/home/noamgrosman/technionCourses/binary_translation/ex1/bzip2, 0x400000, ungetc@plt, 0x401240, 4, 2
RAX values:   Has an Average delta: No
RBX values:   Has an Average delta: No
RCX values:   Has an Average delta: No
RDX values:   Has an Average delta: No
RSI values:   Has an Average delta: No
RDI values:   Has an Average delta: No
/lib/x86_64-linux-gnu/libgomp.so.1, 0x75ab77cab000, .fini, 0x75ab77cf1ce4, 4, 1
RAX values:   Has an Average delta: No
RBX values:   Has an Average delta: No
RCX values:   Has an Average delta: No
RDX values:   Has an Average delta: No
RSI values:   Has an Average delta: No
RDI values:   Has an Average delta: No
/home/noamgrosman/technionCourses/binary_translation/ex1/bzip2, 0x400000, getenv@plt, 0x401060, 4, 2
RAX values:   Has an Average delta: No
RBX values:   Has an Average delta: No
RCX values:   Has an Average delta: No
RDX values:   Has an Average delta: No
RSI values:   Has an Average delta: No
RDI values:   Has an Average delta: No
/home/noamgrosman/technionCourses/binary_translation/ex1/bzip2, 0x400000, __xstat@plt, 0x401210, 4, 2
RAX values:   Has an Average delta: No
RBX values:   Has an Average delta: No
RCX values:   Has an Average delta: No
RDX values:   Has an Average delta: No
RSI values:   Has an Average delta: No
RDI values:   Has an Average delta: No
/home/noamgrosman/technionCourses/binary_translation/ex1/bzip2, 0x400000, fflush@plt, 0x401230, 4, 2
RAX values:   Has an Average delta: No
RBX values:   Has an Average delta: No
RCX values:   Has an Average delta: No
RDX values:   Has an Average delta: No
RSI values:   Has an Average delta: No
RDI values:   Has an Average delta: No
/home/noamgrosman/technionCourses/binary_translation/ex1/bzip2, 0x400000, _init, 0x401038, 4, 1
RAX values:   Has an Average delta: No
RBX values:   Has an Average delta: No
RCX values:   Has an Average delta: No
RDX values:   Has an Average delta: No
RSI values:   Has an Average delta: No
RDI values:   Has an Average delta: No
/lib/x86_64-linux-gnu/libpthread.so.0, 0x75ab78361000, _fini, 0x75ab78362108, 4, 1
RAX values:   Has an Average delta: No
RBX values:   Has an Average delta: No
RCX values:   Has an Average delta: No
RDX values:   Has an Average delta: No
RSI values:   Has an Average delta: No
RDI values:   Has an Average delta: No
/home/noamgrosman/technionCourses/binary_translation/ex1/bzip2, 0x400000, fwrite@plt, 0x4012d0, 3, 1
RAX values:   Has an Average delta: No
RBX values:   Has an Average delta: No
RCX values:   Has an Average delta: No
RDX values:   Has an Average delta: No
RSI values:   Has an Average delta: No
RDI values:   Has an Average delta: No
/home/noamgrosman/technionCourses/binary_translation/ex1/bzip2, 0x400000, __libc_start_main@plt, 0x4011b0, 3, 1
RAX values:   Has an Average delta: No
RBX values:   Has an Average delta: No
RCX values:   Has an Average delta: No
RDX values:   Has an Average delta: No
RSI values:   Has an Average delta: No
RDI values:   Has an Average delta: No
/home/noamgrosman/technionCourses/binary_translation/ex1/bzip2, 0x400000, utime@plt, 0x401070, 3, 1
RAX values:   Has an Average delta: No
RBX values:   Has an Average delta: No
RCX values:   Has an Average delta: No
RDX values:   Has an Average delta: No
RSI values:   Has an Average delta: No
RDI values:   Has an Average delta: No
/home/noamgrosman/technionCourses/binary_translation/ex1/bzip2, 0x400000, open@plt, 0x401280, 3, 1
RAX values:   Has an Average delta: No
RBX values:   Has an Average delta: No
RCX values:   Has an Average delta: No
RDX values:   Has an Average delta: No
RSI values:   Has an Average delta: No
RDI values:   Has an Average delta: No
/home/noamgrosman/technionCourses/binary_translation/ex1/bzip2, 0x400000, chmod@plt, 0x401270, 3, 1
RAX values:   Has an Average delta: No
RBX values:   Has an Average delta: No
RCX values:   Has an Average delta: No
RDX values:   Has an Average delta: No
RSI values:   Has an Average delta: No
RDI values:   Has an Average delta: No
/home/noamgrosman/technionCourses/binary_translation/ex1/bzip2, 0x400000, fdopen@plt, 0x401260, 3, 1
RAX values:   Has an Average delta: No
RBX values:   Has an Average delta: No
RCX values:   Has an Average delta: No
RDX values:   Has an Average delta: No
RSI values:   Has an Average delta: No
RDI values:   Has an Average delta: No
/home/noamgrosman/technionCourses/binary_translation/ex1/bzip2, 0x400000, frame_dummy, 0x4013f0, 3, 1
RAX values:   Has an Average delta: No
RBX values:   Has an Average delta: No
RCX values:   Has an Average delta: No
RDX values:   Has an Average delta: No
RSI values:   Has an Average delta: No
RDI values:   Has an Average delta: No
/home/noamgrosman/technionCourses/binary_translation/ex1/bzip2, 0x400000, chown@plt, 0x401250, 3, 1
RAX values:   Has an Average delta: No
RBX values:   Has an Average delta: No
RCX values:   Has an Average delta: No
RDX values:   Has an Average delta: No
RSI values:   Has an Average delta: No
RDI values:   Has an Average delta: No
/lib64/ld-linux-x86-64.so.2, 0x75ab8b9ca000, _dl_sysdep_start_cleanup, 0x75ab8b9e8f80, 2, 1
RAX values:   Has an Average delta: No
RBX values:   Has an Average delta: No
RCX values:   Has an Average delta: No
RDX values:   Has an Average delta: No
RSI values:   Has an Average delta: No
RDI values:   Has an Average delta: No
/lib/x86_64-linux-gnu/libgomp.so.1, 0x75ab77cab000, .plt.got, 0x75ab77cb6770, 2, 0
RAX values:   Has an Average delta: No
RBX values:   Has an Average delta: No
RCX values:   Has an Average delta: No
RDX values:   Has an Average delta: No
RSI values:   Has an Average delta: No
RDI values:   Has an Average delta: No
/lib/x86_64-linux-gnu/libpthread.so.0, 0x75ab78361000, .plt.got, 0x75ab78362030, 2, 1
RAX values:   Has an Average delta: No
RBX values:   Has an Average delta: No
RCX values:   Has an Average delta: No
RDX values:   Has an Average delta: No
RSI values:   Has an Average delta: No
RDI values:   Has an Average delta: No
/lib/x86_64-linux-gnu/libpthread.so.0, 0x75ab78361000, frame_dummy, 0x75ab783620f0, 2, 1
RAX values:   Has an Average delta: No
RBX values:   Has an Average delta: No
RCX values:   Has an Average delta: No
RDX values:   Has an Average delta: No
RSI values:   Has an Average delta: No
RDI values:   Has an Average delta: No
